cluster_id,n_cells,n_cells_used,top_50_markers,bottom_50_markers,family_50_markers,mean_umi,mean_genes_expressed,pct_mitochondrial,top_50_markers_ensembl,bottom_50_markers_ensembl,family_50_markers_ensembl
C001,457,457,apoltp;slc22a7b.4;slc38a3a;slc8a1b;cygb1;qkib;lamc3;ca4a;ndnfl;tafa5b;msi2b;sema6ba;atp1b4;colec12;igfbp2a;slc6a13;ccbe1;kcnd3;zic3;col23a1b;klhdc8b;itga8;lama2;antxr1a;slc4a4a;kcnh5a;ntd5;robo1;smoc2;ltk;dgkh;fstl1a;gulp1a;adamts10;flvcr2b;myo1f;arrb1;jcada;htr2cl1;gja1b;pcbp4;zeb2b;lrp1aa;ror1;sdk1a;crhr1;nid1b;usp43b;lama1;pdgfra,aep1;omc2;hsd17b12a;pnp5a;crybg1b;f11r.1;capn9;rhpn2;lmo7a;ppl;dhrs11a;fam169aa;cldne;evplb;myo5b;znf185;anxa1c;abcb5;icn2;tcnbb;cyt1;nos1;elf1;cd99;spaca4l;pkp3a;agr1;evpla;icn;epas1a;fras1;pawr;cdh1;krt1-19e;krt5;spns2;ywhabl;fbxo2;cyt1l;abca12;myh14;dspb;myh9a;perp;sec23b;fgfr3;bcam;piezo1;cavin2b;krt4,apoltp;slc22a7b.4;slc38a3a;slc8a1b;cygb1;qkib;lamc3;ca4a;ndnfl;tafa5b;msi2b;sema6ba;atp1b4;colec12;igfbp2a;slc6a13;ccbe1;kcnd3;zic3;col23a1b;klhdc8b;itga8;lama2;antxr1a;slc4a4a;kcnh5a;ntd5;robo1;smoc2;ltk;dgkh;fstl1a;gulp1a;adamts10;flvcr2b;myo1f;arrb1;jcada;htr2cl1;gja1b;pcbp4;zeb2b;lrp1aa;ror1;sdk1a;crhr1;nid1b;usp43b;lama1;pdgfra,477.0,327.7,3.96,ENSDARG00000090623;ENSDARG00000056652;ENSDARG00000027065;ENSDARG00000043406;ENSDARG00000099371;ENSDARG00000002026;ENSDARG00000093572;ENSDARG00000043589;ENSDARG00000076462;ENSDARG00000045608;ENSDARG00000032614;ENSDARG00000036626;ENSDARG00000053262;ENSDARG00000061140;ENSDARG00000052470;ENSDARG00000067567;ENSDARG00000086158;ENSDARG00000056101;ENSDARG00000071497;ENSDARG00000089078;ENSDARG00000090787;ENSDARG00000078717;ENSDARG00000099390;ENSDARG00000025672;ENSDARG00000013730;ENSDARG00000043220;ENSDARG00000040944;ENSDARG00000026784;ENSDARG00000088157;ENSDARG00000042861;ENSDARG00000018716;ENSDARG00000015559;ENSDARG00000001733;ENSDARG00000075188;ENSDARG00000031506;ENSDARG00000078734;ENSDARG00000043241;ENSDARG00000089871;ENSDARG00000018228;ENSDARG00000041799;ENSDARG00000024276;ENSDARG00000078416;ENSDARG00000097827;ENSDARG00000015176;ENSDARG00000078866;ENSDARG00000003989;ENSDARG00000103129;ENSDARG00000088072;ENSDARG00000102277;ENSDARG00000070494,ENSDARG00000039099;ENSDARG00000117474;ENSDARG00000015709;ENSDARG00000078619;ENSDARG00000006060;ENSDARG00000017320;ENSDARG00000012341;ENSDARG00000014577;ENSDARG00000004930;ENSDARG00000101043;ENSDARG00000046090;ENSDARG00000059719;ENSDARG00000043128;ENSDARG00000103459;ENSDARG00000062003;ENSDARG00000103917;ENSDARG00000104359;ENSDARG00000021787;ENSDARG00000055514;ENSDARG00000091996;ENSDARG00000092947;ENSDARG00000068910;ENSDARG00000020759;ENSDARG00000051975;ENSDARG00000116617;ENSDARG00000051861;ENSDARG00000060682;ENSDARG00000019808;ENSDARG00000009978;ENSDARG00000008697;ENSDARG00000054619;ENSDARG00000045486;ENSDARG00000102750;ENSDARG00000090268;ENSDARG00000058371;ENSDARG00000061017;ENSDARG00000040287;ENSDARG00000099306;ENSDARG00000036832;ENSDARG00000074749;ENSDARG00000073732;ENSDARG00000076673;ENSDARG00000063295;ENSDARG00000063572;ENSDARG00000019360;ENSDARG00000004782;ENSDARG00000090190;ENSDARG00000076870;ENSDARG00000071196;ENSDARG00000017624,ENSDARG00000090623;ENSDARG00000056652;ENSDARG00000027065;ENSDARG00000043406;ENSDARG00000099371;ENSDARG00000002026;ENSDARG00000093572;ENSDARG00000043589;ENSDARG00000076462;ENSDARG00000045608;ENSDARG00000032614;ENSDARG00000036626;ENSDARG00000053262;ENSDARG00000061140;ENSDARG00000052470;ENSDARG00000067567;ENSDARG00000086158;ENSDARG00000056101;ENSDARG00000071497;ENSDARG00000089078;ENSDARG00000090787;ENSDARG00000078717;ENSDARG00000099390;ENSDARG00000025672;ENSDARG00000013730;ENSDARG00000043220;ENSDARG00000040944;ENSDARG00000026784;ENSDARG00000088157;ENSDARG00000042861;ENSDARG00000018716;ENSDARG00000015559;ENSDARG00000001733;ENSDARG00000075188;ENSDARG00000031506;ENSDARG00000078734;ENSDARG00000043241;ENSDARG00000089871;ENSDARG00000018228;ENSDARG00000041799;ENSDARG00000024276;ENSDARG00000078416;ENSDARG00000097827;ENSDARG00000015176;ENSDARG00000078866;ENSDARG00000003989;ENSDARG00000103129;ENSDARG00000088072;ENSDARG00000102277;ENSDARG00000070494
C002,873,873,hpdb;vcanb;ptx3a;robo3;hgd;fbln1;adgrg6;colgalt2b;mxra5b;itga8;hmcn2;col1a1a;capn12;glsl;fah;sh3pxd2ab;pde10a;pah;itgb3b;thbs4b;nfatc1;qdpra;gch1;egfem1;and1;gpc1b;afap1l2;prrx1a;arhgap24;prrx1b;pag1;plxdc2b;mtss2b;slc16a10;antxr1c;fgf10a;csgalnact1a;plpp3;adamts3;pappaa;scarf2;lrrc58b;vav3a;cacna1g;abi3bpb;lamc3;tnca;bmp1a;col12a1b;p3h4,epas1a;anxa2a;cd9b;dsg2.1;chs3;gsnb;myo18aa;cldn7b;gjb8;omc2;fut9d;gvin1l2;evplb;atp8b1;abcb5;tcnbb;tuft1a;crybg1b;agr1;spint2;b4galt1;icn;cldne;dhrs13a.2;litafd;scel;pkp3a;ldb3b;evpla;hsd17b12a;lmo7a;abca12;f11r.1;dspa;capn9;anxa1a;spaca4l;erbb3a;arhgdig;dspb;myh9a;anxa1c;klf2b;krt1-19e;stard14;znf185;lama5;ppl;bicdl2l;sec23b,hpdb;vcanb;ptx3a;robo3;hgd;fbln1;adgrg6;colgalt2b;mxra5b;itga8;hmcn2;col1a1a;capn12;glsl;fah;sh3pxd2ab;pde10a;pah;itgb3b;thbs4b;nfatc1;qdpra;gch1;egfem1;and1;gpc1b;afap1l2;prrx1a;arhgap24;prrx1b;pag1;plxdc2b;mtss2b;slc16a10;antxr1c;fgf10a;csgalnact1a;plpp3;adamts3;pappaa;scarf2;lrrc58b;vav3a;cacna1g;abi3bpb;lamc3;tnca;bmp1a;col12a1b;p3h4,351.9,264.3,1.86,ENSDARG00000044935;ENSDARG00000009401;ENSDARG00000068275;ENSDARG00000005645;ENSDARG00000058005;ENSDARG00000103311;ENSDARG00000054137;ENSDARG00000014670;ENSDARG00000076309;ENSDARG00000078717;ENSDARG00000079327;ENSDARG00000012405;ENSDARG00000010758;ENSDARG00000062781;ENSDARG00000101762;ENSDARG00000061758;ENSDARG00000003449;ENSDARG00000020143;ENSDARG00000045070;ENSDARG00000020072;ENSDARG00000036168;ENSDARG00000040190;ENSDARG00000070453;ENSDARG00000005216;ENSDARG00000088514;ENSDARG00000090585;ENSDARG00000074806;ENSDARG00000033971;ENSDARG00000100973;ENSDARG00000042027;ENSDARG00000055875;ENSDARG00000059950;ENSDARG00000087260;ENSDARG00000020984;ENSDARG00000063612;ENSDARG00000030932;ENSDARG00000040535;ENSDARG00000059933;ENSDARG00000060127;ENSDARG00000101090;ENSDARG00000114825;ENSDARG00000063509;ENSDARG00000057107;ENSDARG00000089913;ENSDARG00000071095;ENSDARG00000093572;ENSDARG00000078362;ENSDARG00000028071;ENSDARG00000019601;ENSDARG00000104089,ENSDARG00000008697;ENSDARG00000003216;ENSDARG00000016691;ENSDARG00000076945;ENSDARG00000068947;ENSDARG00000045262;ENSDARG00000075752;ENSDARG00000014047;ENSDARG00000042707;ENSDARG00000117474;ENSDARG00000028098;ENSDARG00000102364;ENSDARG00000103459;ENSDARG00000060980;ENSDARG00000021787;ENSDARG00000091996;ENSDARG00000061242;ENSDARG00000006060;ENSDARG00000060682;ENSDARG00000069476;ENSDARG00000002634;ENSDARG00000009978;ENSDARG00000043128;ENSDARG00000111240;ENSDARG00000087093;ENSDARG00000034677;ENSDARG00000051861;ENSDARG00000099974;ENSDARG00000019808;ENSDARG00000015709;ENSDARG00000004930;ENSDARG00000074749;ENSDARG00000017320;ENSDARG00000022309;ENSDARG00000012341;ENSDARG00000026726;ENSDARG00000116617;ENSDARG00000006202;ENSDARG00000004034;ENSDARG00000076673;ENSDARG00000063295;ENSDARG00000104359;ENSDARG00000040432;ENSDARG00000090268;ENSDARG00000031929;ENSDARG00000103917;ENSDARG00000058543;ENSDARG00000101043;ENSDARG00000091669;ENSDARG00000019360,ENSDARG00000044935;ENSDARG00000009401;ENSDARG00000068275;ENSDARG00000005645;ENSDARG00000058005;ENSDARG00000103311;ENSDARG00000054137;ENSDARG00000014670;ENSDARG00000076309;ENSDARG00000078717;ENSDARG00000079327;ENSDARG00000012405;ENSDARG00000010758;ENSDARG00000062781;ENSDARG00000101762;ENSDARG00000061758;ENSDARG00000003449;ENSDARG00000020143;ENSDARG00000045070;ENSDARG00000020072;ENSDARG00000036168;ENSDARG00000040190;ENSDARG00000070453;ENSDARG00000005216;ENSDARG00000088514;ENSDARG00000090585;ENSDARG00000074806;ENSDARG00000033971;ENSDARG00000100973;ENSDARG00000042027;ENSDARG00000055875;ENSDARG00000059950;ENSDARG00000087260;ENSDARG00000020984;ENSDARG00000063612;ENSDARG00000030932;ENSDARG00000040535;ENSDARG00000059933;ENSDARG00000060127;ENSDARG00000101090;ENSDARG00000114825;ENSDARG00000063509;ENSDARG00000057107;ENSDARG00000089913;ENSDARG00000071095;ENSDARG00000093572;ENSDARG00000078362;ENSDARG00000028071;ENSDARG00000019601;ENSDARG00000104089
C003,93,93,grp;gfral;myo15aa;itpr3;pcbp3;pou2f3;otofa;gramd1a;cobl;st6gal2a;myo1d;pde4cb;arhgap24;magi3b;osbpl3b;lmx1ba;b4galnt3b;tox;tfap2c;eya1;sema4f;gab2;mast4;nrxn2a;man1a1;rbfox1;plekha6;pcdh1b;ptprfb,,atp1b1b;fxyd11;atp1a1a.2;muc5.2;muc5.1;clcn2c;slc12a10.2;slc12a10.3;rgs5b;trpv6;cldn3c;nipal4;atp1a1a.3;ndrg1a;cckbra;linc-mir30e-2;sstr5;hepacam2;ppp1r12b;prlra;capn8;fer1l6;prlrb;cers3a;adgrf8;prom2;ppargc1a;mavs;dusp2;tspan34b;arhgef38;ndrg3a;fa2h;adcy6b;grhl1;tmx2b;rbm47;itpr3;map3k5;fxyd3;elovl1b;eps8l2;slc4a4b;rasa2;ugt8;baiap2l1b;sh3gl2a;esrrga;anxa11a;nedd4a,381.5,283.9,3.34,ENSDARG00000043074;ENSDARG00000089709;ENSDARG00000075292;ENSDARG00000061741;ENSDARG00000054378;ENSDARG00000052387;ENSDARG00000030832;ENSDARG00000076689;ENSDARG00000091006;ENSDARG00000039335;ENSDARG00000036863;ENSDARG00000002411;ENSDARG00000100973;ENSDARG00000025974;ENSDARG00000040482;ENSDARG00000104815;ENSDARG00000058939;ENSDARG00000032317;ENSDARG00000040606;ENSDARG00000014259;ENSDARG00000100308;ENSDARG00000105120;ENSDARG00000078270;ENSDARG00000061454;ENSDARG00000005652;ENSDARG00000014746;ENSDARG00000020328;ENSDARG00000036175;ENSDARG00000005754,,ENSDARG00000076833;ENSDARG00000099117;ENSDARG00000007739;ENSDARG00000058556;ENSDARG00000070331;ENSDARG00000060439;ENSDARG00000071173;ENSDARG00000055253;ENSDARG00000017860;ENSDARG00000014496;ENSDARG00000069503;ENSDARG00000059365;ENSDARG00000039131;ENSDARG00000032849;ENSDARG00000074117;ENSDARG00000102040;ENSDARG00000101655;ENSDARG00000061365;ENSDARG00000117155;ENSDARG00000016570;ENSDARG00000055715;ENSDARG00000019316;ENSDARG00000045955;ENSDARG00000078541;ENSDARG00000093316;ENSDARG00000039406;ENSDARG00000067829;ENSDARG00000069733;ENSDARG00000098108;ENSDARG00000025757;ENSDARG00000079377;ENSDARG00000013087;ENSDARG00000090063;ENSDARG00000027797;ENSDARG00000061391;ENSDARG00000007786;ENSDARG00000061985;ENSDARG00000061741;ENSDARG00000005416;ENSDARG00000099014;ENSDARG00000103735;ENSDARG00000058108;ENSDARG00000044808;ENSDARG00000078775;ENSDARG00000037455;ENSDARG00000031119;ENSDARG00000023600;ENSDARG00000004861;ENSDARG00000077383;ENSDARG00000099843
C004,525,525,mipa;capn3a;crygmx;lim2.4;cryba1l2;bfsp1;cps1;mipb;lim2.1;crybb1l2;cryba1b;gje1a;crybb1l1;crygn2;lim2.3;lctla;bfsp2;cryba2b;crybb1;cryba4;cryba1l1;rnf180a;lim2.5;cryba2a;endou2;crygm2d16;crygm2d12;crygm2d4;crygm2d10;gpx9;crygm2d7;crygm2d3;crygm2d19;crygm2d18;lctlb;crygm2d21;crygm2d17;crygm2d8;crygm2d5;crygm2d13;crygm2d14;crygm2d20;crygmxl2;crygm2d1;crygm2d9;ggt1a;fip1l1a;crygm2d2;tdh2;ctnnd2a,cldne;evplb;crybg1b;etnk1;omc2;ahnak;sec23b;piezo1;tcnbb;pof1b;cav1;abca12;evpla;ppl;perp;znf185;abcb5;cd99;epas1a;nfe2l2a;myh9a;spaca4l;aep1;fbxo2;agr1;cdh1;myo1cb;dhrs11a;cast;pnp5a;capn9;icn2;fam169aa;anxa1c;lmo7a;cyt1;ahr2;krt1-19e;pkp3a;nr4a3;egfra;gmds;ywhaba;fgfr3;elf1;kremen1;tpm3;mef2aa;krt5;dspb,cps1;mipa;crygmx;cryba1l2;lim2.1;lim2.4;mipb;capn3a;lctla;lim2.3;bfsp2;crybb1l2;lim2.5;cryba2b;crygn2;cryba1b;endou2;crybb1l1;crybb1;cryba4;crygm2d16;cryba2a;crygm2d4;gpx9;cryba1l1;crygm2d12;crygm2d10;crygm2d7;crygm2d18;crygm2d3;crygm2d19;ggt1a;crygm2d17;lctlb;crygm2d21;crygm2d8;crygm2d5;tkta;crygm2d20;crygmxl2;crygm2d13;prox2;crygm2d1;fip1l1a;sparcl1;slc7a11;col28a1b;crygm2d2;tdh2;misp,602.4,368.7,5.48,ENSDARG00000037285;ENSDARG00000041864;ENSDARG00000053862;ENSDARG00000015445;ENSDARG00000014803;ENSDARG00000074919;ENSDARG00000020028;ENSDARG00000013963;ENSDARG00000068974;ENSDARG00000016793;ENSDARG00000053875;ENSDARG00000054150;ENSDARG00000007576;ENSDARG00000030411;ENSDARG00000037402;ENSDARG00000036139;ENSDARG00000011998;ENSDARG00000041925;ENSDARG00000068507;ENSDARG00000024548;ENSDARG00000032929;ENSDARG00000073720;ENSDARG00000041295;ENSDARG00000030349;ENSDARG00000020122;ENSDARG00000076790;ENSDARG00000069801;ENSDARG00000087164;ENSDARG00000087765;ENSDARG00000003077;ENSDARG00000076572;ENSDARG00000088823;ENSDARG00000109861;ENSDARG00000073750;ENSDARG00000016337;ENSDARG00000086658;ENSDARG00000069817;ENSDARG00000116164;ENSDARG00000069792;ENSDARG00000057460;ENSDARG00000087301;ENSDARG00000091148;ENSDARG00000074001;ENSDARG00000087324;ENSDARG00000115701;ENSDARG00000023526;ENSDARG00000043328;ENSDARG00000086917;ENSDARG00000001463;ENSDARG00000062415,ENSDARG00000043128;ENSDARG00000103459;ENSDARG00000006060;ENSDARG00000019420;ENSDARG00000117474;ENSDARG00000061764;ENSDARG00000019360;ENSDARG00000076870;ENSDARG00000091996;ENSDARG00000054060;ENSDARG00000103747;ENSDARG00000074749;ENSDARG00000019808;ENSDARG00000101043;ENSDARG00000063572;ENSDARG00000103917;ENSDARG00000021787;ENSDARG00000051975;ENSDARG00000008697;ENSDARG00000042824;ENSDARG00000063295;ENSDARG00000116617;ENSDARG00000039099;ENSDARG00000099306;ENSDARG00000060682;ENSDARG00000102750;ENSDARG00000061579;ENSDARG00000046090;ENSDARG00000058693;ENSDARG00000078619;ENSDARG00000012341;ENSDARG00000055514;ENSDARG00000059719;ENSDARG00000104359;ENSDARG00000004930;ENSDARG00000092947;ENSDARG00000021833;ENSDARG00000090268;ENSDARG00000051861;ENSDARG00000055854;ENSDARG00000013847;ENSDARG00000026629;ENSDARG00000013078;ENSDARG00000004782;ENSDARG00000020759;ENSDARG00000062579;ENSDARG00000005162;ENSDARG00000031756;ENSDARG00000058371;ENSDARG00000076673,ENSDARG00000020028;ENSDARG00000037285;ENSDARG00000053862;ENSDARG00000014803;ENSDARG00000068974;ENSDARG00000015445;ENSDARG00000013963;ENSDARG00000041864;ENSDARG00000036139;ENSDARG00000037402;ENSDARG00000011998;ENSDARG00000016793;ENSDARG00000041295;ENSDARG00000041925;ENSDARG00000030411;ENSDARG00000053875;ENSDARG00000020122;ENSDARG00000007576;ENSDARG00000068507;ENSDARG00000024548;ENSDARG00000076790;ENSDARG00000030349;ENSDARG00000087164;ENSDARG00000003077;ENSDARG00000032929;ENSDARG00000069801;ENSDARG00000087765;ENSDARG00000076572;ENSDARG00000073750;ENSDARG00000088823;ENSDARG00000109861;ENSDARG00000023526;ENSDARG00000069817;ENSDARG00000016337;ENSDARG00000086658;ENSDARG00000116164;ENSDARG00000069792;ENSDARG00000029689;ENSDARG00000091148;ENSDARG00000074001;ENSDARG00000057460;ENSDARG00000041952;ENSDARG00000087324;ENSDARG00000043328;ENSDARG00000074989;ENSDARG00000071384;ENSDARG00000087087;ENSDARG00000086917;ENSDARG00000001463;ENSDARG00000104047
C005,107,107,slc4a1a;alas2;nt5c2l1;epb41b;hbae3;hbbe1.3;ank1a;sptb;hsp90aa1.2;spns2;mbnl1;dip2ca;sox6;macf1a;malat1,cast;krt5;hdlbpa;actb2;pleca;ahnak,slc4a1a;alas2;nt5c2l1;epb41b;hbae3;hbbe1.3;ank1a;sptb;hsp90aa1.2;spns2;mbnl1;dip2ca;sox6;macf1a;malat1,338.7,262.8,3.17,ENSDARG00000012881;ENSDARG00000038643;ENSDARG00000034852;ENSDARG00000029019;ENSDARG00000079305;ENSDARG00000087390;ENSDARG00000059093;ENSDARG00000030490;ENSDARG00000024746;ENSDARG00000061017;ENSDARG00000052978;ENSDARG00000062154;ENSDARG00000015536;ENSDARG00000028533;ENSDARG00000099970,ENSDARG00000058693;ENSDARG00000058371;ENSDARG00000009830;ENSDARG00000037870;ENSDARG00000062590;ENSDARG00000061764,ENSDARG00000012881;ENSDARG00000038643;ENSDARG00000034852;ENSDARG00000029019;ENSDARG00000079305;ENSDARG00000087390;ENSDARG00000059093;ENSDARG00000030490;ENSDARG00000024746;ENSDARG00000061017;ENSDARG00000052978;ENSDARG00000062154;ENSDARG00000015536;ENSDARG00000028533;ENSDARG00000099970
C006,323,323,cyt1l;krt4;gvin1l2;cyt1;krt5;krt1-19e;ponzr4;ponzr3;aep1;sox7;icn;fbxo2;sec23b;tob1b;ppl;tcnbb;icn2;anxa1c;trib1;stard14;dhrs13a.2;rhbg;selenow1;bicdl2l;omc2;hspa8;actb2;ip6k2a;evpla;anxa1a;cast;epas1a;znf185;stx11b.1;etnk1;hdlbpa;pnp5a;klf2b;serp1;abca12;mpp1;agr1;sgk1;tnk1;pabpc1a;foxq1a;hsd17b12a;gsnb;krt17;fthl27,bcam;bnc2;fndc3ba;nectin1b;agrn;pbx1a;aff2;sema4c;ptprsa;hspg2;ldlrad4a;foxn3;dacha;diaph2;zeb1b;sgcd;tox2;pard3bb;kcnma1a;col4a6;znf423;dip2ca;col5a1;plxna1a;myo18ab;bcar1;fat1a;plxna3;adgrl1a;npas3;rbfox1;foxp1b;ctnna2;gnao1a;col1a1a;ank2b;nova2;arvcfb;pbx3b;cadm1a;tns1b;ebf1a;ptprga;galnt1;auts2a;tenm4;col11a1a;bach2b;ebf3a;trps1,cyt1l;krt4;evpla;ppl;cyt1;znf185;anxa1c;evplb;capn9;cldne;abca12;icn2;pkhd1l1.1;agr1;krt5;litafd;a2m1;nos1;abcb5;cast;krt17;icn;aep1;omc2;cldn23.1;s100w;duox;cyp2y3;il17rc;dhrs13a.2;ftr86;gvin1l2;selenow2b;fbxo2;prkchb;aldob;arap1a;anxa2a;elovl7b;stard14;tspo;gjb8;bicdl2l;anxa1a;anxa1b;scel;elovl7a;pcdh20l;stx11b.1;ftr83,899.7,442.2,14.07,ENSDARG00000036832;ENSDARG00000017624;ENSDARG00000102364;ENSDARG00000092947;ENSDARG00000058371;ENSDARG00000090268;ENSDARG00000087440;ENSDARG00000088589;ENSDARG00000039099;ENSDARG00000030125;ENSDARG00000009978;ENSDARG00000099306;ENSDARG00000019360;ENSDARG00000021372;ENSDARG00000101043;ENSDARG00000091996;ENSDARG00000055514;ENSDARG00000104359;ENSDARG00000110963;ENSDARG00000031929;ENSDARG00000111240;ENSDARG00000009018;ENSDARG00000035136;ENSDARG00000091669;ENSDARG00000117474;ENSDARG00000068992;ENSDARG00000037870;ENSDARG00000008310;ENSDARG00000019808;ENSDARG00000026726;ENSDARG00000058693;ENSDARG00000008697;ENSDARG00000103917;ENSDARG00000029290;ENSDARG00000019420;ENSDARG00000009830;ENSDARG00000078619;ENSDARG00000040432;ENSDARG00000099439;ENSDARG00000074749;ENSDARG00000105287;ENSDARG00000060682;ENSDARG00000025522;ENSDARG00000069433;ENSDARG00000017219;ENSDARG00000030896;ENSDARG00000015709;ENSDARG00000045262;ENSDARG00000094041;ENSDARG00000031776,ENSDARG00000090190;ENSDARG00000069989;ENSDARG00000078179;ENSDARG00000086034;ENSDARG00000079388;ENSDARG00000100494;ENSDARG00000052242;ENSDARG00000079611;ENSDARG00000059738;ENSDARG00000076564;ENSDARG00000070555;ENSDARG00000012833;ENSDARG00000010132;ENSDARG00000076060;ENSDARG00000013207;ENSDARG00000098573;ENSDARG00000100055;ENSDARG00000034555;ENSDARG00000079840;ENSDARG00000052061;ENSDARG00000059707;ENSDARG00000062154;ENSDARG00000012593;ENSDARG00000105452;ENSDARG00000061862;ENSDARG00000056525;ENSDARG00000017591;ENSDARG00000007172;ENSDARG00000089292;ENSDARG00000109820;ENSDARG00000014746;ENSDARG00000014181;ENSDARG00000024785;ENSDARG00000016676;ENSDARG00000012405;ENSDARG00000043313;ENSDARG00000017673;ENSDARG00000061688;ENSDARG00000013615;ENSDARG00000031075;ENSDARG00000020845;ENSDARG00000099849;ENSDARG00000045006;ENSDARG00000061335;ENSDARG00000056427;ENSDARG00000105088;ENSDARG00000026165;ENSDARG00000004074;ENSDARG00000100244;ENSDARG00000104082,ENSDARG00000036832;ENSDARG00000017624;ENSDARG00000019808;ENSDARG00000101043;ENSDARG00000092947;ENSDARG00000103917;ENSDARG00000104359;ENSDARG00000103459;ENSDARG00000012341;ENSDARG00000043128;ENSDARG00000074749;ENSDARG00000055514;ENSDARG00000091116;ENSDARG00000060682;ENSDARG00000058371;ENSDARG00000087093;ENSDARG00000104200;ENSDARG00000068910;ENSDARG00000021787;ENSDARG00000058693;ENSDARG00000094041;ENSDARG00000009978;ENSDARG00000039099;ENSDARG00000117474;ENSDARG00000028096;ENSDARG00000101181;ENSDARG00000062632;ENSDARG00000101423;ENSDARG00000099902;ENSDARG00000111240;ENSDARG00000076839;ENSDARG00000102364;ENSDARG00000089936;ENSDARG00000099306;ENSDARG00000043243;ENSDARG00000053684;ENSDARG00000062221;ENSDARG00000003216;ENSDARG00000100185;ENSDARG00000031929;ENSDARG00000026655;ENSDARG00000042707;ENSDARG00000091669;ENSDARG00000026726;ENSDARG00000100095;ENSDARG00000034677;ENSDARG00000069279;ENSDARG00000101910;ENSDARG00000029290;ENSDARG00000025403
C007,863,863,ush2a;ntm;six7;tulp1a;dscamb;stxbp1b;fkbp16;egflam;eys;sez6a;ccdc88aa;impg1b;eml5;rassf5;cspg5b;cdh12a;rxrga;kif19;msi1b;pdzd2;ncam1a;fstl5;akna;rxrgb;cadm3;whrna;apba1b;slc44a5a;prdm1b-1;ncam1b;znf516;unc119a2;bicdl1;snap25b;cerkl;gpm6ba;tjp1b;tmem108;lrrfip1b;ank2b;bbs9;ly6pge;fnbp1a;fmnl2a;mtcl1;dpf3;crb2a;pcbp3;pcdh10a;lrp2a,gvin1l2;omc2;ier2b;sec23b;fut9d;klf2b;sypl2a;crybg1b;chs3;abcb5;dsg2.1;evplb;scel;lmo7a;tuft1a;fam169aa;dhrs13a.2;spint2;anxa1c;cyp2y3;agr1;ppl;pnp5a;abca12;gsnb;erbb3a;arhgdig;creb3l1;stard14;cd99;klf3;litafd;slc38a5b;cldnb;rhpn2;pof1b;cfl1l;dspa;icn;capns1b;icn2;atp8b1;f11r.1;cd9b;krt1-19e;b4galt1;evpla;sik1;ahnak;cast,ush2a;fkbp16;dscamb;cspg5b;ncam1a;ntm;dscaml1;ctnna2;pou6f2;brsk2b;pcbp3;cadm3;rorb;eml5;nova2;ephb2a;adgrl1a;rassf5;celf5a;ank2b;msi1b;ephb6;rxrga;nbeaa;ptprua;nkain2;gnao1a;nrxn3a;frmd5a;foxo6b;pax6a;thsd7aa;pbx3b;gpm6ba;epb41a;zbtb20;elavl3;lhx9;pou2f2a;bicdl1;unc5a;ppp2r2bb;mapk10;snap25b;gpm6aa;nrxn1a;dock4a;aplp1;onecut2;adam22,368.7,279.5,2.01,ENSDARG00000029482;ENSDARG00000018065;ENSDARG00000070107;ENSDARG00000075295;ENSDARG00000028118;ENSDARG00000056036;ENSDARG00000001976;ENSDARG00000099008;ENSDARG00000079519;ENSDARG00000100876;ENSDARG00000078440;ENSDARG00000074839;ENSDARG00000053517;ENSDARG00000070601;ENSDARG00000099793;ENSDARG00000078226;ENSDARG00000005593;ENSDARG00000053026;ENSDARG00000010710;ENSDARG00000059801;ENSDARG00000056181;ENSDARG00000040198;ENSDARG00000087110;ENSDARG00000004697;ENSDARG00000057013;ENSDARG00000075362;ENSDARG00000074328;ENSDARG00000017398;ENSDARG00000098925;ENSDARG00000007220;ENSDARG00000070809;ENSDARG00000044362;ENSDARG00000074761;ENSDARG00000058117;ENSDARG00000079397;ENSDARG00000005739;ENSDARG00000079374;ENSDARG00000090230;ENSDARG00000095170;ENSDARG00000043313;ENSDARG00000079217;ENSDARG00000098392;ENSDARG00000036156;ENSDARG00000012586;ENSDARG00000091408;ENSDARG00000025309;ENSDARG00000060106;ENSDARG00000054378;ENSDARG00000099729;ENSDARG00000102506,ENSDARG00000102364;ENSDARG00000117474;ENSDARG00000086881;ENSDARG00000019360;ENSDARG00000028098;ENSDARG00000040432;ENSDARG00000055307;ENSDARG00000006060;ENSDARG00000068947;ENSDARG00000021787;ENSDARG00000076945;ENSDARG00000103459;ENSDARG00000034677;ENSDARG00000004930;ENSDARG00000061242;ENSDARG00000059719;ENSDARG00000111240;ENSDARG00000069476;ENSDARG00000104359;ENSDARG00000101423;ENSDARG00000060682;ENSDARG00000101043;ENSDARG00000078619;ENSDARG00000074749;ENSDARG00000045262;ENSDARG00000006202;ENSDARG00000004034;ENSDARG00000015793;ENSDARG00000031929;ENSDARG00000051975;ENSDARG00000015495;ENSDARG00000087093;ENSDARG00000014587;ENSDARG00000009544;ENSDARG00000014577;ENSDARG00000054060;ENSDARG00000012972;ENSDARG00000022309;ENSDARG00000009978;ENSDARG00000013804;ENSDARG00000055514;ENSDARG00000060980;ENSDARG00000017320;ENSDARG00000016691;ENSDARG00000090268;ENSDARG00000002634;ENSDARG00000019808;ENSDARG00000058606;ENSDARG00000061764;ENSDARG00000058693,ENSDARG00000029482;ENSDARG00000001976;ENSDARG00000028118;ENSDARG00000099793;ENSDARG00000056181;ENSDARG00000018065;ENSDARG00000098057;ENSDARG00000024785;ENSDARG00000086362;ENSDARG00000077791;ENSDARG00000054378;ENSDARG00000057013;ENSDARG00000033498;ENSDARG00000053517;ENSDARG00000017673;ENSDARG00000037373;ENSDARG00000089292;ENSDARG00000070601;ENSDARG00000071375;ENSDARG00000043313;ENSDARG00000010710;ENSDARG00000057729;ENSDARG00000005593;ENSDARG00000070080;ENSDARG00000092638;ENSDARG00000069427;ENSDARG00000016676;ENSDARG00000043746;ENSDARG00000075942;ENSDARG00000024619;ENSDARG00000103379;ENSDARG00000061479;ENSDARG00000013615;ENSDARG00000005739;ENSDARG00000099283;ENSDARG00000005586;ENSDARG00000014420;ENSDARG00000056979;ENSDARG00000036816;ENSDARG00000074761;ENSDARG00000099034;ENSDARG00000099221;ENSDARG00000102730;ENSDARG00000058117;ENSDARG00000055455;ENSDARG00000061647;ENSDARG00000076213;ENSDARG00000098368;ENSDARG00000090387;ENSDARG00000060532
C008,165,165,col1a1b;col1a2;krt4;postnb;col11a1a;col1a1a;col28a2a;cyt1l;cyt1;col18a1a;fn1b;kera;col5a3b;col7a1;cldni;padi2;aqp3a;krt91;rbp4;lamb4;itgb4;krt5;evpla;col12a1b;tp63;krt1-19e;dapk2b;ahnak;col2a1b;fat2;col4a6;actb1;myh9a;actb2;sparc;col4a5;tnn;col17a1a;itga6b;ppl;spaca4l;col16a1;lama5;aep1;pleca;pfn1;cast;flna;arap2;oclna,ctnna2;ncam1a;ttn.1,cyt1l;krt4;evpla;ppl;cyt1;znf185;anxa1c;evplb;capn9;cldne;abca12;icn2;pkhd1l1.1;agr1;krt5;litafd;a2m1;nos1;abcb5;cast;krt17;icn;aep1;omc2;cldn23.1;s100w;duox;cyp2y3;il17rc;dhrs13a.2;ftr86;gvin1l2;selenow2b;fbxo2;prkchb;aldob;arap1a;anxa2a;elovl7b;stard14;tspo;gjb8;bicdl2l;anxa1a;anxa1b;scel;elovl7a;pcdh20l;stx11b.1;ftr83,1119.4,628.1,10.81,ENSDARG00000035809;ENSDARG00000020007;ENSDARG00000017624;ENSDARG00000104267;ENSDARG00000026165;ENSDARG00000012405;ENSDARG00000076321;ENSDARG00000036832;ENSDARG00000092947;ENSDARG00000036558;ENSDARG00000006526;ENSDARG00000056938;ENSDARG00000101816;ENSDARG00000021720;ENSDARG00000054616;ENSDARG00000044167;ENSDARG00000003808;ENSDARG00000036830;ENSDARG00000101199;ENSDARG00000039133;ENSDARG00000028507;ENSDARG00000058371;ENSDARG00000019808;ENSDARG00000019601;ENSDARG00000044356;ENSDARG00000090268;ENSDARG00000103666;ENSDARG00000061764;ENSDARG00000011407;ENSDARG00000018923;ENSDARG00000052061;ENSDARG00000037746;ENSDARG00000063295;ENSDARG00000037870;ENSDARG00000019353;ENSDARG00000052063;ENSDARG00000024829;ENSDARG00000069415;ENSDARG00000069946;ENSDARG00000101043;ENSDARG00000116617;ENSDARG00000009194;ENSDARG00000058543;ENSDARG00000039099;ENSDARG00000062590;ENSDARG00000088091;ENSDARG00000058693;ENSDARG00000074201;ENSDARG00000100518;ENSDARG00000005108,ENSDARG00000024785;ENSDARG00000056181;ENSDARG00000000563,ENSDARG00000036832;ENSDARG00000017624;ENSDARG00000019808;ENSDARG00000101043;ENSDARG00000092947;ENSDARG00000103917;ENSDARG00000104359;ENSDARG00000103459;ENSDARG00000012341;ENSDARG00000043128;ENSDARG00000074749;ENSDARG00000055514;ENSDARG00000091116;ENSDARG00000060682;ENSDARG00000058371;ENSDARG00000087093;ENSDARG00000104200;ENSDARG00000068910;ENSDARG00000021787;ENSDARG00000058693;ENSDARG00000094041;ENSDARG00000009978;ENSDARG00000039099;ENSDARG00000117474;ENSDARG00000028096;ENSDARG00000101181;ENSDARG00000062632;ENSDARG00000101423;ENSDARG00000099902;ENSDARG00000111240;ENSDARG00000076839;ENSDARG00000102364;ENSDARG00000089936;ENSDARG00000099306;ENSDARG00000043243;ENSDARG00000053684;ENSDARG00000062221;ENSDARG00000003216;ENSDARG00000100185;ENSDARG00000031929;ENSDARG00000026655;ENSDARG00000042707;ENSDARG00000091669;ENSDARG00000026726;ENSDARG00000100095;ENSDARG00000034677;ENSDARG00000069279;ENSDARG00000101910;ENSDARG00000029290;ENSDARG00000025403
C009,55,55,dbh;slc18a1;th;ddc;vipr2;gramd2aa;kcnh3;ak5;syt1a;pou6f2;adcy5;cadpsa;doc2b;thsd7ab;rims3;eml5;cdh10b;rimbp2b;ankfn1a;hdac9b;kcnd2;stxbp5l;pcdh9;dclk1a;sash1a;hs3st4;dgkza;tub;whrna;ctnna2;dgkh;cacna1bb;ptprn2;cacna2d1a;erc1b-1;dock9b;kcnma1a;epas1b;slit3;map7d1b;myo9bl;igsf3;nrp1a;ate1;ssbp3a;celf4;gabbr2;hs2st1b;clstn2a;enox2,pleca;ahnak;krt4,prl;pou1f1;dbh;th;vwa5b2;scg3;ddc;vipr2;gfra4a;cadpsa;ptprn2;cacna1bb;whrna;camk1da;doc2b;eml5;asic2;map3k15;adcy5;cacna1ia;syt1a;carmil3;unc5da;olfm2a;kcnh3;dpp6b;cacna1c;dlg2;kcnma1a;nalcn;tsnare1;tub;ntrk3b;kcnd2;hs2st1b;dclk1a;ttll7;stxbp5a;mcf2l2;kcnb2b;csmd3a;cacna1ba;ece2b;stxbp5l;iqsec3a;cacna2d2a;ndrg3b;ncam1b;gfra1a;erc1b-1,455.4,331.7,1.92,ENSDARG00000069446;ENSDARG00000078157;ENSDARG00000030621;ENSDARG00000016494;ENSDARG00000012353;ENSDARG00000103736;ENSDARG00000069560;ENSDARG00000012555;ENSDARG00000030614;ENSDARG00000086362;ENSDARG00000091342;ENSDARG00000043661;ENSDARG00000088293;ENSDARG00000090496;ENSDARG00000062305;ENSDARG00000053517;ENSDARG00000103903;ENSDARG00000001154;ENSDARG00000060941;ENSDARG00000056642;ENSDARG00000032799;ENSDARG00000006383;ENSDARG00000063264;ENSDARG00000018856;ENSDARG00000007179;ENSDARG00000052648;ENSDARG00000014439;ENSDARG00000062165;ENSDARG00000075362;ENSDARG00000024785;ENSDARG00000018716;ENSDARG00000079295;ENSDARG00000035970;ENSDARG00000014804;ENSDARG00000076014;ENSDARG00000016311;ENSDARG00000079840;ENSDARG00000057671;ENSDARG00000034268;ENSDARG00000104701;ENSDARG00000078313;ENSDARG00000077002;ENSDARG00000102153;ENSDARG00000103813;ENSDARG00000058237;ENSDARG00000070045;ENSDARG00000061042;ENSDARG00000062008;ENSDARG00000060637;ENSDARG00000078942,ENSDARG00000062590;ENSDARG00000061764;ENSDARG00000017624,ENSDARG00000037946;ENSDARG00000058924;ENSDARG00000069446;ENSDARG00000030621;ENSDARG00000075886;ENSDARG00000086288;ENSDARG00000016494;ENSDARG00000012353;ENSDARG00000056651;ENSDARG00000043661;ENSDARG00000035970;ENSDARG00000079295;ENSDARG00000075362;ENSDARG00000074905;ENSDARG00000088293;ENSDARG00000053517;ENSDARG00000006849;ENSDARG00000013310;ENSDARG00000091342;ENSDARG00000070522;ENSDARG00000030614;ENSDARG00000086990;ENSDARG00000092722;ENSDARG00000077847;ENSDARG00000069560;ENSDARG00000024744;ENSDARG00000008398;ENSDARG00000099323;ENSDARG00000079840;ENSDARG00000001835;ENSDARG00000088650;ENSDARG00000062165;ENSDARG00000086214;ENSDARG00000032799;ENSDARG00000062008;ENSDARG00000018856;ENSDARG00000062973;ENSDARG00000002656;ENSDARG00000079742;ENSDARG00000088842;ENSDARG00000077905;ENSDARG00000021735;ENSDARG00000102142;ENSDARG00000006383;ENSDARG00000099850;ENSDARG00000103390;ENSDARG00000010052;ENSDARG00000007220;ENSDARG00000099732;ENSDARG00000076014
C010,335,335,gdf11;ebf2;dlb;nkain2;pax2b;srrm4;rhbdl3;elavl3;dcc;ebf3a;ctnna2;pdlim5a;spsb4a;myt1b;nova2;pou2f2a;ncam1a;dla;pax2a;phyhiplb;afap1;ldlrad4a;brsk2b;epb41a;mpp3a;robo3;dlg2;cbfa2t2;dclk1a;thsd7aa;ccnjl;zfhx3a;zbtb20;cux2b;cacnb4b;ebf1a;onecut2;pak1;ldlrad4b;plxnb3;nbeaa;cntnap2b;bcl11ab;numbl;hoxb3a;mtss1la;tmeff1b;peli1b;rassf2a;phf21b,znf185;pkp3a;piezo1;klf4;nfe2l2a;fam169aa;evplb;myh9a;fosb;lmo7a;abca12;omc2;pof1b;hdlbpa;ppl;nr4a3;spaca4l;dhrs11a;ahnak;pleca;cast;cav1;foxo1a;crybg1b;cavin2b;egfra;capn9;aep1;evpla;anxa1c;cdh1;hivep2a;cldne;utrn;cyt1;tob1b;pawr;perp;gab1;jupa;tead3b;tcnbb;pnp5a;magi3a;etnk1;ywhaz;fosab;dspb;tpm3;ubb,gdf11;ebf2;dlb;nkain2;pax2b;srrm4;rhbdl3;elavl3;dcc;ebf3a;ctnna2;pdlim5a;spsb4a;myt1b;nova2;pou2f2a;ncam1a;dla;pax2a;phyhiplb;afap1;ldlrad4a;brsk2b;epb41a;mpp3a;robo3;dlg2;cbfa2t2;dclk1a;thsd7aa;ccnjl;zfhx3a;zbtb20;cux2b;cacnb4b;ebf1a;onecut2;pak1;ldlrad4b;plxnb3;nbeaa;cntnap2b;bcl11ab;numbl;hoxb3a;mtss1la;tmeff1b;peli1b;rassf2a;phf21b,301.3,227.1,1.35,ENSDARG00000044924;ENSDARG00000042525;ENSDARG00000004232;ENSDARG00000069427;ENSDARG00000032578;ENSDARG00000086327;ENSDARG00000105190;ENSDARG00000014420;ENSDARG00000104282;ENSDARG00000100244;ENSDARG00000024785;ENSDARG00000101777;ENSDARG00000016084;ENSDARG00000102879;ENSDARG00000017673;ENSDARG00000036816;ENSDARG00000056181;ENSDARG00000010791;ENSDARG00000028148;ENSDARG00000070498;ENSDARG00000055284;ENSDARG00000070555;ENSDARG00000077791;ENSDARG00000099283;ENSDARG00000015184;ENSDARG00000005645;ENSDARG00000099323;ENSDARG00000074337;ENSDARG00000018856;ENSDARG00000061479;ENSDARG00000077116;ENSDARG00000073944;ENSDARG00000005586;ENSDARG00000086345;ENSDARG00000062174;ENSDARG00000099849;ENSDARG00000090387;ENSDARG00000103959;ENSDARG00000054941;ENSDARG00000032990;ENSDARG00000070080;ENSDARG00000074558;ENSDARG00000063153;ENSDARG00000101949;ENSDARG00000029263;ENSDARG00000028943;ENSDARG00000056740;ENSDARG00000044083;ENSDARG00000029865;ENSDARG00000109502,ENSDARG00000103917;ENSDARG00000051861;ENSDARG00000076870;ENSDARG00000079922;ENSDARG00000042824;ENSDARG00000059719;ENSDARG00000103459;ENSDARG00000063295;ENSDARG00000055751;ENSDARG00000004930;ENSDARG00000074749;ENSDARG00000117474;ENSDARG00000054060;ENSDARG00000009830;ENSDARG00000101043;ENSDARG00000055854;ENSDARG00000116617;ENSDARG00000046090;ENSDARG00000061764;ENSDARG00000062590;ENSDARG00000058693;ENSDARG00000103747;ENSDARG00000099555;ENSDARG00000006060;ENSDARG00000071196;ENSDARG00000013847;ENSDARG00000012341;ENSDARG00000039099;ENSDARG00000019808;ENSDARG00000104359;ENSDARG00000102750;ENSDARG00000039987;ENSDARG00000043128;ENSDARG00000100222;ENSDARG00000092947;ENSDARG00000021372;ENSDARG00000045486;ENSDARG00000063572;ENSDARG00000037018;ENSDARG00000070787;ENSDARG00000063649;ENSDARG00000091996;ENSDARG00000078619;ENSDARG00000101869;ENSDARG00000019420;ENSDARG00000032575;ENSDARG00000031683;ENSDARG00000076673;ENSDARG00000005162;ENSDARG00000093313,ENSDARG00000044924;ENSDARG00000042525;ENSDARG00000004232;ENSDARG00000069427;ENSDARG00000032578;ENSDARG00000086327;ENSDARG00000105190;ENSDARG00000014420;ENSDARG00000104282;ENSDARG00000100244;ENSDARG00000024785;ENSDARG00000101777;ENSDARG00000016084;ENSDARG00000102879;ENSDARG00000017673;ENSDARG00000036816;ENSDARG00000056181;ENSDARG00000010791;ENSDARG00000028148;ENSDARG00000070498;ENSDARG00000055284;ENSDARG00000070555;ENSDARG00000077791;ENSDARG00000099283;ENSDARG00000015184;ENSDARG00000005645;ENSDARG00000099323;ENSDARG00000074337;ENSDARG00000018856;ENSDARG00000061479;ENSDARG00000077116;ENSDARG00000073944;ENSDARG00000005586;ENSDARG00000086345;ENSDARG00000062174;ENSDARG00000099849;ENSDARG00000090387;ENSDARG00000103959;ENSDARG00000054941;ENSDARG00000032990;ENSDARG00000070080;ENSDARG00000074558;ENSDARG00000063153;ENSDARG00000101949;ENSDARG00000029263;ENSDARG00000028943;ENSDARG00000056740;ENSDARG00000044083;ENSDARG00000029865;ENSDARG00000109502
C011,358,358,f8;clic2;adarb1a;cdh5;tie1;adcy2b;esama;notch1b;flt1;mmrn2a;errfi1a;egfl7;yrk;ltbp3;fgd5a;ccdc80;nfatc2a;npdc1a;igf2b;zfpm1;shank3b;rasip1;pex5la;itga9;anks1b;sdk1a;radil2a;nfatc1;dll4;grb10a;fli1;iqgap2;gab2;ece1;rspo2;arhgap31;nkain4;piezo2a;fam110d;doc2b;msna;fn1a;add3a;adam12b;rhoca;grin2bb;ppp1r13ba;abtb2b;dip2a;lamb1b,omc2;crybg1b;fras1;abca12;ppl;abcb5;evplb;icn2;spaca4l;cldne;myh14;agr1;tcnbb;evpla;znf185;pnp5a;anxa1c;pkp3a;cd99;cyt1l;myh9a;capn9;dhrs11a;cyt1;aep1;krt5;enah;krt1-19e;cdh1;cadm4;hdlbpa;ank3a;tob1b;krt4;jupa;lmo7a;brsk2b;pof1b;pcdh1b;tenm4;pcdh7b;plekha6;col18a1a;pleca;ncam1a;kcnma1a;ptprfb;cast;nrxn2a;ctnna2,f8;clic2;adarb1a;cdh5;tie1;adcy2b;esama;notch1b;flt1;mmrn2a;errfi1a;egfl7;yrk;ltbp3;fgd5a;ccdc80;nfatc2a;npdc1a;igf2b;zfpm1;shank3b;rasip1;pex5la;itga9;anks1b;sdk1a;radil2a;nfatc1;dll4;grb10a;fli1;iqgap2;gab2;ece1;rspo2;arhgap31;nkain4;piezo2a;fam110d;doc2b;msna;fn1a;add3a;adam12b;rhoca;grin2bb;ppp1r13ba;abtb2b;dip2a;lamb1b,403.4,300.8,3.49,ENSDARG00000101385;ENSDARG00000010625;ENSDARG00000041609;ENSDARG00000075549;ENSDARG00000004105;ENSDARG00000014588;ENSDARG00000077039;ENSDARG00000052094;ENSDARG00000019371;ENSDARG00000076135;ENSDARG00000104039;ENSDARG00000100657;ENSDARG00000004378;ENSDARG00000035682;ENSDARG00000088801;ENSDARG00000000002;ENSDARG00000100927;ENSDARG00000074697;ENSDARG00000033307;ENSDARG00000041572;ENSDARG00000063054;ENSDARG00000074829;ENSDARG00000022518;ENSDARG00000032435;ENSDARG00000003512;ENSDARG00000078866;ENSDARG00000059567;ENSDARG00000036168;ENSDARG00000070425;ENSDARG00000002013;ENSDARG00000054632;ENSDARG00000060010;ENSDARG00000105120;ENSDARG00000061737;ENSDARG00000079570;ENSDARG00000059472;ENSDARG00000062699;ENSDARG00000076005;ENSDARG00000062517;ENSDARG00000088293;ENSDARG00000058128;ENSDARG00000019815;ENSDARG00000040874;ENSDARG00000079068;ENSDARG00000021309;ENSDARG00000030376;ENSDARG00000004377;ENSDARG00000062000;ENSDARG00000078058;ENSDARG00000045524,ENSDARG00000117474;ENSDARG00000006060;ENSDARG00000054619;ENSDARG00000074749;ENSDARG00000101043;ENSDARG00000021787;ENSDARG00000103459;ENSDARG00000055514;ENSDARG00000116617;ENSDARG00000043128;ENSDARG00000073732;ENSDARG00000060682;ENSDARG00000091996;ENSDARG00000019808;ENSDARG00000103917;ENSDARG00000078619;ENSDARG00000104359;ENSDARG00000051861;ENSDARG00000051975;ENSDARG00000036832;ENSDARG00000063295;ENSDARG00000012341;ENSDARG00000046090;ENSDARG00000092947;ENSDARG00000039099;ENSDARG00000058371;ENSDARG00000032049;ENSDARG00000090268;ENSDARG00000102750;ENSDARG00000040291;ENSDARG00000009830;ENSDARG00000061736;ENSDARG00000021372;ENSDARG00000017624;ENSDARG00000070787;ENSDARG00000004930;ENSDARG00000077791;ENSDARG00000054060;ENSDARG00000036175;ENSDARG00000105088;ENSDARG00000060610;ENSDARG00000020328;ENSDARG00000036558;ENSDARG00000062590;ENSDARG00000056181;ENSDARG00000079840;ENSDARG00000005754;ENSDARG00000058693;ENSDARG00000061454;ENSDARG00000024785,ENSDARG00000101385;ENSDARG00000010625;ENSDARG00000041609;ENSDARG00000075549;ENSDARG00000004105;ENSDARG00000014588;ENSDARG00000077039;ENSDARG00000052094;ENSDARG00000019371;ENSDARG00000076135;ENSDARG00000104039;ENSDARG00000100657;ENSDARG00000004378;ENSDARG00000035682;ENSDARG00000088801;ENSDARG00000000002;ENSDARG00000100927;ENSDARG00000074697;ENSDARG00000033307;ENSDARG00000041572;ENSDARG00000063054;ENSDARG00000074829;ENSDARG00000022518;ENSDARG00000032435;ENSDARG00000003512;ENSDARG00000078866;ENSDARG00000059567;ENSDARG00000036168;ENSDARG00000070425;ENSDARG00000002013;ENSDARG00000054632;ENSDARG00000060010;ENSDARG00000105120;ENSDARG00000061737;ENSDARG00000079570;ENSDARG00000059472;ENSDARG00000062699;ENSDARG00000076005;ENSDARG00000062517;ENSDARG00000088293;ENSDARG00000058128;ENSDARG00000019815;ENSDARG00000040874;ENSDARG00000079068;ENSDARG00000021309;ENSDARG00000030376;ENSDARG00000004377;ENSDARG00000062000;ENSDARG00000078058;ENSDARG00000045524
C012,520,520,gfap;aifm3;lmx1bb;hepacama;slc4a4a;rfx4;adamts3;nectin3a;drc11;col4a6;gpc5a;ccdc24;rspo2;pbx3a;adamtsl5;kif26aa;lmx1al;kif19;cfap57;adgrd2;brsk2b;pkd1b;col4a5;cadm4;stra6;dnah2;dnah5l;nos1apa;gpc1b;atp1a3b;bicc2;mdka;foxj1a;dnah5;prickle2b;npr3;rgs3b;shisal1b;tncb;bean1;gdpd5a;luzp2;cfap58;dnah6;slc1a3a;odad2;crocc2;pacrg;slit3;cntnap5l,cd99;lmo7a;omc2;fam169aa;epas1a;abcb5;cldnb;epcam;evplb;cdh1;tcnbb;pnp5a;hsd17b12a;sec23b;crybg1b;znf185;ppl;capn9;agr1;cldne;myh9a;pkp3a;pard6a;nfe2l2a;nrg1;anxa1c;arhgdig;piezo1;icn2;abca12;spaca4l;f11r.1;klf4;etnk1;krt1-19e;fbxo2;ckap4;aep1;ank3a;evpla;crybg1a;cyt1;perp;cast;gmds;ezrb;nos1;eppk1;rbfox1;amd1,gfap;hepacama;aifm3;slc6a11b;slc4a4a;cldn7a;rfx4;qkib;ccdc24;drc11;pkd1b;pbx3a;npas3;adgrd2;adamts3;atp1a1b;clstn2a;slc1a2b;cfap57;nectin3a;foxj1a;adamtsl5;kif19;dnah5l;col4a6;prickle2b;odad2;lmx1bb;dnah2;bicc2;rspo2;cldn19;lmx1al;cfap58;dnah5;gpc1b;kif26aa;qki2;dnah6;vim;pacrg;ptn;stra6;ntn1b;crocc2;gpc5a;col4a5;brsk2b;nfixa;npas1,411.7,290.6,2.82,ENSDARG00000025301;ENSDARG00000062780;ENSDARG00000068365;ENSDARG00000056934;ENSDARG00000013730;ENSDARG00000026395;ENSDARG00000060127;ENSDARG00000103638;ENSDARG00000057276;ENSDARG00000052061;ENSDARG00000103647;ENSDARG00000038793;ENSDARG00000079570;ENSDARG00000089262;ENSDARG00000052118;ENSDARG00000042368;ENSDARG00000077915;ENSDARG00000053026;ENSDARG00000058090;ENSDARG00000103067;ENSDARG00000077791;ENSDARG00000033029;ENSDARG00000052063;ENSDARG00000040291;ENSDARG00000051874;ENSDARG00000087352;ENSDARG00000056888;ENSDARG00000105071;ENSDARG00000090585;ENSDARG00000104139;ENSDARG00000076557;ENSDARG00000036036;ENSDARG00000101919;ENSDARG00000087373;ENSDARG00000037593;ENSDARG00000035253;ENSDARG00000035132;ENSDARG00000067710;ENSDARG00000021948;ENSDARG00000087413;ENSDARG00000077284;ENSDARG00000068247;ENSDARG00000069435;ENSDARG00000000606;ENSDARG00000104431;ENSDARG00000055128;ENSDARG00000017425;ENSDARG00000087556;ENSDARG00000034268;ENSDARG00000073802,ENSDARG00000051975;ENSDARG00000004930;ENSDARG00000117474;ENSDARG00000059719;ENSDARG00000008697;ENSDARG00000021787;ENSDARG00000009544;ENSDARG00000040534;ENSDARG00000103459;ENSDARG00000102750;ENSDARG00000091996;ENSDARG00000078619;ENSDARG00000015709;ENSDARG00000019360;ENSDARG00000006060;ENSDARG00000103917;ENSDARG00000101043;ENSDARG00000012341;ENSDARG00000060682;ENSDARG00000043128;ENSDARG00000063295;ENSDARG00000051861;ENSDARG00000069378;ENSDARG00000042824;ENSDARG00000104314;ENSDARG00000104359;ENSDARG00000004034;ENSDARG00000076870;ENSDARG00000055514;ENSDARG00000074749;ENSDARG00000116617;ENSDARG00000017320;ENSDARG00000079922;ENSDARG00000019420;ENSDARG00000090268;ENSDARG00000099306;ENSDARG00000032405;ENSDARG00000039099;ENSDARG00000061736;ENSDARG00000019808;ENSDARG00000031782;ENSDARG00000092947;ENSDARG00000063572;ENSDARG00000058693;ENSDARG00000026629;ENSDARG00000025091;ENSDARG00000068910;ENSDARG00000096359;ENSDARG00000014746;ENSDARG00000043856,ENSDARG00000025301;ENSDARG00000056934;ENSDARG00000062780;ENSDARG00000087981;ENSDARG00000013730;ENSDARG00000036376;ENSDARG00000026395;ENSDARG00000002026;ENSDARG00000038793;ENSDARG00000057276;ENSDARG00000033029;ENSDARG00000089262;ENSDARG00000109820;ENSDARG00000103067;ENSDARG00000060127;ENSDARG00000019856;ENSDARG00000060637;ENSDARG00000102453;ENSDARG00000058090;ENSDARG00000103638;ENSDARG00000101919;ENSDARG00000052118;ENSDARG00000053026;ENSDARG00000056888;ENSDARG00000052061;ENSDARG00000037593;ENSDARG00000055128;ENSDARG00000068365;ENSDARG00000087352;ENSDARG00000076557;ENSDARG00000079570;ENSDARG00000044569;ENSDARG00000077915;ENSDARG00000069435;ENSDARG00000087373;ENSDARG00000090585;ENSDARG00000042368;ENSDARG00000010018;ENSDARG00000000606;ENSDARG00000010008;ENSDARG00000087556;ENSDARG00000102340;ENSDARG00000051874;ENSDARG00000022531;ENSDARG00000017425;ENSDARG00000103647;ENSDARG00000052063;ENSDARG00000077791;ENSDARG00000043226;ENSDARG00000015876
C013,262,262,acod1;olfm4l2;slc2a6;gja13.2;il6;ncf1;csf3a;il1b;adgrg3;plek;fyb1b;samsn1a;cd83;spi1b;gsdmea;slc7a11;ptprc;pik3r5;slc7a7;oscp1;gpr84;tbc1d31;prkcq;clic2;ogfrl1;hck;slc2a3b;myo1g;slc30a1a;zc3h12ab;rhogb;enpp1;csf1ra-1;slc25a37;sgpp1b;vav3a;pkma;fnip2;lrmda;arl5c;rasa2;tcirg1b;kdm7aa;tnfaip3;gnai2a;gja1b;rxrga;chst13;als2a;ctsba,lmo7a;cldne;dspb;tcnbb;cavin2b;znf185;aep1;crybg1b;evplb;ppl;anxa1c;krt1-19e;cav1;abca12;spaca4l;evpla;pkp3a;cast;pleca;hdlbpa;magi3a;agr1;ahnak;cd99;cdh1;pls3;pcdh1b;fosab;cyt1l;cyt1;jupa;krt4;sema6cb;perp;krt5;tob1b;eef1a1l1;gse1b;ank3a;foxp4;sox6;meis1b;fgfr2;actb2;plecb;serbp1a;neo1a;magi1b;actb1;dock1,acod1;slc2a6;olfm4l2;plek;gja13.2;adgrg3;ncf1;mpx;csf3a;il1b;lyz;ptprc;lcp1;fyb1b;spi1b;cd83;samsn1a;slc7a11;il6r;fxyd5;unc13d;gsdmea;pik3r5;hck;ncf4;oscp1;ccdc88b;gpr84;slc7a7;vsir;slc2a3b;clic2;prkcq;myo1g;mmp13a.1;rhogb;kcnq5b;rasa2;myh11a;antxr2a;sgpp1b;slc30a1a;vav3a;pde10a;slc25a37;zc3h12ab;chst13;pkma;gnai2a;lmx1al,398.0,293.8,2.17,ENSDARG00000069844;ENSDARG00000109648;ENSDARG00000058731;ENSDARG00000076789;ENSDARG00000102318;ENSDARG00000033735;ENSDARG00000102211;ENSDARG00000098700;ENSDARG00000074782;ENSDARG00000104325;ENSDARG00000044694;ENSDARG00000054543;ENSDARG00000079553;ENSDARG00000000767;ENSDARG00000086762;ENSDARG00000071384;ENSDARG00000071437;ENSDARG00000102762;ENSDARG00000055226;ENSDARG00000101888;ENSDARG00000077308;ENSDARG00000074623;ENSDARG00000034173;ENSDARG00000010625;ENSDARG00000061223;ENSDARG00000058647;ENSDARG00000037861;ENSDARG00000036104;ENSDARG00000005463;ENSDARG00000101034;ENSDARG00000004301;ENSDARG00000005789;ENSDARG00000102986;ENSDARG00000073743;ENSDARG00000060534;ENSDARG00000057107;ENSDARG00000099730;ENSDARG00000077648;ENSDARG00000057166;ENSDARG00000035719;ENSDARG00000078775;ENSDARG00000105142;ENSDARG00000018111;ENSDARG00000027777;ENSDARG00000018174;ENSDARG00000041799;ENSDARG00000005593;ENSDARG00000004018;ENSDARG00000075111;ENSDARG00000055120,ENSDARG00000004930;ENSDARG00000043128;ENSDARG00000076673;ENSDARG00000091996;ENSDARG00000071196;ENSDARG00000103917;ENSDARG00000039099;ENSDARG00000006060;ENSDARG00000103459;ENSDARG00000101043;ENSDARG00000104359;ENSDARG00000090268;ENSDARG00000103747;ENSDARG00000074749;ENSDARG00000116617;ENSDARG00000019808;ENSDARG00000051861;ENSDARG00000058693;ENSDARG00000062590;ENSDARG00000009830;ENSDARG00000101869;ENSDARG00000060682;ENSDARG00000061764;ENSDARG00000051975;ENSDARG00000102750;ENSDARG00000037655;ENSDARG00000036175;ENSDARG00000031683;ENSDARG00000036832;ENSDARG00000092947;ENSDARG00000070787;ENSDARG00000017624;ENSDARG00000000189;ENSDARG00000063572;ENSDARG00000058371;ENSDARG00000021372;ENSDARG00000020850;ENSDARG00000062020;ENSDARG00000061736;ENSDARG00000076120;ENSDARG00000015536;ENSDARG00000012078;ENSDARG00000058115;ENSDARG00000037870;ENSDARG00000021987;ENSDARG00000074242;ENSDARG00000102855;ENSDARG00000003169;ENSDARG00000037746;ENSDARG00000099093,ENSDARG00000069844;ENSDARG00000058731;ENSDARG00000109648;ENSDARG00000104325;ENSDARG00000076789;ENSDARG00000074782;ENSDARG00000033735;ENSDARG00000019521;ENSDARG00000102211;ENSDARG00000098700;ENSDARG00000057789;ENSDARG00000071437;ENSDARG00000023188;ENSDARG00000044694;ENSDARG00000000767;ENSDARG00000079553;ENSDARG00000054543;ENSDARG00000071384;ENSDARG00000104474;ENSDARG00000089838;ENSDARG00000078249;ENSDARG00000086762;ENSDARG00000102762;ENSDARG00000058647;ENSDARG00000040812;ENSDARG00000101888;ENSDARG00000076189;ENSDARG00000077308;ENSDARG00000055226;ENSDARG00000068784;ENSDARG00000037861;ENSDARG00000010625;ENSDARG00000034173;ENSDARG00000036104;ENSDARG00000114451;ENSDARG00000004301;ENSDARG00000069953;ENSDARG00000078775;ENSDARG00000009782;ENSDARG00000104118;ENSDARG00000060534;ENSDARG00000005463;ENSDARG00000057107;ENSDARG00000003449;ENSDARG00000073743;ENSDARG00000101034;ENSDARG00000004018;ENSDARG00000099730;ENSDARG00000018174;ENSDARG00000077915
C014,1000,1000,ponzr5;irg1l;gcnt7;krt1-19d;hsd17b12a;noxa1;grb7;acer1;fa2h;krt92;tmco6;eppk1;vsig8b;tmprss4a;gmds;noxo1a;slc4a10a;ano9a;gbgt1l3;tamalin;ptpn13;ftr83;mala.2;cdh1;nab1b;slc46a2;cxadr;tjp3;slc17a9a;baiap2l1a;sox7;mgll;usp43a;slincr;nrg1;elf1;zbtb16a;jupa;flnba-1;gdpd2;cldne;lmo7a;plekhn1;paqr5b;ptgs2b;rassf7b;tnk1;mir203b;evpla;cldn7b,msna;tns2a;sema5a;akap6;elavl4;gvin1l2;bnc2;nrg3b;ppp3ca;serpinh1b;nedd9;mef2ca;nfatc1;septin12;pou2f2a;wnt5b;fgf13a;sgcd;tncb;pcbp4;fut9d;fstl1b;mapk10;glra4a;plxnb1a;loxl3b;bcam;col2a1b;plxna1a;rbms3;ebf1a;itga5;dchs1b;enox1;fndc3ba;sorcs2;ldb3b;prx;cd81a;adgrl1a;fut8a;col5a1;sparc;znf385a;itgb4;adgrl3.1;hoxc3a;aplp1;matn4;bcar1,cyt1l;krt4;evpla;ppl;cyt1;znf185;anxa1c;evplb;capn9;cldne;abca12;icn2;pkhd1l1.1;agr1;krt5;litafd;a2m1;nos1;abcb5;cast;krt17;icn;aep1;omc2;cldn23.1;s100w;duox;cyp2y3;il17rc;dhrs13a.2;ftr86;gvin1l2;selenow2b;fbxo2;prkchb;aldob;arap1a;anxa2a;elovl7b;stard14;tspo;gjb8;bicdl2l;anxa1a;anxa1b;scel;elovl7a;pcdh20l;stx11b.1;ftr83,668.1,447.6,7.67,ENSDARG00000055046;ENSDARG00000062788;ENSDARG00000040608;ENSDARG00000023082;ENSDARG00000015709;ENSDARG00000056047;ENSDARG00000042726;ENSDARG00000010347;ENSDARG00000090063;ENSDARG00000036834;ENSDARG00000016336;ENSDARG00000096359;ENSDARG00000013685;ENSDARG00000103117;ENSDARG00000026629;ENSDARG00000041294;ENSDARG00000063133;ENSDARG00000076320;ENSDARG00000035555;ENSDARG00000000588;ENSDARG00000103699;ENSDARG00000025403;ENSDARG00000043442;ENSDARG00000102750;ENSDARG00000040700;ENSDARG00000075229;ENSDARG00000043658;ENSDARG00000002909;ENSDARG00000042954;ENSDARG00000029305;ENSDARG00000030125;ENSDARG00000036820;ENSDARG00000103494;ENSDARG00000097714;ENSDARG00000104314;ENSDARG00000020759;ENSDARG00000007184;ENSDARG00000070787;ENSDARG00000112527;ENSDARG00000073870;ENSDARG00000043128;ENSDARG00000004930;ENSDARG00000087844;ENSDARG00000052688;ENSDARG00000010276;ENSDARG00000003193;ENSDARG00000069433;ENSDARG00000083357;ENSDARG00000019808;ENSDARG00000014047,ENSDARG00000058128;ENSDARG00000076292;ENSDARG00000058821;ENSDARG00000077295;ENSDARG00000045639;ENSDARG00000102364;ENSDARG00000069989;ENSDARG00000089766;ENSDARG00000004988;ENSDARG00000019949;ENSDARG00000089878;ENSDARG00000029764;ENSDARG00000036168;ENSDARG00000019191;ENSDARG00000036816;ENSDARG00000102464;ENSDARG00000035056;ENSDARG00000098573;ENSDARG00000021948;ENSDARG00000024276;ENSDARG00000028098;ENSDARG00000039576;ENSDARG00000102730;ENSDARG00000006865;ENSDARG00000075821;ENSDARG00000039563;ENSDARG00000090190;ENSDARG00000011407;ENSDARG00000105452;ENSDARG00000044574;ENSDARG00000099849;ENSDARG00000006353;ENSDARG00000079850;ENSDARG00000060243;ENSDARG00000078179;ENSDARG00000077465;ENSDARG00000099974;ENSDARG00000017246;ENSDARG00000036080;ENSDARG00000089292;ENSDARG00000015449;ENSDARG00000012593;ENSDARG00000019353;ENSDARG00000009899;ENSDARG00000028507;ENSDARG00000061121;ENSDARG00000070339;ENSDARG00000098368;ENSDARG00000015947;ENSDARG00000056525,ENSDARG00000036832;ENSDARG00000017624;ENSDARG00000019808;ENSDARG00000101043;ENSDARG00000092947;ENSDARG00000103917;ENSDARG00000104359;ENSDARG00000103459;ENSDARG00000012341;ENSDARG00000043128;ENSDARG00000074749;ENSDARG00000055514;ENSDARG00000091116;ENSDARG00000060682;ENSDARG00000058371;ENSDARG00000087093;ENSDARG00000104200;ENSDARG00000068910;ENSDARG00000021787;ENSDARG00000058693;ENSDARG00000094041;ENSDARG00000009978;ENSDARG00000039099;ENSDARG00000117474;ENSDARG00000028096;ENSDARG00000101181;ENSDARG00000062632;ENSDARG00000101423;ENSDARG00000099902;ENSDARG00000111240;ENSDARG00000076839;ENSDARG00000102364;ENSDARG00000089936;ENSDARG00000099306;ENSDARG00000043243;ENSDARG00000053684;ENSDARG00000062221;ENSDARG00000003216;ENSDARG00000100185;ENSDARG00000031929;ENSDARG00000026655;ENSDARG00000042707;ENSDARG00000091669;ENSDARG00000026726;ENSDARG00000100095;ENSDARG00000034677;ENSDARG00000069279;ENSDARG00000101910;ENSDARG00000029290;ENSDARG00000025403
C015,328,328,otofb;tmc2a;hcn5;stard15;pcsk5a;slc17a8;gfi1aa;twf2b;pvalb8;spata48;s100s;dnah9l;gipc3;myo6b;ptprq;myo15ab;loxhd1a;myo3b;kcnq1.2;myo15aa;strc;ankrd24;espnla;pdzd7a;nrxn3b;pcdh15a;tmprss3a;ush1c;ano2b;cdh23-1;dnah5;cdh23;atp1a3b;shank3a;ankfn1a;grid2ipb;vsig8a;atp1b2b;lrrc52;pcdh15b;gramd1bb;nptna;baiap2l2b;lrrc73;klhl30;zmat4a;cfap57;eya4;cfap58;pclob,omc2;tcnbb;epas1a;dhrs11a;capn9;icn2;cldne;cast;pnp5a;evpla;ppl;aep1;anxa1c;ahnak;krt1-19e;znf185;mvp;spaca4l;cd99;myh9a;hdlbpa;lmo7a;evplb;agr1;pfn2b;cyt1;cyt1l;qkia;ywhaz;abca12;krt4;cav1;pleca;tead3b;actb2;plecb;perp;actb1;pls3;atp2b4;eef1a1l1;krt5;fgfr2;dock1;btg2;pnrc2;ank3a;midn;sox6;coro1ca,otofb;tmc2a;hcn5;stard15;pcsk5a;slc17a8;gfi1aa;twf2b;pvalb8;spata48;s100s;dnah9l;gipc3;myo6b;ptprq;myo15ab;loxhd1a;myo3b;kcnq1.2;myo15aa;strc;ankrd24;espnla;pdzd7a;nrxn3b;pcdh15a;tmprss3a;ush1c;ano2b;cdh23-1;dnah5;cdh23;atp1a3b;shank3a;ankfn1a;grid2ipb;vsig8a;atp1b2b;lrrc52;pcdh15b;gramd1bb;nptna;baiap2l2b;lrrc73;klhl30;zmat4a;cfap57;eya4;cfap58;pclob,570.5,404.7,3.6,ENSDARG00000020581;ENSDARG00000033104;ENSDARG00000077382;ENSDARG00000071585;ENSDARG00000067537;ENSDARG00000057728;ENSDARG00000020746;ENSDARG00000009727;ENSDARG00000037790;ENSDARG00000109818;ENSDARG00000036773;ENSDARG00000062630;ENSDARG00000053074;ENSDARG00000042141;ENSDARG00000008849;ENSDARG00000078474;ENSDARG00000094738;ENSDARG00000006892;ENSDARG00000098076;ENSDARG00000075292;ENSDARG00000105391;ENSDARG00000062103;ENSDARG00000078211;ENSDARG00000076974;ENSDARG00000062693;ENSDARG00000098257;ENSDARG00000053315;ENSDARG00000051876;ENSDARG00000101363;ENSDARG00000094454;ENSDARG00000087373;ENSDARG00000007561;ENSDARG00000104139;ENSDARG00000063332;ENSDARG00000060941;ENSDARG00000095603;ENSDARG00000054050;ENSDARG00000034424;ENSDARG00000090698;ENSDARG00000008127;ENSDARG00000074258;ENSDARG00000103002;ENSDARG00000060933;ENSDARG00000063411;ENSDARG00000076094;ENSDARG00000092987;ENSDARG00000058090;ENSDARG00000012397;ENSDARG00000069435;ENSDARG00000098880,ENSDARG00000117474;ENSDARG00000091996;ENSDARG00000008697;ENSDARG00000046090;ENSDARG00000012341;ENSDARG00000055514;ENSDARG00000043128;ENSDARG00000058693;ENSDARG00000078619;ENSDARG00000019808;ENSDARG00000101043;ENSDARG00000039099;ENSDARG00000104359;ENSDARG00000061764;ENSDARG00000090268;ENSDARG00000103917;ENSDARG00000021242;ENSDARG00000116617;ENSDARG00000051975;ENSDARG00000063295;ENSDARG00000009830;ENSDARG00000004930;ENSDARG00000103459;ENSDARG00000060682;ENSDARG00000003952;ENSDARG00000092947;ENSDARG00000036832;ENSDARG00000097478;ENSDARG00000032575;ENSDARG00000074749;ENSDARG00000017624;ENSDARG00000103747;ENSDARG00000062590;ENSDARG00000063649;ENSDARG00000037870;ENSDARG00000021987;ENSDARG00000063572;ENSDARG00000037746;ENSDARG00000037655;ENSDARG00000044902;ENSDARG00000020850;ENSDARG00000058371;ENSDARG00000058115;ENSDARG00000099093;ENSDARG00000020298;ENSDARG00000053291;ENSDARG00000061736;ENSDARG00000018524;ENSDARG00000015536;ENSDARG00000035598,ENSDARG00000020581;ENSDARG00000033104;ENSDARG00000077382;ENSDARG00000071585;ENSDARG00000067537;ENSDARG00000057728;ENSDARG00000020746;ENSDARG00000009727;ENSDARG00000037790;ENSDARG00000109818;ENSDARG00000036773;ENSDARG00000062630;ENSDARG00000053074;ENSDARG00000042141;ENSDARG00000008849;ENSDARG00000078474;ENSDARG00000094738;ENSDARG00000006892;ENSDARG00000098076;ENSDARG00000075292;ENSDARG00000105391;ENSDARG00000062103;ENSDARG00000078211;ENSDARG00000076974;ENSDARG00000062693;ENSDARG00000098257;ENSDARG00000053315;ENSDARG00000051876;ENSDARG00000101363;ENSDARG00000094454;ENSDARG00000087373;ENSDARG00000007561;ENSDARG00000104139;ENSDARG00000063332;ENSDARG00000060941;ENSDARG00000095603;ENSDARG00000054050;ENSDARG00000034424;ENSDARG00000090698;ENSDARG00000008127;ENSDARG00000074258;ENSDARG00000103002;ENSDARG00000060933;ENSDARG00000063411;ENSDARG00000076094;ENSDARG00000092987;ENSDARG00000058090;ENSDARG00000012397;ENSDARG00000069435;ENSDARG00000098880
C016,688,688,smyhc1;myl13;myl10;tnnt2d;tnnc1b;pvalb4;tnni4b.2;mybpc3;atp2a1;ryr1a;ttn.2;acte1;tpm2;ttn.1;smyhc3;nme2b.2;neb;smyhc2;tnni1c;tnnt2e;xirp2a;hhatlb;coxfa4b;aldoab;slc25a5;myoz3a;gapdh;ckmb;myom1b;tnni1d;actc1b;tnnt2c;rnf207b;arxa;notum2;ckma;eno3;acta1a;mdh1aa;prx;myoz2b;frmd5b;tpm3;obscnb;actc1a;atp5mc1;mdh2;atp5f1b;pgam2;aldoaa,omc2;bicdl2l;dspa;evplb;anxa1a;spint1a;b4galt1;cldne;klf3;stard14;elf1;ip6k2a;dhrs13a.2;snx29;crybg1b;cyp2y3;pawr;sdc4;camk2d1;ppl;pnp5a;chl1a;arhgdig;abca12;cav1;hsd17b12a;anxa2a;pard3ba;agr1;klf2b;pkp3a;myo5b;nrg1;atp8b1;aep1;abcb5;ckap4;cldnb;litafd;spire1a;cavin2b;gsnb;evpla;man1a1;gvin1l2;ywhaz;pitpnm3;nfe2l2a;cdh1;sash1a,smyhc1;tnnt2d;myl13;myl10;ryr1a;smyhc3;notum2;tnni1c;tnni4b.2;tnnc1b;kcnmb2a;tnni1d;mybpc3;smyhc2;myh7bb;acte1;tpm2;tnnt2e;myoz2b;rnf207b;bpgm;pvalb4;hhatlb;arxa;chrnb1l;kcnab2b;atp2a1;s100p;ampd3a;myoz3a;ttn.2;tnnt2c;myl4;ppp1r3aa;neb;ttn.1;sfrp2;myom1b;mylk3;coxfa4b;mybpc1;psme4a;frmd5b;tpm3;xirp2a;nme2b.2;smpx;kcnab1a;mylk4a;uts2r1,606.7,260.0,11.91,ENSDARG00000099959;ENSDARG00000042245;ENSDARG00000062592;ENSDARG00000002988;ENSDARG00000037539;ENSDARG00000024433;ENSDARG00000036671;ENSDARG00000011615;ENSDARG00000020574;ENSDARG00000011422;ENSDARG00000028213;ENSDARG00000079111;ENSDARG00000104682;ENSDARG00000000563;ENSDARG00000114031;ENSDARG00000099420;ENSDARG00000032630;ENSDARG00000103969;ENSDARG00000042559;ENSDARG00000045822;ENSDARG00000071113;ENSDARG00000005139;ENSDARG00000056108;ENSDARG00000034470;ENSDARG00000092553;ENSDARG00000067701;ENSDARG00000043457;ENSDARG00000040565;ENSDARG00000104836;ENSDARG00000073766;ENSDARG00000099197;ENSDARG00000032242;ENSDARG00000012409;ENSDARG00000058011;ENSDARG00000088411;ENSDARG00000035327;ENSDARG00000039007;ENSDARG00000036371;ENSDARG00000017772;ENSDARG00000017246;ENSDARG00000037266;ENSDARG00000079622;ENSDARG00000005162;ENSDARG00000022101;ENSDARG00000042535;ENSDARG00000056008;ENSDARG00000043371;ENSDARG00000070083;ENSDARG00000057571;ENSDARG00000011665,ENSDARG00000117474;ENSDARG00000091669;ENSDARG00000022309;ENSDARG00000103459;ENSDARG00000026726;ENSDARG00000102332;ENSDARG00000002634;ENSDARG00000043128;ENSDARG00000015495;ENSDARG00000031929;ENSDARG00000020759;ENSDARG00000008310;ENSDARG00000111240;ENSDARG00000077317;ENSDARG00000006060;ENSDARG00000101423;ENSDARG00000045486;ENSDARG00000059906;ENSDARG00000043010;ENSDARG00000101043;ENSDARG00000078619;ENSDARG00000077881;ENSDARG00000004034;ENSDARG00000074749;ENSDARG00000103747;ENSDARG00000015709;ENSDARG00000003216;ENSDARG00000092671;ENSDARG00000060682;ENSDARG00000040432;ENSDARG00000051861;ENSDARG00000062003;ENSDARG00000104314;ENSDARG00000060980;ENSDARG00000039099;ENSDARG00000021787;ENSDARG00000032405;ENSDARG00000009544;ENSDARG00000087093;ENSDARG00000035868;ENSDARG00000071196;ENSDARG00000045262;ENSDARG00000019808;ENSDARG00000005652;ENSDARG00000102364;ENSDARG00000032575;ENSDARG00000055255;ENSDARG00000042824;ENSDARG00000102750;ENSDARG00000007179,ENSDARG00000099959;ENSDARG00000002988;ENSDARG00000042245;ENSDARG00000062592;ENSDARG00000011422;ENSDARG00000114031;ENSDARG00000088411;ENSDARG00000042559;ENSDARG00000036671;ENSDARG00000037539;ENSDARG00000006568;ENSDARG00000073766;ENSDARG00000011615;ENSDARG00000103969;ENSDARG00000035322;ENSDARG00000079111;ENSDARG00000104682;ENSDARG00000045822;ENSDARG00000037266;ENSDARG00000012409;ENSDARG00000070826;ENSDARG00000024433;ENSDARG00000005139;ENSDARG00000058011;ENSDARG00000022532;ENSDARG00000062134;ENSDARG00000020574;ENSDARG00000001712;ENSDARG00000005800;ENSDARG00000067701;ENSDARG00000028213;ENSDARG00000032242;ENSDARG00000011519;ENSDARG00000090468;ENSDARG00000032630;ENSDARG00000000563;ENSDARG00000070050;ENSDARG00000104836;ENSDARG00000076348;ENSDARG00000056108;ENSDARG00000045560;ENSDARG00000087911;ENSDARG00000079622;ENSDARG00000005162;ENSDARG00000071113;ENSDARG00000099420;ENSDARG00000045302;ENSDARG00000008140;ENSDARG00000091260;ENSDARG00000009624
C017,1356,1356,srrm4;dld;dla;rhbdl3;inavaa;nova2;nfia;ebf2;abhd6a;dlb;myt1a;dre-mir-9-1;lrrn1;cep131;jag1a;gpm6bb;ncam1a;lfng;notch1a;dcc;ctnna2;sulf2a;npas1;samd5;smad3b;notch1b;ark2ca;pax3a;dacha;chfr;plp1a;efcc1;frmd5a;kif26aa;ptprz1a;tfdp2;npas3;nkain2;nrarpb;cdh7a;myt1b;gdf11;ago1;igsf3;nin;pmepa1;ldlrad4a;inpp4ab;rfx4;dclk1a,spint2;myzap;slc38a5a;capn2l;sack1ha;omc2;fam169aa;gvin1l2;a2m1;tent5ba;b4galt1;atp10b;ptpn3;dhrs13a.2;klf2b;tmem176l.4;gjb8;prkcdb;pnp5a;fa2h;litafd;tmsb1;bicdl2l;agr1;hrc;waslb;epb41l3b;arpc5a;oclna;icn2;crybg1b;gfpt2;ahnak;cd9b;nos1;esrp1;pim1;dsg2.1;atp8b1;fut9d;ier2b;capns1a;chs3;anxa2a;sik1;nr4a1;piezo1;cldne;sec23b;ckap4,srrm4;dld;dla;rhbdl3;inavaa;nova2;nfia;ebf2;abhd6a;dlb;myt1a;dre-mir-9-1;lrrn1;cep131;jag1a;gpm6bb;ncam1a;lfng;notch1a;dcc;ctnna2;sulf2a;npas1;samd5;smad3b;notch1b;ark2ca;pax3a;dacha;chfr;plp1a;efcc1;frmd5a;kif26aa;ptprz1a;tfdp2;npas3;nkain2;nrarpb;cdh7a;myt1b;gdf11;ago1;igsf3;nin;pmepa1;ldlrad4a;inpp4ab;rfx4;dclk1a,308.7,238.6,1.5,ENSDARG00000086327;ENSDARG00000020219;ENSDARG00000010791;ENSDARG00000105190;ENSDARG00000078155;ENSDARG00000017673;ENSDARG00000062420;ENSDARG00000042525;ENSDARG00000060756;ENSDARG00000004232;ENSDARG00000074030;ENSDARG00000082019;ENSDARG00000060115;ENSDARG00000088984;ENSDARG00000030289;ENSDARG00000001676;ENSDARG00000056181;ENSDARG00000037879;ENSDARG00000103554;ENSDARG00000104282;ENSDARG00000024785;ENSDARG00000018423;ENSDARG00000015876;ENSDARG00000110032;ENSDARG00000010207;ENSDARG00000052094;ENSDARG00000077906;ENSDARG00000010192;ENSDARG00000010132;ENSDARG00000075347;ENSDARG00000103732;ENSDARG00000077826;ENSDARG00000075942;ENSDARG00000042368;ENSDARG00000051814;ENSDARG00000042835;ENSDARG00000109820;ENSDARG00000069427;ENSDARG00000018958;ENSDARG00000023542;ENSDARG00000102879;ENSDARG00000044924;ENSDARG00000092644;ENSDARG00000077002;ENSDARG00000060298;ENSDARG00000039325;ENSDARG00000070555;ENSDARG00000070995;ENSDARG00000026395;ENSDARG00000018856,ENSDARG00000069476;ENSDARG00000075017;ENSDARG00000009901;ENSDARG00000034211;ENSDARG00000068849;ENSDARG00000117474;ENSDARG00000059719;ENSDARG00000102364;ENSDARG00000104200;ENSDARG00000039943;ENSDARG00000002634;ENSDARG00000076230;ENSDARG00000055784;ENSDARG00000111240;ENSDARG00000040432;ENSDARG00000074390;ENSDARG00000042707;ENSDARG00000070651;ENSDARG00000078619;ENSDARG00000090063;ENSDARG00000087093;ENSDARG00000104181;ENSDARG00000091669;ENSDARG00000060682;ENSDARG00000045947;ENSDARG00000006283;ENSDARG00000019917;ENSDARG00000039142;ENSDARG00000005108;ENSDARG00000055514;ENSDARG00000006060;ENSDARG00000044094;ENSDARG00000061764;ENSDARG00000016691;ENSDARG00000068910;ENSDARG00000011245;ENSDARG00000100020;ENSDARG00000076945;ENSDARG00000060980;ENSDARG00000028098;ENSDARG00000086881;ENSDARG00000035329;ENSDARG00000068947;ENSDARG00000003216;ENSDARG00000058606;ENSDARG00000000796;ENSDARG00000076870;ENSDARG00000043128;ENSDARG00000019360;ENSDARG00000032405,ENSDARG00000086327;ENSDARG00000020219;ENSDARG00000010791;ENSDARG00000105190;ENSDARG00000078155;ENSDARG00000017673;ENSDARG00000062420;ENSDARG00000042525;ENSDARG00000060756;ENSDARG00000004232;ENSDARG00000074030;ENSDARG00000082019;ENSDARG00000060115;ENSDARG00000088984;ENSDARG00000030289;ENSDARG00000001676;ENSDARG00000056181;ENSDARG00000037879;ENSDARG00000103554;ENSDARG00000104282;ENSDARG00000024785;ENSDARG00000018423;ENSDARG00000015876;ENSDARG00000110032;ENSDARG00000010207;ENSDARG00000052094;ENSDARG00000077906;ENSDARG00000010192;ENSDARG00000010132;ENSDARG00000075347;ENSDARG00000103732;ENSDARG00000077826;ENSDARG00000075942;ENSDARG00000042368;ENSDARG00000051814;ENSDARG00000042835;ENSDARG00000109820;ENSDARG00000069427;ENSDARG00000018958;ENSDARG00000023542;ENSDARG00000102879;ENSDARG00000044924;ENSDARG00000092644;ENSDARG00000077002;ENSDARG00000060298;ENSDARG00000039325;ENSDARG00000070555;ENSDARG00000070995;ENSDARG00000026395;ENSDARG00000018856
C018,275,275,pkd1l2a;pkd2l1;myo3b;nppc;kcnb2b;rasgrf1;rnf220b;stac;espn;synpra;chrna8;kcnab1a;nrxn3a;clstn2a;nwd2;cacna2d2a;kcnt2b;rasgrf2b;grm2a;rnf220a;msi2b;tafa1a;kcnh3;fstl5;slc6a1b;crb1;kirrel3a;ptprt;map2k1;scg3;scn5lab;lrfn4b;nrxn3b;gad1b;eps8l2;gad2;syt14a;doc2b;pkib;baiap2a;ctnnd2a;kcnd3;cadpsa;gria3b;raver2;grip2b;iglon5;grin2aa;tub;grin2ab,mvp;icn2;cav1;capn9;znf185;cldne;perp;abca12;ahnak;crybg1b;anxa1c;dspb;pof1b;krt1-19e;ppl;hdlbpa;pkp3a;ahr2;pnp5a;pleca;agr1;actb2;krt5;evplb;tpm3;actb1;myh9a;cast;aep1;fgfr3;spaca4l;cd99;tob1b;evpla;elf1;lpp;pls3;pabpc1a;myh9b;fosl2;nr4a3;ctnna1;cyt1;egfra;cdh1;tcnbb;yap1;jupa;cyt1l;col5a1,pkd1l2a;pkd2l1;myo3b;nppc;kcnb2b;rasgrf1;rnf220b;stac;espn;synpra;chrna8;kcnab1a;nrxn3a;clstn2a;nwd2;cacna2d2a;kcnt2b;rasgrf2b;grm2a;rnf220a;msi2b;tafa1a;kcnh3;fstl5;slc6a1b;crb1;kirrel3a;ptprt;map2k1;scg3;scn5lab;lrfn4b;nrxn3b;gad1b;eps8l2;gad2;syt14a;doc2b;pkib;baiap2a;ctnnd2a;kcnd3;cadpsa;gria3b;raver2;grip2b;iglon5;grin2aa;tub;grin2ab,400.2,293.4,1.62,ENSDARG00000105344;ENSDARG00000022503;ENSDARG00000006892;ENSDARG00000068126;ENSDARG00000088842;ENSDARG00000073824;ENSDARG00000075183;ENSDARG00000074004;ENSDARG00000076414;ENSDARG00000037587;ENSDARG00000087224;ENSDARG00000008140;ENSDARG00000043746;ENSDARG00000060637;ENSDARG00000077162;ENSDARG00000103390;ENSDARG00000113064;ENSDARG00000002816;ENSDARG00000004150;ENSDARG00000060929;ENSDARG00000032614;ENSDARG00000062357;ENSDARG00000069560;ENSDARG00000040198;ENSDARG00000039647;ENSDARG00000100506;ENSDARG00000075806;ENSDARG00000074781;ENSDARG00000007825;ENSDARG00000086288;ENSDARG00000102312;ENSDARG00000078078;ENSDARG00000062693;ENSDARG00000027419;ENSDARG00000058108;ENSDARG00000015537;ENSDARG00000010934;ENSDARG00000088293;ENSDARG00000053110;ENSDARG00000062799;ENSDARG00000062415;ENSDARG00000056101;ENSDARG00000043661;ENSDARG00000037498;ENSDARG00000075034;ENSDARG00000027618;ENSDARG00000022176;ENSDARG00000034493;ENSDARG00000062165;ENSDARG00000070543,ENSDARG00000021242;ENSDARG00000055514;ENSDARG00000103747;ENSDARG00000012341;ENSDARG00000103917;ENSDARG00000043128;ENSDARG00000063572;ENSDARG00000074749;ENSDARG00000061764;ENSDARG00000006060;ENSDARG00000104359;ENSDARG00000076673;ENSDARG00000054060;ENSDARG00000090268;ENSDARG00000101043;ENSDARG00000009830;ENSDARG00000051861;ENSDARG00000021833;ENSDARG00000078619;ENSDARG00000062590;ENSDARG00000060682;ENSDARG00000037870;ENSDARG00000058371;ENSDARG00000103459;ENSDARG00000005162;ENSDARG00000037746;ENSDARG00000063295;ENSDARG00000058693;ENSDARG00000039099;ENSDARG00000004782;ENSDARG00000116617;ENSDARG00000051975;ENSDARG00000021372;ENSDARG00000019808;ENSDARG00000020759;ENSDARG00000023578;ENSDARG00000037655;ENSDARG00000017219;ENSDARG00000001014;ENSDARG00000040623;ENSDARG00000055854;ENSDARG00000102441;ENSDARG00000092947;ENSDARG00000013847;ENSDARG00000102750;ENSDARG00000091996;ENSDARG00000068401;ENSDARG00000070787;ENSDARG00000036832;ENSDARG00000012593,ENSDARG00000105344;ENSDARG00000022503;ENSDARG00000006892;ENSDARG00000068126;ENSDARG00000088842;ENSDARG00000073824;ENSDARG00000075183;ENSDARG00000074004;ENSDARG00000076414;ENSDARG00000037587;ENSDARG00000087224;ENSDARG00000008140;ENSDARG00000043746;ENSDARG00000060637;ENSDARG00000077162;ENSDARG00000103390;ENSDARG00000113064;ENSDARG00000002816;ENSDARG00000004150;ENSDARG00000060929;ENSDARG00000032614;ENSDARG00000062357;ENSDARG00000069560;ENSDARG00000040198;ENSDARG00000039647;ENSDARG00000100506;ENSDARG00000075806;ENSDARG00000074781;ENSDARG00000007825;ENSDARG00000086288;ENSDARG00000102312;ENSDARG00000078078;ENSDARG00000062693;ENSDARG00000027419;ENSDARG00000058108;ENSDARG00000015537;ENSDARG00000010934;ENSDARG00000088293;ENSDARG00000053110;ENSDARG00000062799;ENSDARG00000062415;ENSDARG00000056101;ENSDARG00000043661;ENSDARG00000037498;ENSDARG00000075034;ENSDARG00000027618;ENSDARG00000022176;ENSDARG00000034493;ENSDARG00000062165;ENSDARG00000070543
C019,6526,5000,nlgn1;grid1b;nrxn1a;slc12a5b;nrxn2a;dlgap2b;lrfn5a;csmd2;cacna1ab;iglon5;csmd1a;csmd3b;baiap3;adgrb3;gabbr2;grin1b;csmd3a;tenm2a;slc12a5a;grik2;gabrb2;camta1a;tafa5l;kcnd2;grid2;lrrc4ca;vwc2l;unc5a;olfm2a;ntng1a;ntrk3b;syngap1b;gria3b;luzp2;dlgap2a;gabrg3;gria2b;celf5a;nlgn4xa;brinp1;grin2aa;astn1;cntnap2a;galntl6;hs3st4;onecut3b;asic2;mgat4c;nrxn3a;ncam2b,btr12;b3gnt3.1;tmem176l.3b;omc2;c1galt1c1;gstp1.2;a2m1;mgst1.2;selenow2b;rnf183;sack1ha;ripk4;myzap;septin10;tcima;klf2b;bnipl;chs3;tmem263;sult6b1;dspb;stx11b.1;capn2l;eps8l1a;elovl7a;arhgap27l;elovl6l;grhl1;klf3;pkp3a;bicdl2l;cdh27;fam169aa;capn9;gvin1l2;trpm4b.2;gsnb;gna14;itpkcb;gdpd2;pitpnaa;mid1ip1a;c1galt1lb;rhbg;evplb;cpt1a2b;dusp1;dhrs13a.2;osbpl7;cavin2a,nlgn1;grid1b;nrxn1a;slc12a5b;nrxn2a;dlgap2b;lrfn5a;csmd2;cacna1ab;iglon5;csmd1a;csmd3b;baiap3;adgrb3;gabbr2;grin1b;csmd3a;tenm2a;slc12a5a;grik2;gabrb2;camta1a;tafa5l;kcnd2;grid2;lrrc4ca;vwc2l;unc5a;olfm2a;ntng1a;ntrk3b;syngap1b;gria3b;luzp2;dlgap2a;gabrg3;gria2b;celf5a;nlgn4xa;brinp1;grin2aa;astn1;cntnap2a;galntl6;hs3st4;onecut3b;asic2;mgat4c;nrxn3a;ncam2b,373.5,267.8,0.88,ENSDARG00000077710;ENSDARG00000044161;ENSDARG00000061647;ENSDARG00000078187;ENSDARG00000061454;ENSDARG00000092376;ENSDARG00000071230;ENSDARG00000001559;ENSDARG00000006923;ENSDARG00000022176;ENSDARG00000044414;ENSDARG00000077920;ENSDARG00000079264;ENSDARG00000059832;ENSDARG00000061042;ENSDARG00000025728;ENSDARG00000077905;ENSDARG00000037122;ENSDARG00000075815;ENSDARG00000113771;ENSDARG00000100032;ENSDARG00000077428;ENSDARG00000068100;ENSDARG00000032799;ENSDARG00000055302;ENSDARG00000113411;ENSDARG00000069134;ENSDARG00000099034;ENSDARG00000077847;ENSDARG00000014973;ENSDARG00000086214;ENSDARG00000069765;ENSDARG00000037498;ENSDARG00000068247;ENSDARG00000059340;ENSDARG00000099919;ENSDARG00000052765;ENSDARG00000071375;ENSDARG00000079455;ENSDARG00000078302;ENSDARG00000034493;ENSDARG00000068323;ENSDARG00000058969;ENSDARG00000040048;ENSDARG00000052648;ENSDARG00000091059;ENSDARG00000006849;ENSDARG00000041791;ENSDARG00000043746;ENSDARG00000017466,ENSDARG00000051809;ENSDARG00000043482;ENSDARG00000096874;ENSDARG00000117474;ENSDARG00000036335;ENSDARG00000104068;ENSDARG00000104200;ENSDARG00000022165;ENSDARG00000089936;ENSDARG00000068851;ENSDARG00000068849;ENSDARG00000043211;ENSDARG00000075017;ENSDARG00000099236;ENSDARG00000079497;ENSDARG00000040432;ENSDARG00000060435;ENSDARG00000068947;ENSDARG00000030465;ENSDARG00000086826;ENSDARG00000076673;ENSDARG00000029290;ENSDARG00000034211;ENSDARG00000057984;ENSDARG00000069279;ENSDARG00000061798;ENSDARG00000038639;ENSDARG00000061391;ENSDARG00000015495;ENSDARG00000051861;ENSDARG00000091669;ENSDARG00000055093;ENSDARG00000059719;ENSDARG00000012341;ENSDARG00000102364;ENSDARG00000063435;ENSDARG00000045262;ENSDARG00000035178;ENSDARG00000067741;ENSDARG00000073870;ENSDARG00000039490;ENSDARG00000041051;ENSDARG00000055561;ENSDARG00000009018;ENSDARG00000103459;ENSDARG00000037943;ENSDARG00000100515;ENSDARG00000111240;ENSDARG00000012981;ENSDARG00000027611,ENSDARG00000077710;ENSDARG00000044161;ENSDARG00000061647;ENSDARG00000078187;ENSDARG00000061454;ENSDARG00000092376;ENSDARG00000071230;ENSDARG00000001559;ENSDARG00000006923;ENSDARG00000022176;ENSDARG00000044414;ENSDARG00000077920;ENSDARG00000079264;ENSDARG00000059832;ENSDARG00000061042;ENSDARG00000025728;ENSDARG00000077905;ENSDARG00000037122;ENSDARG00000075815;ENSDARG00000113771;ENSDARG00000100032;ENSDARG00000077428;ENSDARG00000068100;ENSDARG00000032799;ENSDARG00000055302;ENSDARG00000113411;ENSDARG00000069134;ENSDARG00000099034;ENSDARG00000077847;ENSDARG00000014973;ENSDARG00000086214;ENSDARG00000069765;ENSDARG00000037498;ENSDARG00000068247;ENSDARG00000059340;ENSDARG00000099919;ENSDARG00000052765;ENSDARG00000071375;ENSDARG00000079455;ENSDARG00000078302;ENSDARG00000034493;ENSDARG00000068323;ENSDARG00000058969;ENSDARG00000040048;ENSDARG00000052648;ENSDARG00000091059;ENSDARG00000006849;ENSDARG00000041791;ENSDARG00000043746;ENSDARG00000017466
C020,90,90,spon1a;mctp1a;rbfox3b;ncam2b;vipr2;ntrk2a;gramd1bb;tmeff2b;tafa1b;cntnap5a;syt9a;phf24;grm7;tafa5l;fibcd1a-1;cckb;elavl4;cntn5;fibcd1b;whrna;glra3;runx1t1;vwc2l;cpne5a;hs3st1l2;rtn4r;cntn3a.1;grm2a;gria3a;b4galnt4b;vsnl1a;iglon5;caln2;celf5b;grik4;lrp1ba;gpr158a;csmd3a;sgcz;igsf9bb;kif1aa;rbfox1;gpc6a;ank1b;igsf21a;kcnc3a;syt7b;ctnnd2a;b3gat2;camta1a,ppl;ahnak;cast;foxp4;qkia;cyt1;fgfr2;hdlbpa;krt4;plecb;pleca;krt5;actb2;cyt1l;actn4,ntrk1;elavl4;tmeff2b;tlx2;prkg2;thsd7bb;ppp1r1c;mdga1;pcbp4;ntrk2a;prkg1b;ank2a;stmn4l;asic1b;nes;trarg1a;kif26bb;phf24;gfra1b;vim;sez6l;kif1aa;ntng2a;nrn1la;cacna1ba;frmd3;pde5ab;adam19b;ebf3a;mast1a;ankrd13b;arhgap22a;cntn2;anxa13l;scn8ab;stum;nptx1l;ebf1a;ntng2b;prkg1a;gpr158b;b3gat2;npr2;thsd7ba;dscamb;kcnd1;mctp1a;grip2b;rin1b;syt2a,610.8,421.5,1.82,ENSDARG00000010029;ENSDARG00000076404;ENSDARG00000074310;ENSDARG00000017466;ENSDARG00000012353;ENSDARG00000059897;ENSDARG00000074258;ENSDARG00000058699;ENSDARG00000088837;ENSDARG00000073920;ENSDARG00000003994;ENSDARG00000077596;ENSDARG00000100267;ENSDARG00000068100;ENSDARG00000093851;ENSDARG00000100052;ENSDARG00000045639;ENSDARG00000021584;ENSDARG00000060393;ENSDARG00000075362;ENSDARG00000011066;ENSDARG00000003680;ENSDARG00000069134;ENSDARG00000061466;ENSDARG00000035578;ENSDARG00000090035;ENSDARG00000062880;ENSDARG00000004150;ENSDARG00000032737;ENSDARG00000076701;ENSDARG00000023228;ENSDARG00000022176;ENSDARG00000069766;ENSDARG00000090727;ENSDARG00000026753;ENSDARG00000004789;ENSDARG00000077134;ENSDARG00000077905;ENSDARG00000106258;ENSDARG00000069467;ENSDARG00000061817;ENSDARG00000014746;ENSDARG00000103156;ENSDARG00000074777;ENSDARG00000031049;ENSDARG00000055855;ENSDARG00000078060;ENSDARG00000062415;ENSDARG00000030733;ENSDARG00000077428,ENSDARG00000101043;ENSDARG00000061764;ENSDARG00000058693;ENSDARG00000076120;ENSDARG00000097478;ENSDARG00000092947;ENSDARG00000058115;ENSDARG00000009830;ENSDARG00000017624;ENSDARG00000021987;ENSDARG00000062590;ENSDARG00000058371;ENSDARG00000037870;ENSDARG00000036832;ENSDARG00000099786,ENSDARG00000004586;ENSDARG00000045639;ENSDARG00000058699;ENSDARG00000011273;ENSDARG00000054741;ENSDARG00000061497;ENSDARG00000038941;ENSDARG00000074376;ENSDARG00000024276;ENSDARG00000059897;ENSDARG00000031702;ENSDARG00000009026;ENSDARG00000043932;ENSDARG00000101866;ENSDARG00000088805;ENSDARG00000090481;ENSDARG00000024575;ENSDARG00000077596;ENSDARG00000102564;ENSDARG00000010008;ENSDARG00000100594;ENSDARG00000061817;ENSDARG00000077367;ENSDARG00000069368;ENSDARG00000021735;ENSDARG00000059885;ENSDARG00000051915;ENSDARG00000067545;ENSDARG00000100244;ENSDARG00000027497;ENSDARG00000014652;ENSDARG00000021255;ENSDARG00000000472;ENSDARG00000013613;ENSDARG00000018032;ENSDARG00000041915;ENSDARG00000074671;ENSDARG00000099849;ENSDARG00000087100;ENSDARG00000020656;ENSDARG00000079665;ENSDARG00000030733;ENSDARG00000104393;ENSDARG00000095022;ENSDARG00000028118;ENSDARG00000074746;ENSDARG00000076404;ENSDARG00000027618;ENSDARG00000070100;ENSDARG00000025206
C021,4101,4101,wt1a;adamts15a;rhag;myrf;col6a3;col6a2;col6a1;mmel1;aldh1a2;clmpa;col6a4a;angpt1;smtnl2;tmem88b;fgf10a;rbpms2a;fmoda;sfrp5;angpt4;ccbe1;adam8b;pcdh15b;jcada;htra1b;itga5;pdgfra;bnc2;asap3;slit3;ppfibp1a;meis3;podxl;anos1b;ror1;col23a1b;smoc1;svep1;sema3e;fn1b;cd34;colec12;col5a1;igf2b;mideasb;rbpms2b;antxr1c;hmga2;fn1a;boc;dchs1a,klf2b;omc2;mid1ip1a;foxq1a;s100v1;btr12;elovl6l;adgrg2a;stx11b.1;adgrf6;gvin1l2;gsnb;elovl7b;a2m1;dhrs13a.2;anxa1d;anxa1a;abca12;oclnb;il17rc;stard14;nectin4a;evplb;elovl7a;fut9d;bicdl2l;cst14b.1;atp10b;hsd17b12a;vamp8;muc13a;b4galnt3b;fam169aa;cldnb;slc38a5a;cyp17a1;tmem176l.4;soul2;st14a;s100w;rnf128a;capn2l;selenow2b;tcnbb;znf185;esrp1;paqr5b;galnt6;caspb;hip1rb,wt1a;adamts15a;rhag;myrf;col6a3;col6a2;col6a1;mmel1;aldh1a2;clmpa;col6a4a;angpt1;smtnl2;tmem88b;fgf10a;rbpms2a;fmoda;sfrp5;angpt4;ccbe1;adam8b;pcdh15b;jcada;htra1b;itga5;pdgfra;bnc2;asap3;slit3;ppfibp1a;meis3;podxl;anos1b;ror1;col23a1b;smoc1;svep1;sema3e;fn1b;cd34;colec12;col5a1;igf2b;mideasb;rbpms2b;antxr1c;hmga2;fn1a;boc;dchs1a,447.6,323.8,2.32,ENSDARG00000031420;ENSDARG00000029124;ENSDARG00000019253;ENSDARG00000078676;ENSDARG00000077139;ENSDARG00000061436;ENSDARG00000074908;ENSDARG00000105389;ENSDARG00000053493;ENSDARG00000116937;ENSDARG00000079752;ENSDARG00000030364;ENSDARG00000055632;ENSDARG00000069388;ENSDARG00000030932;ENSDARG00000045930;ENSDARG00000044895;ENSDARG00000039041;ENSDARG00000076787;ENSDARG00000086158;ENSDARG00000057644;ENSDARG00000008127;ENSDARG00000089871;ENSDARG00000014907;ENSDARG00000006353;ENSDARG00000070494;ENSDARG00000069989;ENSDARG00000021896;ENSDARG00000034268;ENSDARG00000045749;ENSDARG00000002795;ENSDARG00000031228;ENSDARG00000004932;ENSDARG00000015176;ENSDARG00000089078;ENSDARG00000088255;ENSDARG00000013526;ENSDARG00000036571;ENSDARG00000006526;ENSDARG00000095268;ENSDARG00000061140;ENSDARG00000012593;ENSDARG00000033307;ENSDARG00000053864;ENSDARG00000079578;ENSDARG00000063612;ENSDARG00000069912;ENSDARG00000019815;ENSDARG00000074335;ENSDARG00000070025,ENSDARG00000040432;ENSDARG00000117474;ENSDARG00000041051;ENSDARG00000030896;ENSDARG00000070427;ENSDARG00000051809;ENSDARG00000038639;ENSDARG00000088137;ENSDARG00000029290;ENSDARG00000042829;ENSDARG00000102364;ENSDARG00000045262;ENSDARG00000100185;ENSDARG00000104200;ENSDARG00000111240;ENSDARG00000098481;ENSDARG00000026726;ENSDARG00000074749;ENSDARG00000003091;ENSDARG00000099902;ENSDARG00000031929;ENSDARG00000077419;ENSDARG00000103459;ENSDARG00000069279;ENSDARG00000028098;ENSDARG00000091669;ENSDARG00000117133;ENSDARG00000076230;ENSDARG00000015709;ENSDARG00000024116;ENSDARG00000069559;ENSDARG00000058939;ENSDARG00000059719;ENSDARG00000009544;ENSDARG00000009901;ENSDARG00000033566;ENSDARG00000074390;ENSDARG00000039499;ENSDARG00000061173;ENSDARG00000101181;ENSDARG00000016867;ENSDARG00000034211;ENSDARG00000089936;ENSDARG00000091996;ENSDARG00000103917;ENSDARG00000011245;ENSDARG00000052688;ENSDARG00000014386;ENSDARG00000052039;ENSDARG00000102458,ENSDARG00000031420;ENSDARG00000029124;ENSDARG00000019253;ENSDARG00000078676;ENSDARG00000077139;ENSDARG00000061436;ENSDARG00000074908;ENSDARG00000105389;ENSDARG00000053493;ENSDARG00000116937;ENSDARG00000079752;ENSDARG00000030364;ENSDARG00000055632;ENSDARG00000069388;ENSDARG00000030932;ENSDARG00000045930;ENSDARG00000044895;ENSDARG00000039041;ENSDARG00000076787;ENSDARG00000086158;ENSDARG00000057644;ENSDARG00000008127;ENSDARG00000089871;ENSDARG00000014907;ENSDARG00000006353;ENSDARG00000070494;ENSDARG00000069989;ENSDARG00000021896;ENSDARG00000034268;ENSDARG00000045749;ENSDARG00000002795;ENSDARG00000031228;ENSDARG00000004932;ENSDARG00000015176;ENSDARG00000089078;ENSDARG00000088255;ENSDARG00000013526;ENSDARG00000036571;ENSDARG00000006526;ENSDARG00000095268;ENSDARG00000061140;ENSDARG00000012593;ENSDARG00000033307;ENSDARG00000053864;ENSDARG00000079578;ENSDARG00000063612;ENSDARG00000069912;ENSDARG00000019815;ENSDARG00000074335;ENSDARG00000070025
C022,426,426,mdga1;elavl4;ntrk1;asic1b;hs3st4;nrn1la;tlx2;prkg1b;stum;mgat4b;pde5ab;hs3st2;cdh4;pcbp4;rin1b;cntn2;gal3st3;nes;eya4;ptprfa;adgrb1a;ptprfb;msi2a;stmn4l;kif1aa;thsd7bb;ppp1r1c;vim;prkg1a;tmeff2b;ntng2a;gpr158b;adam19b;pcdh9;pou6f2;runx1;atp1a3b;map1ab;adarb1a;fgf13a;cbfb;gria3b;oxr1b;zeb1b;ebf3a;khdrbs2;npr2;znf536;camta1a;cntfr,cldne;f11r.1;omc2;icn;rhpn2;piezo1;pdlim7;evpla;nfe2l2a;agr1;fam169aa;lmo7a;pof1b;fosl2;abca12;pnp5a;ahnak;abcb5;crybg1b;pkp3a;adipor2;cav1;eppk1;nr4a3;tcnbb;crybg1a;iqgap1;dspb;ppl;spaca4l;foxo1a;capn9;anxa1c;evplb;aep1;cyt1;lpp;cd99;baiap2a;perp;epas1a;myh9a;tln1;myo5b;ubb;foxo1b;egfra;cast;sec23b;hdlbpa,ntrk1;elavl4;tmeff2b;tlx2;prkg2;thsd7bb;ppp1r1c;mdga1;pcbp4;ntrk2a;prkg1b;ank2a;stmn4l;asic1b;nes;trarg1a;kif26bb;phf24;gfra1b;vim;sez6l;kif1aa;ntng2a;nrn1la;cacna1ba;frmd3;pde5ab;adam19b;ebf3a;mast1a;ankrd13b;arhgap22a;cntn2;anxa13l;scn8ab;stum;nptx1l;ebf1a;ntng2b;prkg1a;gpr158b;b3gat2;npr2;thsd7ba;dscamb;kcnd1;mctp1a;grip2b;rin1b;syt2a,440.1,299.2,3.13,ENSDARG00000074376;ENSDARG00000045639;ENSDARG00000004586;ENSDARG00000101866;ENSDARG00000052648;ENSDARG00000069368;ENSDARG00000011273;ENSDARG00000031702;ENSDARG00000041915;ENSDARG00000004115;ENSDARG00000051915;ENSDARG00000059616;ENSDARG00000015002;ENSDARG00000024276;ENSDARG00000070100;ENSDARG00000000472;ENSDARG00000073728;ENSDARG00000088805;ENSDARG00000012397;ENSDARG00000103479;ENSDARG00000075133;ENSDARG00000005754;ENSDARG00000033901;ENSDARG00000043932;ENSDARG00000061817;ENSDARG00000061497;ENSDARG00000038941;ENSDARG00000010008;ENSDARG00000020656;ENSDARG00000058699;ENSDARG00000077367;ENSDARG00000079665;ENSDARG00000067545;ENSDARG00000063264;ENSDARG00000086362;ENSDARG00000087646;ENSDARG00000104139;ENSDARG00000022045;ENSDARG00000041609;ENSDARG00000035056;ENSDARG00000040917;ENSDARG00000037498;ENSDARG00000063310;ENSDARG00000013207;ENSDARG00000100244;ENSDARG00000069469;ENSDARG00000104393;ENSDARG00000103648;ENSDARG00000077428;ENSDARG00000028661,ENSDARG00000043128;ENSDARG00000017320;ENSDARG00000117474;ENSDARG00000009978;ENSDARG00000014577;ENSDARG00000076870;ENSDARG00000103854;ENSDARG00000019808;ENSDARG00000042824;ENSDARG00000060682;ENSDARG00000059719;ENSDARG00000004930;ENSDARG00000054060;ENSDARG00000040623;ENSDARG00000074749;ENSDARG00000078619;ENSDARG00000061764;ENSDARG00000021787;ENSDARG00000006060;ENSDARG00000051861;ENSDARG00000101849;ENSDARG00000103747;ENSDARG00000096359;ENSDARG00000055854;ENSDARG00000091996;ENSDARG00000031782;ENSDARG00000078888;ENSDARG00000076673;ENSDARG00000101043;ENSDARG00000116617;ENSDARG00000099555;ENSDARG00000012341;ENSDARG00000104359;ENSDARG00000103459;ENSDARG00000039099;ENSDARG00000092947;ENSDARG00000023578;ENSDARG00000051975;ENSDARG00000062799;ENSDARG00000063572;ENSDARG00000008697;ENSDARG00000063295;ENSDARG00000100729;ENSDARG00000062003;ENSDARG00000093313;ENSDARG00000061549;ENSDARG00000013847;ENSDARG00000058693;ENSDARG00000019360;ENSDARG00000009830,ENSDARG00000004586;ENSDARG00000045639;ENSDARG00000058699;ENSDARG00000011273;ENSDARG00000054741;ENSDARG00000061497;ENSDARG00000038941;ENSDARG00000074376;ENSDARG00000024276;ENSDARG00000059897;ENSDARG00000031702;ENSDARG00000009026;ENSDARG00000043932;ENSDARG00000101866;ENSDARG00000088805;ENSDARG00000090481;ENSDARG00000024575;ENSDARG00000077596;ENSDARG00000102564;ENSDARG00000010008;ENSDARG00000100594;ENSDARG00000061817;ENSDARG00000077367;ENSDARG00000069368;ENSDARG00000021735;ENSDARG00000059885;ENSDARG00000051915;ENSDARG00000067545;ENSDARG00000100244;ENSDARG00000027497;ENSDARG00000014652;ENSDARG00000021255;ENSDARG00000000472;ENSDARG00000013613;ENSDARG00000018032;ENSDARG00000041915;ENSDARG00000074671;ENSDARG00000099849;ENSDARG00000087100;ENSDARG00000020656;ENSDARG00000079665;ENSDARG00000030733;ENSDARG00000104393;ENSDARG00000095022;ENSDARG00000028118;ENSDARG00000074746;ENSDARG00000076404;ENSDARG00000027618;ENSDARG00000070100;ENSDARG00000025206
C023,239,239,tmeff2b;phf24;kcnab2a;plxna4;elavl4;cntn4;ntrk2a;tlx2;thsd7bb;cntn5;pcbp4;rgs6;ppp1r12b;ank2a;kcnd1;ntng2a;scn8ab;ppp1r1c;mast1a;vim;prkg1b;cacna1ba;maptb;syt9a;raver2;grip2b;ebf1b;atp2b3b;kcnh5a;ccdc92;b3gat2;gria3a;frmd3;ebf3a;ebf1a;mctp1a;cbfb;cadm2a;clstn2a;shc2;drp2;nrxn1a;kcnc3b;add2;kif1aa;rbfox3b;rps6ka3b;map1ab;adam11;rtn4r,cd99;tcnbb;pof1b;dspb;pawr;pnp5a;tob1b;aep1;cavin2b;ahnak;pkp3a;hdlbpa;myh9a;ppl;crybg1b;znf185;abca12;spaca4l;egfra;yap1;evplb;krt1-19e;qkia;btg2;krt5;cldne;evpla;agr1;perp;fosb;anxa1c;lmo7a;cast;cyt1;cav1;nr4a3;lpp;cyt1l;foxp4;coro1ca;tead3b;midn;krt4;actb1;fgfr2;actb2;fosab;pleca;meis1b;dock1,ntrk1;elavl4;tmeff2b;tlx2;prkg2;thsd7bb;ppp1r1c;mdga1;pcbp4;ntrk2a;prkg1b;ank2a;stmn4l;asic1b;nes;trarg1a;kif26bb;phf24;gfra1b;vim;sez6l;kif1aa;ntng2a;nrn1la;cacna1ba;frmd3;pde5ab;adam19b;ebf3a;mast1a;ankrd13b;arhgap22a;cntn2;anxa13l;scn8ab;stum;nptx1l;ebf1a;ntng2b;prkg1a;gpr158b;b3gat2;npr2;thsd7ba;dscamb;kcnd1;mctp1a;grip2b;rin1b;syt2a,620.2,403.6,1.66,ENSDARG00000058699;ENSDARG00000077596;ENSDARG00000087247;ENSDARG00000019328;ENSDARG00000045639;ENSDARG00000098161;ENSDARG00000059897;ENSDARG00000011273;ENSDARG00000061497;ENSDARG00000021584;ENSDARG00000024276;ENSDARG00000015627;ENSDARG00000117155;ENSDARG00000009026;ENSDARG00000074746;ENSDARG00000077367;ENSDARG00000018032;ENSDARG00000038941;ENSDARG00000027497;ENSDARG00000010008;ENSDARG00000031702;ENSDARG00000021735;ENSDARG00000087616;ENSDARG00000003994;ENSDARG00000075034;ENSDARG00000027618;ENSDARG00000069196;ENSDARG00000023445;ENSDARG00000043220;ENSDARG00000041750;ENSDARG00000030733;ENSDARG00000032737;ENSDARG00000059885;ENSDARG00000100244;ENSDARG00000099849;ENSDARG00000076404;ENSDARG00000040917;ENSDARG00000009930;ENSDARG00000060637;ENSDARG00000062080;ENSDARG00000101419;ENSDARG00000061647;ENSDARG00000098816;ENSDARG00000074581;ENSDARG00000061817;ENSDARG00000074310;ENSDARG00000057927;ENSDARG00000022045;ENSDARG00000079204;ENSDARG00000090035,ENSDARG00000051975;ENSDARG00000091996;ENSDARG00000054060;ENSDARG00000076673;ENSDARG00000045486;ENSDARG00000078619;ENSDARG00000021372;ENSDARG00000039099;ENSDARG00000071196;ENSDARG00000061764;ENSDARG00000051861;ENSDARG00000009830;ENSDARG00000063295;ENSDARG00000101043;ENSDARG00000006060;ENSDARG00000103917;ENSDARG00000074749;ENSDARG00000116617;ENSDARG00000013847;ENSDARG00000068401;ENSDARG00000103459;ENSDARG00000090268;ENSDARG00000097478;ENSDARG00000020298;ENSDARG00000058371;ENSDARG00000043128;ENSDARG00000019808;ENSDARG00000060682;ENSDARG00000063572;ENSDARG00000055751;ENSDARG00000104359;ENSDARG00000004930;ENSDARG00000058693;ENSDARG00000092947;ENSDARG00000103747;ENSDARG00000055854;ENSDARG00000023578;ENSDARG00000036832;ENSDARG00000076120;ENSDARG00000035598;ENSDARG00000063649;ENSDARG00000018524;ENSDARG00000017624;ENSDARG00000037746;ENSDARG00000058115;ENSDARG00000037870;ENSDARG00000031683;ENSDARG00000062590;ENSDARG00000012078;ENSDARG00000099093,ENSDARG00000004586;ENSDARG00000045639;ENSDARG00000058699;ENSDARG00000011273;ENSDARG00000054741;ENSDARG00000061497;ENSDARG00000038941;ENSDARG00000074376;ENSDARG00000024276;ENSDARG00000059897;ENSDARG00000031702;ENSDARG00000009026;ENSDARG00000043932;ENSDARG00000101866;ENSDARG00000088805;ENSDARG00000090481;ENSDARG00000024575;ENSDARG00000077596;ENSDARG00000102564;ENSDARG00000010008;ENSDARG00000100594;ENSDARG00000061817;ENSDARG00000077367;ENSDARG00000069368;ENSDARG00000021735;ENSDARG00000059885;ENSDARG00000051915;ENSDARG00000067545;ENSDARG00000100244;ENSDARG00000027497;ENSDARG00000014652;ENSDARG00000021255;ENSDARG00000000472;ENSDARG00000013613;ENSDARG00000018032;ENSDARG00000041915;ENSDARG00000074671;ENSDARG00000099849;ENSDARG00000087100;ENSDARG00000020656;ENSDARG00000079665;ENSDARG00000030733;ENSDARG00000104393;ENSDARG00000095022;ENSDARG00000028118;ENSDARG00000074746;ENSDARG00000076404;ENSDARG00000027618;ENSDARG00000070100;ENSDARG00000025206
C024,936,936,ntn1b;spon1a;olfml2ba;slit1b;bgnb;wnt4;wnt4b;spon1b;slit2;sspo;npr3;ptn;bicc2;clu;pkd1b;ccn1l2;rfx4;nvl;shhb;slit1a;gpc5b;shha;slc1a3b;vasna;adamtsl3;cntn1b;foxj1a;slit3;crocc2;sulf1;sparcl1;hapln1a;trabd2b;fhdc2;shank3a;adgrv1;ptgfrnb;cfap57;ank1a;pbx3a;bcan;adamts14;bmp1a;ccn2a;prom1a;gucy1b1;clstn2a;scube1;rassf7a;lmx1bb,icn2;chs3;elovl7a;cldn7b;hsd17b12a;fam169aa;scel;spint2;dhrs13a.2;omc2;gsnb;aldob;abcb5;evplb;klf2b;fut9d;stard14;f11r.1;erbb3a;cd9b;anxa2a;crybg1b;lmo7a;ppl;slc37a1;tnks1bp1;cd99;tjp3;dgkzb;nos1;pnp5a;krt1-19e;icn;pkp3a;litafd;agr1;capn9;cst14b.1;myo18aa;bicdl2l;znf185;tcnbb;aep1;myh9a;sec23b;b4galt1;epas1a;epcam;atp8b1;cldne,ntn1b;spon1a;olfml2ba;slit1b;bgnb;wnt4;wnt4b;spon1b;slit2;sspo;npr3;ptn;bicc2;clu;pkd1b;ccn1l2;rfx4;nvl;shhb;slit1a;gpc5b;shha;slc1a3b;vasna;adamtsl3;cntn1b;foxj1a;slit3;crocc2;sulf1;sparcl1;hapln1a;trabd2b;fhdc2;shank3a;adgrv1;ptgfrnb;cfap57;ank1a;pbx3a;bcan;adamts14;bmp1a;ccn2a;prom1a;gucy1b1;clstn2a;scube1;rassf7a;lmx1bb,486.9,320.4,3.46,ENSDARG00000022531;ENSDARG00000010029;ENSDARG00000005716;ENSDARG00000099446;ENSDARG00000002945;ENSDARG00000071208;ENSDARG00000040159;ENSDARG00000023694;ENSDARG00000004246;ENSDARG00000067859;ENSDARG00000035253;ENSDARG00000102340;ENSDARG00000076557;ENSDARG00000010434;ENSDARG00000033029;ENSDARG00000099985;ENSDARG00000026395;ENSDARG00000025605;ENSDARG00000038867;ENSDARG00000044954;ENSDARG00000024588;ENSDARG00000068567;ENSDARG00000043148;ENSDARG00000099266;ENSDARG00000027903;ENSDARG00000045685;ENSDARG00000101919;ENSDARG00000034268;ENSDARG00000017425;ENSDARG00000038428;ENSDARG00000074989;ENSDARG00000089769;ENSDARG00000088816;ENSDARG00000099767;ENSDARG00000063332;ENSDARG00000021137;ENSDARG00000075505;ENSDARG00000058090;ENSDARG00000059093;ENSDARG00000089262;ENSDARG00000099412;ENSDARG00000078494;ENSDARG00000028071;ENSDARG00000042934;ENSDARG00000039966;ENSDARG00000086790;ENSDARG00000060637;ENSDARG00000063097;ENSDARG00000079917;ENSDARG00000068365,ENSDARG00000055514;ENSDARG00000068947;ENSDARG00000069279;ENSDARG00000014047;ENSDARG00000015709;ENSDARG00000059719;ENSDARG00000034677;ENSDARG00000069476;ENSDARG00000111240;ENSDARG00000117474;ENSDARG00000045262;ENSDARG00000053684;ENSDARG00000021787;ENSDARG00000103459;ENSDARG00000040432;ENSDARG00000028098;ENSDARG00000031929;ENSDARG00000017320;ENSDARG00000006202;ENSDARG00000016691;ENSDARG00000003216;ENSDARG00000006060;ENSDARG00000004930;ENSDARG00000101043;ENSDARG00000086103;ENSDARG00000068760;ENSDARG00000051975;ENSDARG00000002909;ENSDARG00000076025;ENSDARG00000068910;ENSDARG00000078619;ENSDARG00000090268;ENSDARG00000009978;ENSDARG00000051861;ENSDARG00000087093;ENSDARG00000060682;ENSDARG00000012341;ENSDARG00000117133;ENSDARG00000075752;ENSDARG00000091669;ENSDARG00000103917;ENSDARG00000091996;ENSDARG00000039099;ENSDARG00000063295;ENSDARG00000019360;ENSDARG00000002634;ENSDARG00000008697;ENSDARG00000040534;ENSDARG00000060980;ENSDARG00000043128,ENSDARG00000022531;ENSDARG00000010029;ENSDARG00000005716;ENSDARG00000099446;ENSDARG00000002945;ENSDARG00000071208;ENSDARG00000040159;ENSDARG00000023694;ENSDARG00000004246;ENSDARG00000067859;ENSDARG00000035253;ENSDARG00000102340;ENSDARG00000076557;ENSDARG00000010434;ENSDARG00000033029;ENSDARG00000099985;ENSDARG00000026395;ENSDARG00000025605;ENSDARG00000038867;ENSDARG00000044954;ENSDARG00000024588;ENSDARG00000068567;ENSDARG00000043148;ENSDARG00000099266;ENSDARG00000027903;ENSDARG00000045685;ENSDARG00000101919;ENSDARG00000034268;ENSDARG00000017425;ENSDARG00000038428;ENSDARG00000074989;ENSDARG00000089769;ENSDARG00000088816;ENSDARG00000099767;ENSDARG00000063332;ENSDARG00000021137;ENSDARG00000075505;ENSDARG00000058090;ENSDARG00000059093;ENSDARG00000089262;ENSDARG00000099412;ENSDARG00000078494;ENSDARG00000028071;ENSDARG00000042934;ENSDARG00000039966;ENSDARG00000086790;ENSDARG00000060637;ENSDARG00000063097;ENSDARG00000079917;ENSDARG00000068365
C025,670,670,gpnmb;apoda.1;cd38;defbl1;akap12a;alx4b;ltk;fhl2b;prtfdc1a;slc23a4;nme4;tfec;pltp;csf1a;pnp4a;trpm1b;fhl3a;slc25a36a;tcirg1a;npffr1l2;alx4a;hprt1l;gab2;lrmda;adka;slc2a15a;znf385b;tpd52l1;fmn2a;gsdmea;sh3kbp1;qkib;dpyda;mlphb;alk;kank3;sort1a;gmps;nuf2;pde10a;gart;sytl2b;rab32a;ttyh2l;dpyda-1;tmeff2b;ppfia4;agtrap;impdh1b;pax7a,cyp2y3;abca12;b4galt1;klf2b;fam169aa;dhrs13a.2;omc2;creb3l1;myh9a;gsnb;fut9d;gvin1l2;atp8b1;cfl1l;crybg1b;abcb5;cd99;capn9;anxa1c;evplb;spaca4l;epcam;znf185;f11r.1;pkp3a;agr1;hsd17b12a;ppl;foxo1b;lmo7a;dspb;icn2;anxa1a;perp;cldne;icn;dspa;capns1a;cav1;pleca;nos1;ckap4;lama5;krt1-19e;cavin2b;rhpn2;cdh1;evpla;ank3a;sec23b,gpnmb;apoda.1;cd38;defbl1;akap12a;alx4b;ltk;fhl2b;prtfdc1a;slc23a4;nme4;tfec;pltp;csf1a;pnp4a;trpm1b;fhl3a;slc25a36a;tcirg1a;npffr1l2;alx4a;hprt1l;gab2;lrmda;adka;slc2a15a;znf385b;tpd52l1;fmn2a;gsdmea;sh3kbp1;qkib;dpyda;mlphb;alk;kank3;sort1a;gmps;nuf2;pde10a;gart;sytl2b;rab32a;ttyh2l;dpyda-1;tmeff2b;ppfia4;agtrap;impdh1b;pax7a,391.0,297.5,2.13,ENSDARG00000062688;ENSDARG00000060345;ENSDARG00000113438;ENSDARG00000075161;ENSDARG00000091792;ENSDARG00000074442;ENSDARG00000042861;ENSDARG00000003991;ENSDARG00000074528;ENSDARG00000052497;ENSDARG00000088390;ENSDARG00000098745;ENSDARG00000104495;ENSDARG00000075343;ENSDARG00000057575;ENSDARG00000103476;ENSDARG00000034643;ENSDARG00000038731;ENSDARG00000016835;ENSDARG00000062631;ENSDARG00000088332;ENSDARG00000014866;ENSDARG00000105120;ENSDARG00000057166;ENSDARG00000039429;ENSDARG00000029894;ENSDARG00000006065;ENSDARG00000042548;ENSDARG00000023318;ENSDARG00000086762;ENSDARG00000075853;ENSDARG00000002026;ENSDARG00000086853;ENSDARG00000062481;ENSDARG00000095833;ENSDARG00000076566;ENSDARG00000029402;ENSDARG00000079848;ENSDARG00000034624;ENSDARG00000003449;ENSDARG00000101089;ENSDARG00000075436;ENSDARG00000029036;ENSDARG00000010727;ENSDARG00000102671;ENSDARG00000058699;ENSDARG00000053205;ENSDARG00000077082;ENSDARG00000029524;ENSDARG00000100398,ENSDARG00000101423;ENSDARG00000074749;ENSDARG00000002634;ENSDARG00000040432;ENSDARG00000059719;ENSDARG00000111240;ENSDARG00000117474;ENSDARG00000015793;ENSDARG00000063295;ENSDARG00000045262;ENSDARG00000028098;ENSDARG00000102364;ENSDARG00000060980;ENSDARG00000012972;ENSDARG00000006060;ENSDARG00000021787;ENSDARG00000051975;ENSDARG00000012341;ENSDARG00000104359;ENSDARG00000103459;ENSDARG00000116617;ENSDARG00000040534;ENSDARG00000103917;ENSDARG00000017320;ENSDARG00000051861;ENSDARG00000060682;ENSDARG00000015709;ENSDARG00000101043;ENSDARG00000061549;ENSDARG00000004930;ENSDARG00000076673;ENSDARG00000055514;ENSDARG00000026726;ENSDARG00000063572;ENSDARG00000043128;ENSDARG00000009978;ENSDARG00000022309;ENSDARG00000035329;ENSDARG00000103747;ENSDARG00000062590;ENSDARG00000068910;ENSDARG00000032405;ENSDARG00000058543;ENSDARG00000090268;ENSDARG00000071196;ENSDARG00000014577;ENSDARG00000102750;ENSDARG00000019808;ENSDARG00000061736;ENSDARG00000019360,ENSDARG00000062688;ENSDARG00000060345;ENSDARG00000113438;ENSDARG00000075161;ENSDARG00000091792;ENSDARG00000074442;ENSDARG00000042861;ENSDARG00000003991;ENSDARG00000074528;ENSDARG00000052497;ENSDARG00000088390;ENSDARG00000098745;ENSDARG00000104495;ENSDARG00000075343;ENSDARG00000057575;ENSDARG00000103476;ENSDARG00000034643;ENSDARG00000038731;ENSDARG00000016835;ENSDARG00000062631;ENSDARG00000088332;ENSDARG00000014866;ENSDARG00000105120;ENSDARG00000057166;ENSDARG00000039429;ENSDARG00000029894;ENSDARG00000006065;ENSDARG00000042548;ENSDARG00000023318;ENSDARG00000086762;ENSDARG00000075853;ENSDARG00000002026;ENSDARG00000086853;ENSDARG00000062481;ENSDARG00000095833;ENSDARG00000076566;ENSDARG00000029402;ENSDARG00000079848;ENSDARG00000034624;ENSDARG00000003449;ENSDARG00000101089;ENSDARG00000075436;ENSDARG00000029036;ENSDARG00000010727;ENSDARG00000102671;ENSDARG00000058699;ENSDARG00000053205;ENSDARG00000077082;ENSDARG00000029524;ENSDARG00000100398
C026,12772,5000,krt4;cyt1l;cyt1;krt5;evpla;ppl;znf185;krt1-19e;agr1;aep1;foxn1;abca12;cast;cyp2y3;cav1;omc2;cldne;ahnak;cd99;capn9;anxa1c;evplb;rhbg;nos1;perp;abcb5;a2m1;chs3;gvin1l2;tmem176l.4;dspb;ckap4;card14;fbxo2;elovl7a;slc5a8;etnk1;gad3;arap1a;tcnbb;actb2;epas1a;b4galt1;krt17;kidins220a;fam169aa;ugt1ab;naaladl2;anxa1b;ftr86,col4a2;scarf2;rhoj;sema6bb;tns2a;wnt5b;serpinh1b;itgb4;and2;map3k1;pdlim4;pde10a;msna;nectin3a;cacna1sa;jph1a;col19a1;cd34;mcamb;cald1a;lrrfip1b;ptprea;ror1;ppargc1a;itga1;prex1;itga6b;lhfpl6;kif26ba;col4a1;tcf12;nfatc1;prkd3;prr33;pxna;bmp1a;cspg4;stard8;sema5a;nuak1b;akap6;ppfia4;actn1;esama;tln1;mtss2b;npnta;adcy6a;fbn3;usp13,cyt1l;krt4;evpla;ppl;cyt1;znf185;anxa1c;evplb;capn9;cldne;abca12;icn2;pkhd1l1.1;agr1;krt5;litafd;a2m1;nos1;abcb5;cast;krt17;icn;aep1;omc2;cldn23.1;s100w;duox;cyp2y3;il17rc;dhrs13a.2;ftr86;gvin1l2;selenow2b;fbxo2;prkchb;aldob;arap1a;anxa2a;elovl7b;stard14;tspo;gjb8;bicdl2l;anxa1a;anxa1b;scel;elovl7a;pcdh20l;stx11b.1;ftr83,602.3,329.9,12.57,ENSDARG00000017624;ENSDARG00000036832;ENSDARG00000092947;ENSDARG00000058371;ENSDARG00000019808;ENSDARG00000101043;ENSDARG00000103917;ENSDARG00000090268;ENSDARG00000060682;ENSDARG00000039099;ENSDARG00000011879;ENSDARG00000074749;ENSDARG00000058693;ENSDARG00000101423;ENSDARG00000103747;ENSDARG00000117474;ENSDARG00000043128;ENSDARG00000061764;ENSDARG00000051975;ENSDARG00000012341;ENSDARG00000104359;ENSDARG00000103459;ENSDARG00000009018;ENSDARG00000068910;ENSDARG00000063572;ENSDARG00000021787;ENSDARG00000104200;ENSDARG00000068947;ENSDARG00000102364;ENSDARG00000074390;ENSDARG00000076673;ENSDARG00000032405;ENSDARG00000103485;ENSDARG00000099306;ENSDARG00000069279;ENSDARG00000087120;ENSDARG00000019420;ENSDARG00000055370;ENSDARG00000062221;ENSDARG00000091996;ENSDARG00000037870;ENSDARG00000008697;ENSDARG00000002634;ENSDARG00000094041;ENSDARG00000031240;ENSDARG00000059719;ENSDARG00000006220;ENSDARG00000086489;ENSDARG00000100095;ENSDARG00000076839,ENSDARG00000104110;ENSDARG00000114825;ENSDARG00000020250;ENSDARG00000061976;ENSDARG00000076292;ENSDARG00000102464;ENSDARG00000019949;ENSDARG00000028507;ENSDARG00000079302;ENSDARG00000098405;ENSDARG00000068973;ENSDARG00000003449;ENSDARG00000058128;ENSDARG00000103638;ENSDARG00000029457;ENSDARG00000058603;ENSDARG00000076163;ENSDARG00000095268;ENSDARG00000005368;ENSDARG00000070314;ENSDARG00000095170;ENSDARG00000015891;ENSDARG00000015176;ENSDARG00000067829;ENSDARG00000074316;ENSDARG00000075793;ENSDARG00000069946;ENSDARG00000004363;ENSDARG00000013343;ENSDARG00000055009;ENSDARG00000004714;ENSDARG00000036168;ENSDARG00000079967;ENSDARG00000097224;ENSDARG00000088590;ENSDARG00000028071;ENSDARG00000078227;ENSDARG00000014003;ENSDARG00000058821;ENSDARG00000028676;ENSDARG00000077295;ENSDARG00000053205;ENSDARG00000007219;ENSDARG00000077039;ENSDARG00000100729;ENSDARG00000087260;ENSDARG00000018721;ENSDARG00000061445;ENSDARG00000098237;ENSDARG00000079198,ENSDARG00000036832;ENSDARG00000017624;ENSDARG00000019808;ENSDARG00000101043;ENSDARG00000092947;ENSDARG00000103917;ENSDARG00000104359;ENSDARG00000103459;ENSDARG00000012341;ENSDARG00000043128;ENSDARG00000074749;ENSDARG00000055514;ENSDARG00000091116;ENSDARG00000060682;ENSDARG00000058371;ENSDARG00000087093;ENSDARG00000104200;ENSDARG00000068910;ENSDARG00000021787;ENSDARG00000058693;ENSDARG00000094041;ENSDARG00000009978;ENSDARG00000039099;ENSDARG00000117474;ENSDARG00000028096;ENSDARG00000101181;ENSDARG00000062632;ENSDARG00000101423;ENSDARG00000099902;ENSDARG00000111240;ENSDARG00000076839;ENSDARG00000102364;ENSDARG00000089936;ENSDARG00000099306;ENSDARG00000043243;ENSDARG00000053684;ENSDARG00000062221;ENSDARG00000003216;ENSDARG00000100185;ENSDARG00000031929;ENSDARG00000026655;ENSDARG00000042707;ENSDARG00000091669;ENSDARG00000026726;ENSDARG00000100095;ENSDARG00000034677;ENSDARG00000069279;ENSDARG00000101910;ENSDARG00000029290;ENSDARG00000025403
C027,244,244,cyt1l;krt4;cyt1;ppl;evpla;krt5;evplb;anxa1c;ahnak;cast;znf185;krt1-19e;capn9;cd99;eppk1;abcb5;actb2;agr1;cav1;aep1;cldne;krt17;tcnbb;hdlbpa;alox12;ckap4;crybg1b;nos1;perp;myh9a;cavin2b;icn;eef1a1l1;dspb;icn2;abca12;actb1;serbp1a;hspa8;spaca4l;pabpc1a;pleca;eef2b,znf423;bmpr2b;plxna3;ebf3a;col5a1;pard3bb;baz2ba;nectin1b;hspg2;kcnma1a;ptprsa;cd81a;srgap2;dacha;cadm1a;auts2a;hipk2;iqsec1b;plxna1a;galnt1;fat1a;agrn;arvcfb;col11a1a;rapgef2b;tenm3;nova2;pvrl2l;robo1;ctnna2;plxna2;fndc3ba;maml3;znrf3;rbms3;aff2;jarid2b;zmiz1a;neb;chsy1;ncam1a;malat1;tanc2a;ank2b;fbxw7;macrod2;bcar1;ptprga;cntfr;macf1a,cyt1l;krt4;evpla;ppl;cyt1;znf185;anxa1c;evplb;capn9;cldne;abca12;icn2;pkhd1l1.1;agr1;krt5;litafd;a2m1;nos1;abcb5;cast;krt17;icn;aep1;omc2;cldn23.1;s100w;duox;cyp2y3;il17rc;dhrs13a.2;ftr86;gvin1l2;selenow2b;fbxo2;prkchb;aldob;arap1a;anxa2a;elovl7b;stard14;tspo;gjb8;bicdl2l;anxa1a;anxa1b;scel;elovl7a;pcdh20l;stx11b.1;ftr83,365.7,188.5,13.91,ENSDARG00000036832;ENSDARG00000017624;ENSDARG00000092947;ENSDARG00000101043;ENSDARG00000019808;ENSDARG00000058371;ENSDARG00000103459;ENSDARG00000104359;ENSDARG00000061764;ENSDARG00000058693;ENSDARG00000103917;ENSDARG00000090268;ENSDARG00000012341;ENSDARG00000051975;ENSDARG00000096359;ENSDARG00000021787;ENSDARG00000037870;ENSDARG00000060682;ENSDARG00000103747;ENSDARG00000039099;ENSDARG00000043128;ENSDARG00000094041;ENSDARG00000091996;ENSDARG00000009830;ENSDARG00000069463;ENSDARG00000032405;ENSDARG00000006060;ENSDARG00000068910;ENSDARG00000063572;ENSDARG00000063295;ENSDARG00000071196;ENSDARG00000009978;ENSDARG00000020850;ENSDARG00000076673;ENSDARG00000055514;ENSDARG00000074749;ENSDARG00000037746;ENSDARG00000074242;ENSDARG00000068992;ENSDARG00000116617;ENSDARG00000017219;ENSDARG00000062590;ENSDARG00000100371,ENSDARG00000059707;ENSDARG00000020057;ENSDARG00000007172;ENSDARG00000100244;ENSDARG00000012593;ENSDARG00000034555;ENSDARG00000057782;ENSDARG00000086034;ENSDARG00000076564;ENSDARG00000079840;ENSDARG00000059738;ENSDARG00000036080;ENSDARG00000032161;ENSDARG00000010132;ENSDARG00000031075;ENSDARG00000056427;ENSDARG00000042518;ENSDARG00000016551;ENSDARG00000105452;ENSDARG00000061335;ENSDARG00000017591;ENSDARG00000079388;ENSDARG00000061688;ENSDARG00000026165;ENSDARG00000005482;ENSDARG00000005479;ENSDARG00000017673;ENSDARG00000063390;ENSDARG00000026784;ENSDARG00000024785;ENSDARG00000060372;ENSDARG00000078179;ENSDARG00000079552;ENSDARG00000062573;ENSDARG00000044574;ENSDARG00000052242;ENSDARG00000062268;ENSDARG00000074502;ENSDARG00000032630;ENSDARG00000079027;ENSDARG00000056181;ENSDARG00000099970;ENSDARG00000079097;ENSDARG00000043313;ENSDARG00000060994;ENSDARG00000032601;ENSDARG00000056525;ENSDARG00000045006;ENSDARG00000028661;ENSDARG00000028533,ENSDARG00000036832;ENSDARG00000017624;ENSDARG00000019808;ENSDARG00000101043;ENSDARG00000092947;ENSDARG00000103917;ENSDARG00000104359;ENSDARG00000103459;ENSDARG00000012341;ENSDARG00000043128;ENSDARG00000074749;ENSDARG00000055514;ENSDARG00000091116;ENSDARG00000060682;ENSDARG00000058371;ENSDARG00000087093;ENSDARG00000104200;ENSDARG00000068910;ENSDARG00000021787;ENSDARG00000058693;ENSDARG00000094041;ENSDARG00000009978;ENSDARG00000039099;ENSDARG00000117474;ENSDARG00000028096;ENSDARG00000101181;ENSDARG00000062632;ENSDARG00000101423;ENSDARG00000099902;ENSDARG00000111240;ENSDARG00000076839;ENSDARG00000102364;ENSDARG00000089936;ENSDARG00000099306;ENSDARG00000043243;ENSDARG00000053684;ENSDARG00000062221;ENSDARG00000003216;ENSDARG00000100185;ENSDARG00000031929;ENSDARG00000026655;ENSDARG00000042707;ENSDARG00000091669;ENSDARG00000026726;ENSDARG00000100095;ENSDARG00000034677;ENSDARG00000069279;ENSDARG00000101910;ENSDARG00000029290;ENSDARG00000025403
C028,180,180,cyt1l;krt4;cyt1;krt1-19e;krt5;anxa1c;hdlbpa;actb2;ppl;gvin1l2;rhbg;icn2;icn;ponzr4;evpla;gstp1.2;cav1;krt17;pabpc1a;aep1;agr1;aldob;hspa8;abcb5;cd99;eef1a1l1;cast;eppk1;selenow2b;serbp1a;tcnbb;s100w;anxa2a;hsp90ab1;fbxo2;eef2b;casp3b;serpinb14;epas1a;evplb;arhgdig;selenow1;cfl1l;cyp2y3;klf3;zfp36l1a;tmsb4x;caspb;dspb;anxa1a,galnt1;plxna3;ncam1a;agrn;gse1b;diaph2;cux1a;ank2b;auts2a;rbms3;ptprga;malat1;plxna1a;robo1;sox6;fbxw7;msi2b;jarid2b;ctnna2;ttn.2;dock1;zfhx3b;atp2a1;ttn.1;macf1a;hdac4;neo1a;agap1;plecb;jmjd1cb,cyt1l;krt4;evpla;ppl;cyt1;znf185;anxa1c;evplb;capn9;cldne;abca12;icn2;pkhd1l1.1;agr1;krt5;litafd;a2m1;nos1;abcb5;cast;krt17;icn;aep1;omc2;cldn23.1;s100w;duox;cyp2y3;il17rc;dhrs13a.2;ftr86;gvin1l2;selenow2b;fbxo2;prkchb;aldob;arap1a;anxa2a;elovl7b;stard14;tspo;gjb8;bicdl2l;anxa1a;anxa1b;scel;elovl7a;pcdh20l;stx11b.1;ftr83,753.2,366.0,12.13,ENSDARG00000036832;ENSDARG00000017624;ENSDARG00000092947;ENSDARG00000090268;ENSDARG00000058371;ENSDARG00000104359;ENSDARG00000009830;ENSDARG00000037870;ENSDARG00000101043;ENSDARG00000102364;ENSDARG00000009018;ENSDARG00000055514;ENSDARG00000009978;ENSDARG00000087440;ENSDARG00000019808;ENSDARG00000104068;ENSDARG00000103747;ENSDARG00000094041;ENSDARG00000017219;ENSDARG00000039099;ENSDARG00000060682;ENSDARG00000053684;ENSDARG00000068992;ENSDARG00000021787;ENSDARG00000051975;ENSDARG00000020850;ENSDARG00000058693;ENSDARG00000096359;ENSDARG00000089936;ENSDARG00000074242;ENSDARG00000091996;ENSDARG00000101181;ENSDARG00000003216;ENSDARG00000029150;ENSDARG00000099306;ENSDARG00000100371;ENSDARG00000055045;ENSDARG00000091801;ENSDARG00000008697;ENSDARG00000103459;ENSDARG00000004034;ENSDARG00000035136;ENSDARG00000012972;ENSDARG00000101423;ENSDARG00000015495;ENSDARG00000016154;ENSDARG00000077777;ENSDARG00000052039;ENSDARG00000076673;ENSDARG00000026726,ENSDARG00000061335;ENSDARG00000007172;ENSDARG00000056181;ENSDARG00000079388;ENSDARG00000062020;ENSDARG00000076060;ENSDARG00000078459;ENSDARG00000043313;ENSDARG00000056427;ENSDARG00000044574;ENSDARG00000045006;ENSDARG00000099970;ENSDARG00000105452;ENSDARG00000026784;ENSDARG00000015536;ENSDARG00000060994;ENSDARG00000032614;ENSDARG00000062268;ENSDARG00000024785;ENSDARG00000028213;ENSDARG00000099093;ENSDARG00000103057;ENSDARG00000020574;ENSDARG00000000563;ENSDARG00000028533;ENSDARG00000098349;ENSDARG00000102855;ENSDARG00000062123;ENSDARG00000021987;ENSDARG00000079939,ENSDARG00000036832;ENSDARG00000017624;ENSDARG00000019808;ENSDARG00000101043;ENSDARG00000092947;ENSDARG00000103917;ENSDARG00000104359;ENSDARG00000103459;ENSDARG00000012341;ENSDARG00000043128;ENSDARG00000074749;ENSDARG00000055514;ENSDARG00000091116;ENSDARG00000060682;ENSDARG00000058371;ENSDARG00000087093;ENSDARG00000104200;ENSDARG00000068910;ENSDARG00000021787;ENSDARG00000058693;ENSDARG00000094041;ENSDARG00000009978;ENSDARG00000039099;ENSDARG00000117474;ENSDARG00000028096;ENSDARG00000101181;ENSDARG00000062632;ENSDARG00000101423;ENSDARG00000099902;ENSDARG00000111240;ENSDARG00000076839;ENSDARG00000102364;ENSDARG00000089936;ENSDARG00000099306;ENSDARG00000043243;ENSDARG00000053684;ENSDARG00000062221;ENSDARG00000003216;ENSDARG00000100185;ENSDARG00000031929;ENSDARG00000026655;ENSDARG00000042707;ENSDARG00000091669;ENSDARG00000026726;ENSDARG00000100095;ENSDARG00000034677;ENSDARG00000069279;ENSDARG00000101910;ENSDARG00000029290;ENSDARG00000025403
C029,2897,2897,ptprfa;plch2a;artnb;nab1b;efhc1;lima1a;nrg2a;bcam;inhbb;frem2a;col5a3a;fras1;tp73;frem2b;nuak1a;tiam1b;lzts1;trim69;col4a6;rassf6;ptprub;lama5;foxo1b;adgrl3.2;npnta;pcdh7b;fgfrl1b;col15a1b;edar;ntn1a;col14a1a;timp2b;foxn3;bcl2l11;gnav1;cpa6;aopep;rapgefl1;arhgef2a-1;cldni;dnmt3bb.1;serpine2;caskin2a;svep1;pdlim1;afap1l1a;smoc2;tnfrsfa;agrn;ripk4,adgrf6;omc2;a2m1;gvin1l2;chs3;s100w;fut9d;anxa1a;gjb8;muc13a;evplb;epas1a;rab25a;elovl7a;slc5a8;agr1;caspb;stx11b.1;nectin4a;vamp8;il17rc;scel;cldne;klf2b;niban1a;dhrs13a.2;selenow2b;cdh27;stard14;erbb3a;fam169aa;slc38a5a;tcnbb;myzap;evpla;styk1b;aldob;abcb5;b4galt1;iqsec2b;abca12;atp10b;gfpt2;znf185;ppl;gsnb;sec23b;aep1;prkchb;galnt4,ptprfa;plch2a;artnb;nab1b;efhc1;lima1a;nrg2a;bcam;inhbb;frem2a;col5a3a;fras1;tp73;frem2b;nuak1a;tiam1b;lzts1;trim69;col4a6;rassf6;ptprub;lama5;foxo1b;adgrl3.2;npnta;pcdh7b;fgfrl1b;col15a1b;edar;ntn1a;col14a1a;timp2b;foxn3;bcl2l11;gnav1;cpa6;aopep;rapgefl1;arhgef2a-1;cldni;dnmt3bb.1;serpine2;caskin2a;svep1;pdlim1;afap1l1a;smoc2;tnfrsfa;agrn;ripk4,359.1,275.5,2.53,ENSDARG00000103479;ENSDARG00000059960;ENSDARG00000093714;ENSDARG00000040700;ENSDARG00000009743;ENSDARG00000101441;ENSDARG00000077818;ENSDARG00000090190;ENSDARG00000040777;ENSDARG00000076856;ENSDARG00000098294;ENSDARG00000054619;ENSDARG00000017953;ENSDARG00000102626;ENSDARG00000020086;ENSDARG00000025920;ENSDARG00000075565;ENSDARG00000060688;ENSDARG00000052061;ENSDARG00000000804;ENSDARG00000101081;ENSDARG00000058543;ENSDARG00000061549;ENSDARG00000090624;ENSDARG00000018721;ENSDARG00000060610;ENSDARG00000052556;ENSDARG00000061848;ENSDARG00000099088;ENSDARG00000105112;ENSDARG00000005762;ENSDARG00000075261;ENSDARG00000012833;ENSDARG00000079144;ENSDARG00000043006;ENSDARG00000012013;ENSDARG00000068461;ENSDARG00000079912;ENSDARG00000095458;ENSDARG00000054616;ENSDARG00000036791;ENSDARG00000029353;ENSDARG00000043818;ENSDARG00000013526;ENSDARG00000019845;ENSDARG00000089162;ENSDARG00000088157;ENSDARG00000004451;ENSDARG00000079388;ENSDARG00000043211,ENSDARG00000042829;ENSDARG00000117474;ENSDARG00000104200;ENSDARG00000102364;ENSDARG00000068947;ENSDARG00000101181;ENSDARG00000028098;ENSDARG00000026726;ENSDARG00000042707;ENSDARG00000069559;ENSDARG00000103459;ENSDARG00000008697;ENSDARG00000058800;ENSDARG00000069279;ENSDARG00000087120;ENSDARG00000060682;ENSDARG00000052039;ENSDARG00000029290;ENSDARG00000077419;ENSDARG00000024116;ENSDARG00000099902;ENSDARG00000034677;ENSDARG00000043128;ENSDARG00000040432;ENSDARG00000042055;ENSDARG00000111240;ENSDARG00000089936;ENSDARG00000055093;ENSDARG00000031929;ENSDARG00000006202;ENSDARG00000059719;ENSDARG00000009901;ENSDARG00000091996;ENSDARG00000075017;ENSDARG00000019808;ENSDARG00000041947;ENSDARG00000053684;ENSDARG00000021787;ENSDARG00000002634;ENSDARG00000077709;ENSDARG00000074749;ENSDARG00000076230;ENSDARG00000044094;ENSDARG00000103917;ENSDARG00000101043;ENSDARG00000045262;ENSDARG00000019360;ENSDARG00000039099;ENSDARG00000043243;ENSDARG00000012745,ENSDARG00000103479;ENSDARG00000059960;ENSDARG00000093714;ENSDARG00000040700;ENSDARG00000009743;ENSDARG00000101441;ENSDARG00000077818;ENSDARG00000090190;ENSDARG00000040777;ENSDARG00000076856;ENSDARG00000098294;ENSDARG00000054619;ENSDARG00000017953;ENSDARG00000102626;ENSDARG00000020086;ENSDARG00000025920;ENSDARG00000075565;ENSDARG00000060688;ENSDARG00000052061;ENSDARG00000000804;ENSDARG00000101081;ENSDARG00000058543;ENSDARG00000061549;ENSDARG00000090624;ENSDARG00000018721;ENSDARG00000060610;ENSDARG00000052556;ENSDARG00000061848;ENSDARG00000099088;ENSDARG00000105112;ENSDARG00000005762;ENSDARG00000075261;ENSDARG00000012833;ENSDARG00000079144;ENSDARG00000043006;ENSDARG00000012013;ENSDARG00000068461;ENSDARG00000079912;ENSDARG00000095458;ENSDARG00000054616;ENSDARG00000036791;ENSDARG00000029353;ENSDARG00000043818;ENSDARG00000013526;ENSDARG00000019845;ENSDARG00000089162;ENSDARG00000088157;ENSDARG00000004451;ENSDARG00000079388;ENSDARG00000043211
C030,452,452,emilin3a;tnxba;col8a2;adat1;il16;acana;wwp2;abtb2a;hapln1b;col9a1a;cspg4;col2a1a;arhgef28a;znf385c;plekhh2;col11a1a;matn4;col11a2;limch1b;lpar1;chsy3;csgalnact1a;cobll1b;itga9;runx2a;sema3d;prdm16-2;col9a2;sox5;sox6;sema5bb;loxl3b;pdlim5a;tp53i11b;frya;cdc42se1;plpp1a;disc1;fndc3ba;col9a3;nfatc1;epha4b;stard8;tgfb2;p3h4;fgfr3;bmpr1ba;cnmd;kif26ba;plod2,aep1;evplb;myh14;myo5b;epas1a;omc2;tcnbb;spaca4l;fam169aa;hsd17b12a;cd99;pnp5a;capn9;znf185;icn2;evpla;abca12;klf4;dspb;agr1;fbxo2;myh9a;cavin2b;crybg1b;cldne;dhrs11a;krt1-19e;perp;ppl;pkp3a;anxa1c;pawr;cast;nfe2l2a;nos1;cav1;marchf8;pvrl2l;kremen1;krt5;abcb5;mvp;ubb;cyt1l;lrmda;cdh1;col18a1a;ywhabl;tob1b;ank3a,emilin3a;tnxba;col8a2;adat1;il16;acana;wwp2;abtb2a;hapln1b;col9a1a;cspg4;col2a1a;arhgef28a;znf385c;plekhh2;col11a1a;matn4;col11a2;limch1b;lpar1;chsy3;csgalnact1a;cobll1b;itga9;runx2a;sema3d;prdm16-2;col9a2;sox5;sox6;sema5bb;loxl3b;pdlim5a;tp53i11b;frya;cdc42se1;plpp1a;disc1;fndc3ba;col9a3;nfatc1;epha4b;stard8;tgfb2;p3h4;fgfr3;bmpr1ba;cnmd;kif26ba;plod2,315.0,235.8,1.96,ENSDARG00000078052;ENSDARG00000001760;ENSDARG00000060893;ENSDARG00000061348;ENSDARG00000102908;ENSDARG00000035891;ENSDARG00000061345;ENSDARG00000059751;ENSDARG00000068516;ENSDARG00000073699;ENSDARG00000078227;ENSDARG00000069093;ENSDARG00000060415;ENSDARG00000058154;ENSDARG00000040851;ENSDARG00000026165;ENSDARG00000015947;ENSDARG00000012422;ENSDARG00000103774;ENSDARG00000099840;ENSDARG00000069472;ENSDARG00000040535;ENSDARG00000102829;ENSDARG00000032435;ENSDARG00000040261;ENSDARG00000017369;ENSDARG00000092738;ENSDARG00000024492;ENSDARG00000011582;ENSDARG00000015536;ENSDARG00000075648;ENSDARG00000039563;ENSDARG00000101777;ENSDARG00000006025;ENSDARG00000013921;ENSDARG00000023724;ENSDARG00000053381;ENSDARG00000021895;ENSDARG00000078179;ENSDARG00000037845;ENSDARG00000036168;ENSDARG00000011600;ENSDARG00000014003;ENSDARG00000027087;ENSDARG00000104089;ENSDARG00000004782;ENSDARG00000104100;ENSDARG00000100133;ENSDARG00000013343;ENSDARG00000011821,ENSDARG00000039099;ENSDARG00000103459;ENSDARG00000073732;ENSDARG00000062003;ENSDARG00000008697;ENSDARG00000117474;ENSDARG00000091996;ENSDARG00000116617;ENSDARG00000059719;ENSDARG00000015709;ENSDARG00000051975;ENSDARG00000078619;ENSDARG00000012341;ENSDARG00000103917;ENSDARG00000055514;ENSDARG00000019808;ENSDARG00000074749;ENSDARG00000079922;ENSDARG00000076673;ENSDARG00000060682;ENSDARG00000099306;ENSDARG00000063295;ENSDARG00000071196;ENSDARG00000006060;ENSDARG00000043128;ENSDARG00000046090;ENSDARG00000090268;ENSDARG00000063572;ENSDARG00000101043;ENSDARG00000051861;ENSDARG00000104359;ENSDARG00000045486;ENSDARG00000058693;ENSDARG00000042824;ENSDARG00000068910;ENSDARG00000103747;ENSDARG00000062489;ENSDARG00000063390;ENSDARG00000062579;ENSDARG00000058371;ENSDARG00000021787;ENSDARG00000021242;ENSDARG00000093313;ENSDARG00000036832;ENSDARG00000057166;ENSDARG00000102750;ENSDARG00000036558;ENSDARG00000040287;ENSDARG00000021372;ENSDARG00000061736,ENSDARG00000078052;ENSDARG00000001760;ENSDARG00000060893;ENSDARG00000061348;ENSDARG00000102908;ENSDARG00000035891;ENSDARG00000061345;ENSDARG00000059751;ENSDARG00000068516;ENSDARG00000073699;ENSDARG00000078227;ENSDARG00000069093;ENSDARG00000060415;ENSDARG00000058154;ENSDARG00000040851;ENSDARG00000026165;ENSDARG00000015947;ENSDARG00000012422;ENSDARG00000103774;ENSDARG00000099840;ENSDARG00000069472;ENSDARG00000040535;ENSDARG00000102829;ENSDARG00000032435;ENSDARG00000040261;ENSDARG00000017369;ENSDARG00000092738;ENSDARG00000024492;ENSDARG00000011582;ENSDARG00000015536;ENSDARG00000075648;ENSDARG00000039563;ENSDARG00000101777;ENSDARG00000006025;ENSDARG00000013921;ENSDARG00000023724;ENSDARG00000053381;ENSDARG00000021895;ENSDARG00000078179;ENSDARG00000037845;ENSDARG00000036168;ENSDARG00000011600;ENSDARG00000014003;ENSDARG00000027087;ENSDARG00000104089;ENSDARG00000004782;ENSDARG00000104100;ENSDARG00000100133;ENSDARG00000013343;ENSDARG00000011821
C031,1747,1747,otomp;tectb;stm;nr4a2b;slc4a11;aldh1a3;otog;sox10;otogl;hpn;rin1b;adgrg6;lmx1bb;tecta;prom1a;slincr;esamb;col2a1a;lrp2a;nanos1;gpd2;wscd2;gal3st3;plat;zfpm2a;veph1;dacha;inhbb;fosaa;col15a1b;pcdh7b;esama;arhgap32a;ccdc85a;fndc3ba;mgat4b;matn4;card11;col9a1a;ntn2;bmper;slc4a4b;ntm;lmo4b;col11a1a;nfia;col27a1b;six1b;arhgef2a-1;pcdh19,gpa33a;nectin4a;icn2;atp10b;elovl7a;omc2;b4galt1;chs3;il17rc;dhrs13a.2;capn2b;prkchb;mid1ip1a;rhbg;aldob;btr12;abcb5;klf2b;anxa1a;slc38a5a;evplb;muc13a;klf3;ppl;gvin1l2;capns1a;arhgdig;caspb;sack1ha;tcnbb;fut9d;cst14b.1;scel;anxa2a;gstp1.2;capn9;evpla;agr1;icn;gjb8;tnks1bp1;tmem176l.4;capns1b;cyp2y3;abca12;znf185;cd99;litafd;fbxo2;gsnb,otomp;tectb;stm;nr4a2b;slc4a11;aldh1a3;otog;sox10;otogl;hpn;rin1b;adgrg6;lmx1bb;tecta;prom1a;slincr;esamb;col2a1a;lrp2a;nanos1;gpd2;wscd2;gal3st3;plat;zfpm2a;veph1;dacha;inhbb;fosaa;col15a1b;pcdh7b;esama;arhgap32a;ccdc85a;fndc3ba;mgat4b;matn4;card11;col9a1a;ntn2;bmper;slc4a4b;ntm;lmo4b;col11a1a;nfia;col27a1b;six1b;arhgef2a-1;pcdh19,427.5,311.9,2.02,ENSDARG00000040306;ENSDARG00000045268;ENSDARG00000035694;ENSDARG00000044532;ENSDARG00000075532;ENSDARG00000076933;ENSDARG00000068460;ENSDARG00000077467;ENSDARG00000088750;ENSDARG00000027609;ENSDARG00000070100;ENSDARG00000054137;ENSDARG00000068365;ENSDARG00000059558;ENSDARG00000039966;ENSDARG00000097714;ENSDARG00000076639;ENSDARG00000069093;ENSDARG00000102506;ENSDARG00000109337;ENSDARG00000062430;ENSDARG00000061819;ENSDARG00000073728;ENSDARG00000062707;ENSDARG00000040123;ENSDARG00000031095;ENSDARG00000010132;ENSDARG00000040777;ENSDARG00000040135;ENSDARG00000061848;ENSDARG00000060610;ENSDARG00000077039;ENSDARG00000075334;ENSDARG00000039497;ENSDARG00000078179;ENSDARG00000004115;ENSDARG00000015947;ENSDARG00000052741;ENSDARG00000073699;ENSDARG00000076748;ENSDARG00000101980;ENSDARG00000044808;ENSDARG00000018065;ENSDARG00000054749;ENSDARG00000026165;ENSDARG00000062420;ENSDARG00000099930;ENSDARG00000026473;ENSDARG00000095458;ENSDARG00000034344,ENSDARG00000100223;ENSDARG00000077419;ENSDARG00000055514;ENSDARG00000076230;ENSDARG00000069279;ENSDARG00000117474;ENSDARG00000002634;ENSDARG00000068947;ENSDARG00000099902;ENSDARG00000111240;ENSDARG00000055592;ENSDARG00000043243;ENSDARG00000041051;ENSDARG00000009018;ENSDARG00000053684;ENSDARG00000051809;ENSDARG00000021787;ENSDARG00000040432;ENSDARG00000026726;ENSDARG00000009901;ENSDARG00000103459;ENSDARG00000069559;ENSDARG00000015495;ENSDARG00000101043;ENSDARG00000102364;ENSDARG00000035329;ENSDARG00000004034;ENSDARG00000052039;ENSDARG00000068849;ENSDARG00000091996;ENSDARG00000028098;ENSDARG00000117133;ENSDARG00000034677;ENSDARG00000003216;ENSDARG00000104068;ENSDARG00000012341;ENSDARG00000019808;ENSDARG00000060682;ENSDARG00000009978;ENSDARG00000042707;ENSDARG00000068760;ENSDARG00000074390;ENSDARG00000013804;ENSDARG00000101423;ENSDARG00000074749;ENSDARG00000103917;ENSDARG00000051975;ENSDARG00000087093;ENSDARG00000099306;ENSDARG00000045262,ENSDARG00000040306;ENSDARG00000045268;ENSDARG00000035694;ENSDARG00000044532;ENSDARG00000075532;ENSDARG00000076933;ENSDARG00000068460;ENSDARG00000077467;ENSDARG00000088750;ENSDARG00000027609;ENSDARG00000070100;ENSDARG00000054137;ENSDARG00000068365;ENSDARG00000059558;ENSDARG00000039966;ENSDARG00000097714;ENSDARG00000076639;ENSDARG00000069093;ENSDARG00000102506;ENSDARG00000109337;ENSDARG00000062430;ENSDARG00000061819;ENSDARG00000073728;ENSDARG00000062707;ENSDARG00000040123;ENSDARG00000031095;ENSDARG00000010132;ENSDARG00000040777;ENSDARG00000040135;ENSDARG00000061848;ENSDARG00000060610;ENSDARG00000077039;ENSDARG00000075334;ENSDARG00000039497;ENSDARG00000078179;ENSDARG00000004115;ENSDARG00000015947;ENSDARG00000052741;ENSDARG00000073699;ENSDARG00000076748;ENSDARG00000101980;ENSDARG00000044808;ENSDARG00000018065;ENSDARG00000054749;ENSDARG00000026165;ENSDARG00000062420;ENSDARG00000099930;ENSDARG00000026473;ENSDARG00000095458;ENSDARG00000034344
C032,1379,1379,msc;megf10;kcnq5b;gfra3;inpp4b;fgfrl1a;wif1;prdm16-2;six1b;eya2;ptprz1b;met;cdh15;nid2a;eya1;notch3;plxna2;sdk2b;hhip;tnfrsf19;bop1;pdgfc;fat3a;mcama;gse1b;smarcd3a;gpc5c;col19a1;ncam1a;lgr6;foxp1b;tbx15;zeb1b;kcnq5a;stard13a;casz1;cd34;ebf1a;ebf3a;sulf1;hey1;sobpa;dchs1a;flncb;dachc;stat3;shdb;zcchc24;pwp2h;itga5,omc2;gjb8;atp10b;bicdl2l;dhrs13a.2;a2m1;sack1ha;cfl1l;tjp3;pkp3a;hsd17b12a;serpinb14;chs3;cd9b;klf2b;dsg2.1;epas1a;atp8b1;esrp1;evplb;tuft1a;spint2;lmo7a;st14;macc1;cd99;cldne;ppl;znf185;sec23b;b4galt1;rhbg;capns1a;slc38a5a;evpla;gvin1l2;icn;fut9d;tmsb1;abcb5;spint1a;anxa1a;icn2;tfap2c;slc37a1;gstp1.2;rab11al;capn2l;stard14;gsnb,msc;megf10;kcnq5b;gfra3;inpp4b;fgfrl1a;wif1;prdm16-2;six1b;eya2;ptprz1b;met;cdh15;nid2a;eya1;notch3;plxna2;sdk2b;hhip;tnfrsf19;bop1;pdgfc;fat3a;mcama;gse1b;smarcd3a;gpc5c;col19a1;ncam1a;lgr6;foxp1b;tbx15;zeb1b;kcnq5a;stard13a;casz1;cd34;ebf1a;ebf3a;sulf1;hey1;sobpa;dchs1a;flncb;dachc;stat3;shdb;zcchc24;pwp2h;itga5,319.6,253.3,2.43,ENSDARG00000110016;ENSDARG00000017229;ENSDARG00000069953;ENSDARG00000087704;ENSDARG00000075201;ENSDARG00000032617;ENSDARG00000005541;ENSDARG00000092738;ENSDARG00000026473;ENSDARG00000018984;ENSDARG00000020871;ENSDARG00000070903;ENSDARG00000068191;ENSDARG00000075707;ENSDARG00000014259;ENSDARG00000052139;ENSDARG00000060372;ENSDARG00000060452;ENSDARG00000060397;ENSDARG00000041869;ENSDARG00000063627;ENSDARG00000077588;ENSDARG00000033840;ENSDARG00000089643;ENSDARG00000062020;ENSDARG00000038786;ENSDARG00000074082;ENSDARG00000076163;ENSDARG00000056181;ENSDARG00000098308;ENSDARG00000014181;ENSDARG00000002582;ENSDARG00000013207;ENSDARG00000069954;ENSDARG00000079542;ENSDARG00000037030;ENSDARG00000095268;ENSDARG00000099849;ENSDARG00000100244;ENSDARG00000038428;ENSDARG00000070538;ENSDARG00000054253;ENSDARG00000070025;ENSDARG00000018820;ENSDARG00000003142;ENSDARG00000022712;ENSDARG00000062109;ENSDARG00000078026;ENSDARG00000037109;ENSDARG00000006353,ENSDARG00000117474;ENSDARG00000042707;ENSDARG00000076230;ENSDARG00000091669;ENSDARG00000111240;ENSDARG00000104200;ENSDARG00000068849;ENSDARG00000012972;ENSDARG00000002909;ENSDARG00000051861;ENSDARG00000015709;ENSDARG00000091801;ENSDARG00000068947;ENSDARG00000016691;ENSDARG00000040432;ENSDARG00000076945;ENSDARG00000008697;ENSDARG00000060980;ENSDARG00000011245;ENSDARG00000103459;ENSDARG00000061242;ENSDARG00000069476;ENSDARG00000004930;ENSDARG00000100088;ENSDARG00000040717;ENSDARG00000051975;ENSDARG00000043128;ENSDARG00000101043;ENSDARG00000103917;ENSDARG00000019360;ENSDARG00000002634;ENSDARG00000009018;ENSDARG00000035329;ENSDARG00000009901;ENSDARG00000019808;ENSDARG00000102364;ENSDARG00000009978;ENSDARG00000028098;ENSDARG00000104181;ENSDARG00000021787;ENSDARG00000102332;ENSDARG00000026726;ENSDARG00000055514;ENSDARG00000040606;ENSDARG00000086103;ENSDARG00000104068;ENSDARG00000014340;ENSDARG00000034211;ENSDARG00000031929;ENSDARG00000045262,ENSDARG00000110016;ENSDARG00000017229;ENSDARG00000069953;ENSDARG00000087704;ENSDARG00000075201;ENSDARG00000032617;ENSDARG00000005541;ENSDARG00000092738;ENSDARG00000026473;ENSDARG00000018984;ENSDARG00000020871;ENSDARG00000070903;ENSDARG00000068191;ENSDARG00000075707;ENSDARG00000014259;ENSDARG00000052139;ENSDARG00000060372;ENSDARG00000060452;ENSDARG00000060397;ENSDARG00000041869;ENSDARG00000063627;ENSDARG00000077588;ENSDARG00000033840;ENSDARG00000089643;ENSDARG00000062020;ENSDARG00000038786;ENSDARG00000074082;ENSDARG00000076163;ENSDARG00000056181;ENSDARG00000098308;ENSDARG00000014181;ENSDARG00000002582;ENSDARG00000013207;ENSDARG00000069954;ENSDARG00000079542;ENSDARG00000037030;ENSDARG00000095268;ENSDARG00000099849;ENSDARG00000100244;ENSDARG00000038428;ENSDARG00000070538;ENSDARG00000054253;ENSDARG00000070025;ENSDARG00000018820;ENSDARG00000003142;ENSDARG00000022712;ENSDARG00000062109;ENSDARG00000078026;ENSDARG00000037109;ENSDARG00000006353
C033,9414,5000,krt8;krt97;glipr2;krt96;krt4;pkhd1l1.1;evpla;cyt1l;ppl;emx3;sp9;sp7;cyt1;anxa1c;hs3st3b1b;krt99;cebpa;sox3;kyat3.2;cldne;icn2;icn;anxa1a;sp8a;s100u;spaca4l;selenow1;atp10b;gbgt1l4;cast;capn9;slc6a11a;actb2;litafd;bambib;anxa2a;prkchb;znf185;tmsb1;evplb;s100v2;pnp5a;plcd1b;tspo;actb1;cldn23.1;s100a10b;s100v1;aldob;rhov,itga1;actc2;itgb4;arhgap31;esama;asap1b;fbn3;unc5ca;b4galt2;map3k1;lgr6;lama2;limch1b;cacna1sa;brinp2;ehbp1;psd2;pxdn;angptl4;tpm4a;pxna;kank4;lama4;frem3;mcamb;hspg2;nedd9;col5a2a;adgrl3.2;fndc3ba;ca10a;obsl1b;sh3kbp1;bnc2;ror2;col27a1b;sowah1;stard8;lepr;pdgfc;fmnl3;alpk3a;chs3;lzts1;tgfbr3;jag2b;usp28;jph1b;fstl1b;cacna1ab,cyt1l;krt4;evpla;ppl;cyt1;znf185;anxa1c;evplb;capn9;cldne;abca12;icn2;pkhd1l1.1;agr1;krt5;litafd;a2m1;nos1;abcb5;cast;krt17;icn;aep1;omc2;cldn23.1;s100w;duox;cyp2y3;il17rc;dhrs13a.2;ftr86;gvin1l2;selenow2b;fbxo2;prkchb;aldob;arap1a;anxa2a;elovl7b;stard14;tspo;gjb8;bicdl2l;anxa1a;anxa1b;scel;elovl7a;pcdh20l;stx11b.1;ftr83,703.2,409.1,14.85,ENSDARG00000058358;ENSDARG00000000212;ENSDARG00000041724;ENSDARG00000095147;ENSDARG00000017624;ENSDARG00000091116;ENSDARG00000019808;ENSDARG00000036832;ENSDARG00000101043;ENSDARG00000020417;ENSDARG00000099374;ENSDARG00000019516;ENSDARG00000092947;ENSDARG00000104359;ENSDARG00000086645;ENSDARG00000019365;ENSDARG00000036074;ENSDARG00000053569;ENSDARG00000101791;ENSDARG00000043128;ENSDARG00000055514;ENSDARG00000009978;ENSDARG00000026726;ENSDARG00000011870;ENSDARG00000071014;ENSDARG00000116617;ENSDARG00000035136;ENSDARG00000076230;ENSDARG00000068503;ENSDARG00000058693;ENSDARG00000012341;ENSDARG00000074002;ENSDARG00000037870;ENSDARG00000087093;ENSDARG00000099677;ENSDARG00000003216;ENSDARG00000043243;ENSDARG00000103917;ENSDARG00000104181;ENSDARG00000103459;ENSDARG00000070702;ENSDARG00000078619;ENSDARG00000034080;ENSDARG00000026655;ENSDARG00000037746;ENSDARG00000028096;ENSDARG00000025254;ENSDARG00000070427;ENSDARG00000053684;ENSDARG00000070434,ENSDARG00000074316;ENSDARG00000057911;ENSDARG00000028507;ENSDARG00000059472;ENSDARG00000077039;ENSDARG00000039729;ENSDARG00000098237;ENSDARG00000099133;ENSDARG00000077994;ENSDARG00000098405;ENSDARG00000098308;ENSDARG00000099390;ENSDARG00000103774;ENSDARG00000029457;ENSDARG00000014302;ENSDARG00000043643;ENSDARG00000063036;ENSDARG00000098733;ENSDARG00000035859;ENSDARG00000023963;ENSDARG00000088590;ENSDARG00000059473;ENSDARG00000020785;ENSDARG00000074677;ENSDARG00000005368;ENSDARG00000076564;ENSDARG00000089878;ENSDARG00000031678;ENSDARG00000090624;ENSDARG00000078179;ENSDARG00000052644;ENSDARG00000077388;ENSDARG00000075853;ENSDARG00000069989;ENSDARG00000076227;ENSDARG00000099930;ENSDARG00000088187;ENSDARG00000014003;ENSDARG00000070961;ENSDARG00000077588;ENSDARG00000004372;ENSDARG00000078989;ENSDARG00000068947;ENSDARG00000075565;ENSDARG00000099979;ENSDARG00000021389;ENSDARG00000008880;ENSDARG00000038826;ENSDARG00000039576;ENSDARG00000006923,ENSDARG00000036832;ENSDARG00000017624;ENSDARG00000019808;ENSDARG00000101043;ENSDARG00000092947;ENSDARG00000103917;ENSDARG00000104359;ENSDARG00000103459;ENSDARG00000012341;ENSDARG00000043128;ENSDARG00000074749;ENSDARG00000055514;ENSDARG00000091116;ENSDARG00000060682;ENSDARG00000058371;ENSDARG00000087093;ENSDARG00000104200;ENSDARG00000068910;ENSDARG00000021787;ENSDARG00000058693;ENSDARG00000094041;ENSDARG00000009978;ENSDARG00000039099;ENSDARG00000117474;ENSDARG00000028096;ENSDARG00000101181;ENSDARG00000062632;ENSDARG00000101423;ENSDARG00000099902;ENSDARG00000111240;ENSDARG00000076839;ENSDARG00000102364;ENSDARG00000089936;ENSDARG00000099306;ENSDARG00000043243;ENSDARG00000053684;ENSDARG00000062221;ENSDARG00000003216;ENSDARG00000100185;ENSDARG00000031929;ENSDARG00000026655;ENSDARG00000042707;ENSDARG00000091669;ENSDARG00000026726;ENSDARG00000100095;ENSDARG00000034677;ENSDARG00000069279;ENSDARG00000101910;ENSDARG00000029290;ENSDARG00000025403
C034,851,851,evpla;ppl;krt97;krt4;pkhd1l1.1;krt96;prkchb;atp10b;znf185;cldne;crybg1b;ahnak;krt8;kif26ab;pleca;evplb;slc6a11a;cyt1l;itpk1a;gbgt1l4;cast;nrg1;tmem176l.4;dhrs11a;hs3st3b1b;ftr86;lmo7a;prdm1b;pnp5a;nos1;cldn23.1;plcd1b;scel;spaca4l;daam1a;a2m1;slc5a8;paqr5b;ftr83;hmgcs1;gmds;adam9b;ttc39a;mboat1;sack1b;duox;pld1b;cyt1;il17rc;gna14,igf1rb;hspg2;lrp1ab;obscnb;prkd3;foxp1b;nrxn1a;serpinh1b;rbms3;sema5a;tgfbr3;tln1;elavl4;dchs1b;loxl3b;epha3;mybphb;plxnb1a;dab1a;zdhhc8b;znf423;actn1;tanc1b;spock1;slc20a2;fgfrl1a;gli3;bnc2;cd81a;col4a6;mtss2b;slit3;sgcd;xirp2b;fndc3ba;st6gal2a;tshz2;tox2;myom1a;ebf1a;unc5a;celf5a;agrn;aff2;dip2ca;sh3pxd2aa;acta1a;fras1;fstl1b;fgf13a,cyt1l;krt4;evpla;ppl;cyt1;znf185;anxa1c;evplb;capn9;cldne;abca12;icn2;pkhd1l1.1;agr1;krt5;litafd;a2m1;nos1;abcb5;cast;krt17;icn;aep1;omc2;cldn23.1;s100w;duox;cyp2y3;il17rc;dhrs13a.2;ftr86;gvin1l2;selenow2b;fbxo2;prkchb;aldob;arap1a;anxa2a;elovl7b;stard14;tspo;gjb8;bicdl2l;anxa1a;anxa1b;scel;elovl7a;pcdh20l;stx11b.1;ftr83,466.5,316.2,9.22,ENSDARG00000019808;ENSDARG00000101043;ENSDARG00000000212;ENSDARG00000017624;ENSDARG00000091116;ENSDARG00000095147;ENSDARG00000043243;ENSDARG00000076230;ENSDARG00000103917;ENSDARG00000043128;ENSDARG00000006060;ENSDARG00000061764;ENSDARG00000058358;ENSDARG00000015016;ENSDARG00000062590;ENSDARG00000103459;ENSDARG00000074002;ENSDARG00000036832;ENSDARG00000013056;ENSDARG00000068503;ENSDARG00000058693;ENSDARG00000104314;ENSDARG00000074390;ENSDARG00000046090;ENSDARG00000086645;ENSDARG00000076839;ENSDARG00000004930;ENSDARG00000098777;ENSDARG00000078619;ENSDARG00000068910;ENSDARG00000028096;ENSDARG00000034080;ENSDARG00000034677;ENSDARG00000116617;ENSDARG00000015059;ENSDARG00000104200;ENSDARG00000087120;ENSDARG00000052688;ENSDARG00000025403;ENSDARG00000103025;ENSDARG00000026629;ENSDARG00000057138;ENSDARG00000074126;ENSDARG00000029356;ENSDARG00000078309;ENSDARG00000062632;ENSDARG00000057125;ENSDARG00000092947;ENSDARG00000099902;ENSDARG00000035178,ENSDARG00000034434;ENSDARG00000076564;ENSDARG00000029146;ENSDARG00000022101;ENSDARG00000079967;ENSDARG00000014181;ENSDARG00000061647;ENSDARG00000019949;ENSDARG00000044574;ENSDARG00000058821;ENSDARG00000099979;ENSDARG00000100729;ENSDARG00000045639;ENSDARG00000079850;ENSDARG00000039563;ENSDARG00000039373;ENSDARG00000003081;ENSDARG00000075821;ENSDARG00000059939;ENSDARG00000018508;ENSDARG00000059707;ENSDARG00000007219;ENSDARG00000089190;ENSDARG00000074644;ENSDARG00000060796;ENSDARG00000032617;ENSDARG00000052131;ENSDARG00000069989;ENSDARG00000036080;ENSDARG00000052061;ENSDARG00000087260;ENSDARG00000034268;ENSDARG00000098573;ENSDARG00000091090;ENSDARG00000078179;ENSDARG00000039335;ENSDARG00000079201;ENSDARG00000100055;ENSDARG00000061249;ENSDARG00000099849;ENSDARG00000099034;ENSDARG00000071375;ENSDARG00000079388;ENSDARG00000052242;ENSDARG00000062154;ENSDARG00000060148;ENSDARG00000036371;ENSDARG00000054619;ENSDARG00000039576;ENSDARG00000035056,ENSDARG00000036832;ENSDARG00000017624;ENSDARG00000019808;ENSDARG00000101043;ENSDARG00000092947;ENSDARG00000103917;ENSDARG00000104359;ENSDARG00000103459;ENSDARG00000012341;ENSDARG00000043128;ENSDARG00000074749;ENSDARG00000055514;ENSDARG00000091116;ENSDARG00000060682;ENSDARG00000058371;ENSDARG00000087093;ENSDARG00000104200;ENSDARG00000068910;ENSDARG00000021787;ENSDARG00000058693;ENSDARG00000094041;ENSDARG00000009978;ENSDARG00000039099;ENSDARG00000117474;ENSDARG00000028096;ENSDARG00000101181;ENSDARG00000062632;ENSDARG00000101423;ENSDARG00000099902;ENSDARG00000111240;ENSDARG00000076839;ENSDARG00000102364;ENSDARG00000089936;ENSDARG00000099306;ENSDARG00000043243;ENSDARG00000053684;ENSDARG00000062221;ENSDARG00000003216;ENSDARG00000100185;ENSDARG00000031929;ENSDARG00000026655;ENSDARG00000042707;ENSDARG00000091669;ENSDARG00000026726;ENSDARG00000100095;ENSDARG00000034677;ENSDARG00000069279;ENSDARG00000101910;ENSDARG00000029290;ENSDARG00000025403
C035,412,412,kcnj1a.5;atp1a1a.2;atp1b1b;kcnj1a.6;fxyd11;ndrg1a;linc-mir30e-2;rgs5b;ppp1r12b;sstr5;esrrgb;cldn3c;mavs;prlrb;ppargc1a;ndrg3a;slc9a5;pip5k1ca;kcnj1a.2;adcy6b;dusp2;fam135b;fa2h;ppargc1b;rasa2;laptm4b;esrrga;fxyd3;arhgef38;pisd;rbm47;grhl1;myo1d;lrp1bb;cerk;lpin1a;aldocb;flrt2;map3k5;elovl1b;ano9b;ugcg;eps8l1b;esrra;ugt8;anxa11a;sh2b3;lmbrd1;itpkcb;oxct1a,agrn;col18a1a;arvcfb;sgcd;rbms3;cd81a;galnt1;sema4c;bcar1;fndc3ba;col5a1;bcam;pard3bb;cntfr;celf2;robo1;znf423;plecb;cadm1a;foxn3;plxna1a;myo18ab;pbx1a;ptprsa;hspg2;slit3;ptprga;kcnma1a;ebf1a;col11a1a;trps1;plxna3;auts2a;aff2;zfhx3b;tenm4;iqsec1b;chsy1;ctnna2;pcdh7b;fat1a;plxna2;ncam1a;mideasb;nova2;sox6;stat3;neb;bach2b;gse1b,atp1b1b;fxyd11;atp1a1a.2;muc5.2;muc5.1;clcn2c;slc12a10.2;slc12a10.3;rgs5b;trpv6;cldn3c;nipal4;atp1a1a.3;ndrg1a;cckbra;linc-mir30e-2;sstr5;hepacam2;ppp1r12b;prlra;capn8;fer1l6;prlrb;cers3a;adgrf8;prom2;ppargc1a;mavs;dusp2;tspan34b;arhgef38;ndrg3a;fa2h;adcy6b;grhl1;tmx2b;rbm47;itpr3;map3k5;fxyd3;elovl1b;eps8l2;slc4a4b;rasa2;ugt8;baiap2l1b;sh3gl2a;esrrga;anxa11a;nedd4a,622.3,373.4,12.26,ENSDARG00000089060;ENSDARG00000007739;ENSDARG00000076833;ENSDARG00000088484;ENSDARG00000099117;ENSDARG00000032849;ENSDARG00000102040;ENSDARG00000017860;ENSDARG00000117155;ENSDARG00000101655;ENSDARG00000011696;ENSDARG00000069503;ENSDARG00000069733;ENSDARG00000045955;ENSDARG00000067829;ENSDARG00000013087;ENSDARG00000078560;ENSDARG00000076001;ENSDARG00000090866;ENSDARG00000027797;ENSDARG00000098108;ENSDARG00000105121;ENSDARG00000090063;ENSDARG00000101569;ENSDARG00000078775;ENSDARG00000035870;ENSDARG00000004861;ENSDARG00000099014;ENSDARG00000079377;ENSDARG00000052462;ENSDARG00000061985;ENSDARG00000061391;ENSDARG00000036863;ENSDARG00000061517;ENSDARG00000069169;ENSDARG00000020239;ENSDARG00000019702;ENSDARG00000079355;ENSDARG00000005416;ENSDARG00000103735;ENSDARG00000079324;ENSDARG00000058221;ENSDARG00000003313;ENSDARG00000069266;ENSDARG00000037455;ENSDARG00000077383;ENSDARG00000069958;ENSDARG00000104223;ENSDARG00000067741;ENSDARG00000013063,ENSDARG00000079388;ENSDARG00000036558;ENSDARG00000061688;ENSDARG00000098573;ENSDARG00000044574;ENSDARG00000036080;ENSDARG00000061335;ENSDARG00000079611;ENSDARG00000056525;ENSDARG00000078179;ENSDARG00000012593;ENSDARG00000090190;ENSDARG00000034555;ENSDARG00000028661;ENSDARG00000002131;ENSDARG00000026784;ENSDARG00000059707;ENSDARG00000021987;ENSDARG00000031075;ENSDARG00000012833;ENSDARG00000105452;ENSDARG00000061862;ENSDARG00000100494;ENSDARG00000059738;ENSDARG00000076564;ENSDARG00000034268;ENSDARG00000045006;ENSDARG00000079840;ENSDARG00000099849;ENSDARG00000026165;ENSDARG00000104082;ENSDARG00000007172;ENSDARG00000056427;ENSDARG00000052242;ENSDARG00000103057;ENSDARG00000105088;ENSDARG00000016551;ENSDARG00000079027;ENSDARG00000024785;ENSDARG00000060610;ENSDARG00000017591;ENSDARG00000060372;ENSDARG00000056181;ENSDARG00000053864;ENSDARG00000017673;ENSDARG00000015536;ENSDARG00000022712;ENSDARG00000032630;ENSDARG00000004074;ENSDARG00000062020,ENSDARG00000076833;ENSDARG00000099117;ENSDARG00000007739;ENSDARG00000058556;ENSDARG00000070331;ENSDARG00000060439;ENSDARG00000071173;ENSDARG00000055253;ENSDARG00000017860;ENSDARG00000014496;ENSDARG00000069503;ENSDARG00000059365;ENSDARG00000039131;ENSDARG00000032849;ENSDARG00000074117;ENSDARG00000102040;ENSDARG00000101655;ENSDARG00000061365;ENSDARG00000117155;ENSDARG00000016570;ENSDARG00000055715;ENSDARG00000019316;ENSDARG00000045955;ENSDARG00000078541;ENSDARG00000093316;ENSDARG00000039406;ENSDARG00000067829;ENSDARG00000069733;ENSDARG00000098108;ENSDARG00000025757;ENSDARG00000079377;ENSDARG00000013087;ENSDARG00000090063;ENSDARG00000027797;ENSDARG00000061391;ENSDARG00000007786;ENSDARG00000061985;ENSDARG00000061741;ENSDARG00000005416;ENSDARG00000099014;ENSDARG00000103735;ENSDARG00000058108;ENSDARG00000044808;ENSDARG00000078775;ENSDARG00000037455;ENSDARG00000031119;ENSDARG00000023600;ENSDARG00000004861;ENSDARG00000077383;ENSDARG00000099843
C036,251,251,npas3;nfixa;rasgrp4;bcan;aatka;dscamb;zcchc24;fibcd1b;qkib;grid1b;lrrc4ba;igsf9ba;traf4a;pcbp4;grid1a;dscaml1;nlgn3a;cdh18;tnr;gria1a;prex1;tafa3b;sipa1;ptprdb;sema5a;cdh4;tmem178bb;arhgef4;csmd2;kif1ab;nrg3b;sox6;arhgef10la;gpm6ab;myt1b;dpp6b;adgrb3;tub;sox5;nfixb;npas1;fmn2b;dock3;grid2;dock4b;ntrk3a;qki2;myo9aa;olfm2a;erbb4b,znf185;abca12;pof1b;evpla;crybg1b;pnp5a;anxa1c;evplb;cav1;ahnak;ywhaz;col5a1;nr4a3;agr1;hdlbpa;myh9a;pkp3a;fosb;cavin2b;cast;krt5;perp;pnrc2;pleca;spaca4l;ppl;cdh1;cd99;krt1-19e;lrmda;aep1;cldne;myh9b;actb1;actb2;zfhx3b;pabpc1a;eef1a1l1;cyt1l;fosab;jupa;tob1b;cyt1;btg2;robo1;ank3a;pls3;hspa8;foxp4;btg1,gfap;hepacama;aifm3;slc6a11b;slc4a4a;cldn7a;rfx4;qkib;ccdc24;drc11;pkd1b;pbx3a;npas3;adgrd2;adamts3;atp1a1b;clstn2a;slc1a2b;cfap57;nectin3a;foxj1a;adamtsl5;kif19;dnah5l;col4a6;prickle2b;odad2;lmx1bb;dnah2;bicc2;rspo2;cldn19;lmx1al;cfap58;dnah5;gpc1b;kif26aa;qki2;dnah6;vim;pacrg;ptn;stra6;ntn1b;crocc2;gpc5a;col4a5;brsk2b;nfixa;npas1,312.6,227.4,1.63,ENSDARG00000109820;ENSDARG00000043226;ENSDARG00000061796;ENSDARG00000099412;ENSDARG00000078222;ENSDARG00000028118;ENSDARG00000078026;ENSDARG00000060393;ENSDARG00000002026;ENSDARG00000044161;ENSDARG00000004597;ENSDARG00000033845;ENSDARG00000003963;ENSDARG00000024276;ENSDARG00000074583;ENSDARG00000098057;ENSDARG00000104786;ENSDARG00000102769;ENSDARG00000020771;ENSDARG00000021352;ENSDARG00000075793;ENSDARG00000020292;ENSDARG00000076697;ENSDARG00000019945;ENSDARG00000058821;ENSDARG00000015002;ENSDARG00000006747;ENSDARG00000012914;ENSDARG00000001559;ENSDARG00000062024;ENSDARG00000089766;ENSDARG00000015536;ENSDARG00000088630;ENSDARG00000004621;ENSDARG00000102879;ENSDARG00000024744;ENSDARG00000059832;ENSDARG00000062165;ENSDARG00000011582;ENSDARG00000061836;ENSDARG00000015876;ENSDARG00000061778;ENSDARG00000063180;ENSDARG00000055302;ENSDARG00000024874;ENSDARG00000077228;ENSDARG00000010018;ENSDARG00000076729;ENSDARG00000077847;ENSDARG00000089536,ENSDARG00000103917;ENSDARG00000074749;ENSDARG00000054060;ENSDARG00000019808;ENSDARG00000006060;ENSDARG00000078619;ENSDARG00000104359;ENSDARG00000103459;ENSDARG00000103747;ENSDARG00000061764;ENSDARG00000032575;ENSDARG00000012593;ENSDARG00000055854;ENSDARG00000060682;ENSDARG00000009830;ENSDARG00000063295;ENSDARG00000051861;ENSDARG00000055751;ENSDARG00000071196;ENSDARG00000058693;ENSDARG00000058371;ENSDARG00000063572;ENSDARG00000053291;ENSDARG00000062590;ENSDARG00000116617;ENSDARG00000101043;ENSDARG00000102750;ENSDARG00000051975;ENSDARG00000090268;ENSDARG00000057166;ENSDARG00000039099;ENSDARG00000043128;ENSDARG00000001014;ENSDARG00000037746;ENSDARG00000037870;ENSDARG00000103057;ENSDARG00000017219;ENSDARG00000020850;ENSDARG00000036832;ENSDARG00000031683;ENSDARG00000070787;ENSDARG00000021372;ENSDARG00000092947;ENSDARG00000020298;ENSDARG00000026784;ENSDARG00000061736;ENSDARG00000037655;ENSDARG00000068992;ENSDARG00000076120;ENSDARG00000027249,ENSDARG00000025301;ENSDARG00000056934;ENSDARG00000062780;ENSDARG00000087981;ENSDARG00000013730;ENSDARG00000036376;ENSDARG00000026395;ENSDARG00000002026;ENSDARG00000038793;ENSDARG00000057276;ENSDARG00000033029;ENSDARG00000089262;ENSDARG00000109820;ENSDARG00000103067;ENSDARG00000060127;ENSDARG00000019856;ENSDARG00000060637;ENSDARG00000102453;ENSDARG00000058090;ENSDARG00000103638;ENSDARG00000101919;ENSDARG00000052118;ENSDARG00000053026;ENSDARG00000056888;ENSDARG00000052061;ENSDARG00000037593;ENSDARG00000055128;ENSDARG00000068365;ENSDARG00000087352;ENSDARG00000076557;ENSDARG00000079570;ENSDARG00000044569;ENSDARG00000077915;ENSDARG00000069435;ENSDARG00000087373;ENSDARG00000090585;ENSDARG00000042368;ENSDARG00000010018;ENSDARG00000000606;ENSDARG00000010008;ENSDARG00000087556;ENSDARG00000102340;ENSDARG00000051874;ENSDARG00000022531;ENSDARG00000017425;ENSDARG00000103647;ENSDARG00000052063;ENSDARG00000077791;ENSDARG00000043226;ENSDARG00000015876
C037,513,513,muc5.1;muc5.2;p2rx1;cckbra;rasef;cldn3c;agr2;fer1l6;ern2;capn8;dennd2da;fer1l4;atp2a3;sytl2b;st6gal2b;neurl1aa;itpr3;kita;cadps2;cpda;gab2;grhl1;klhl24b;rbm38;zbtb46;foxp1a;itprid2;gfpt1;ugt8;rbm47;plekha7a;camk1b;notch1b;doc2b;anxa11a;nectin1b;lrba;ccser2b;fa2h;cnksr3;nectin4a;lnx1;hk2;nav2b;suclg2;tanc2a;st6gal2a;gfpt2;diaph3;man1a1,zeb1b;bnc2;rbms3;sema4c;auts2a;cd81a;sgcd;ebf1a;yap1;ebf3a;bcam;pbx3b;cntfr;diaph2;tox2;arvcfb;brsk2b;plxna1a;col5a1;adgrl1a;ctnna2;foxn3;agrn;fat1a;ank2b;robo1;rapgef2b;anxa1c;zfhx4;aff2;cast;myo9aa;tenm3;hspg2;slit3;gnao1a;pbx1a;kcnma1a;celf2;evplb;tns1b;tcnbb;mef2aa;tenm4;agr1;fndc3ba;plxna2;pard3bb;plekha5;dacha,atp1b1b;fxyd11;atp1a1a.2;muc5.2;muc5.1;clcn2c;slc12a10.2;slc12a10.3;rgs5b;trpv6;cldn3c;nipal4;atp1a1a.3;ndrg1a;cckbra;linc-mir30e-2;sstr5;hepacam2;ppp1r12b;prlra;capn8;fer1l6;prlrb;cers3a;adgrf8;prom2;ppargc1a;mavs;dusp2;tspan34b;arhgef38;ndrg3a;fa2h;adcy6b;grhl1;tmx2b;rbm47;itpr3;map3k5;fxyd3;elovl1b;eps8l2;slc4a4b;rasa2;ugt8;baiap2l1b;sh3gl2a;esrrga;anxa11a;nedd4a,397.8,278.8,4.59,ENSDARG00000070331;ENSDARG00000058556;ENSDARG00000016695;ENSDARG00000074117;ENSDARG00000076250;ENSDARG00000069503;ENSDARG00000070480;ENSDARG00000019316;ENSDARG00000058475;ENSDARG00000055715;ENSDARG00000058666;ENSDARG00000076952;ENSDARG00000060978;ENSDARG00000075436;ENSDARG00000088515;ENSDARG00000069438;ENSDARG00000061741;ENSDARG00000043317;ENSDARG00000013312;ENSDARG00000055648;ENSDARG00000105120;ENSDARG00000061391;ENSDARG00000008275;ENSDARG00000058818;ENSDARG00000078191;ENSDARG00000004843;ENSDARG00000038938;ENSDARG00000057465;ENSDARG00000037455;ENSDARG00000061985;ENSDARG00000060813;ENSDARG00000029474;ENSDARG00000052094;ENSDARG00000088293;ENSDARG00000077383;ENSDARG00000086034;ENSDARG00000031108;ENSDARG00000091535;ENSDARG00000090063;ENSDARG00000105277;ENSDARG00000077419;ENSDARG00000043323;ENSDARG00000101482;ENSDARG00000001879;ENSDARG00000044914;ENSDARG00000079097;ENSDARG00000039335;ENSDARG00000044094;ENSDARG00000090785;ENSDARG00000005652,ENSDARG00000013207;ENSDARG00000069989;ENSDARG00000044574;ENSDARG00000079611;ENSDARG00000056427;ENSDARG00000036080;ENSDARG00000098573;ENSDARG00000099849;ENSDARG00000068401;ENSDARG00000100244;ENSDARG00000090190;ENSDARG00000013615;ENSDARG00000028661;ENSDARG00000076060;ENSDARG00000100055;ENSDARG00000061688;ENSDARG00000077791;ENSDARG00000105452;ENSDARG00000012593;ENSDARG00000089292;ENSDARG00000024785;ENSDARG00000012833;ENSDARG00000079388;ENSDARG00000017591;ENSDARG00000043313;ENSDARG00000026784;ENSDARG00000005482;ENSDARG00000104359;ENSDARG00000075542;ENSDARG00000052242;ENSDARG00000058693;ENSDARG00000076729;ENSDARG00000005479;ENSDARG00000076564;ENSDARG00000034268;ENSDARG00000016676;ENSDARG00000100494;ENSDARG00000079840;ENSDARG00000002131;ENSDARG00000103459;ENSDARG00000020845;ENSDARG00000091996;ENSDARG00000031756;ENSDARG00000105088;ENSDARG00000060682;ENSDARG00000078179;ENSDARG00000060372;ENSDARG00000034555;ENSDARG00000045870;ENSDARG00000010132,ENSDARG00000076833;ENSDARG00000099117;ENSDARG00000007739;ENSDARG00000058556;ENSDARG00000070331;ENSDARG00000060439;ENSDARG00000071173;ENSDARG00000055253;ENSDARG00000017860;ENSDARG00000014496;ENSDARG00000069503;ENSDARG00000059365;ENSDARG00000039131;ENSDARG00000032849;ENSDARG00000074117;ENSDARG00000102040;ENSDARG00000101655;ENSDARG00000061365;ENSDARG00000117155;ENSDARG00000016570;ENSDARG00000055715;ENSDARG00000019316;ENSDARG00000045955;ENSDARG00000078541;ENSDARG00000093316;ENSDARG00000039406;ENSDARG00000067829;ENSDARG00000069733;ENSDARG00000098108;ENSDARG00000025757;ENSDARG00000079377;ENSDARG00000013087;ENSDARG00000090063;ENSDARG00000027797;ENSDARG00000061391;ENSDARG00000007786;ENSDARG00000061985;ENSDARG00000061741;ENSDARG00000005416;ENSDARG00000099014;ENSDARG00000103735;ENSDARG00000058108;ENSDARG00000044808;ENSDARG00000078775;ENSDARG00000037455;ENSDARG00000031119;ENSDARG00000023600;ENSDARG00000004861;ENSDARG00000077383;ENSDARG00000099843
C038,1712,1712,msnb;oca2;tm6sf2b;pmelb;cracr2ab;rpe65a;trpm1b;rlbp1b;pcdh15a;rdh5;trpm1a;fabp4b;rgra;stra6;tyrp1b;mitfa;slc24a4a;tyr;mb;vat1l;mlphb;slc45a2;inpp5kb;prdm16-2;proca1;dct;slc6a6a;slc38a11;pmela;kcnq4;mmp19;grm6b;bace2;rab32a;dhrsx;comtb;vav3b;pnp4a;col4a6;slc24a5;lrp2a;sytl2b;slc38a3a;ttyh2l;tmem268;lrmda;stm;abcg2d;tspan10;tspan36,bicdl2l;prkchb;omc2;rgl3a;cd9b;fut9d;scel;fam169aa;il17rc;a2m1;rab11al;klf2b;gjb8;crybg1b;esrp1;btr12;stard14;anxa1b;gvin1l2;cfl1l;muc13a;atp10b;fa2h;elovl7a;cav1;slc38a5a;mid1ip1a;pkp3a;abca12;epcam;myzap;tnks1bp1;dhrs13a.2;tmem176l.4;capn2l;agr1;chs3;caspb;rhbg;f11r.1;abcb5;dspb;anxa1a;arhgef15b;cldnb;nos1;evpla;capn9;cd99;cdh1,msnb;oca2;tm6sf2b;pmelb;cracr2ab;rpe65a;trpm1b;rlbp1b;pcdh15a;rdh5;trpm1a;fabp4b;rgra;stra6;tyrp1b;mitfa;slc24a4a;tyr;mb;vat1l;mlphb;slc45a2;inpp5kb;prdm16-2;proca1;dct;slc6a6a;slc38a11;pmela;kcnq4;mmp19;grm6b;bace2;rab32a;dhrsx;comtb;vav3b;pnp4a;col4a6;slc24a5;lrp2a;sytl2b;slc38a3a;ttyh2l;tmem268;lrmda;stm;abcg2d;tspan10;tspan36,405.6,304.3,1.99,ENSDARG00000028740;ENSDARG00000061303;ENSDARG00000029057;ENSDARG00000033760;ENSDARG00000045758;ENSDARG00000007480;ENSDARG00000103476;ENSDARG00000045808;ENSDARG00000098257;ENSDARG00000008306;ENSDARG00000011259;ENSDARG00000002311;ENSDARG00000054890;ENSDARG00000051874;ENSDARG00000056151;ENSDARG00000003732;ENSDARG00000015425;ENSDARG00000039077;ENSDARG00000031952;ENSDARG00000101280;ENSDARG00000062481;ENSDARG00000002593;ENSDARG00000078618;ENSDARG00000092738;ENSDARG00000069823;ENSDARG00000006008;ENSDARG00000012534;ENSDARG00000040257;ENSDARG00000091298;ENSDARG00000089490;ENSDARG00000091557;ENSDARG00000025671;ENSDARG00000044781;ENSDARG00000029036;ENSDARG00000079280;ENSDARG00000025679;ENSDARG00000075962;ENSDARG00000057575;ENSDARG00000052061;ENSDARG00000024771;ENSDARG00000102506;ENSDARG00000075436;ENSDARG00000027065;ENSDARG00000010727;ENSDARG00000087611;ENSDARG00000057166;ENSDARG00000035694;ENSDARG00000016818;ENSDARG00000044767;ENSDARG00000024540,ENSDARG00000091669;ENSDARG00000043243;ENSDARG00000117474;ENSDARG00000071213;ENSDARG00000016691;ENSDARG00000028098;ENSDARG00000034677;ENSDARG00000059719;ENSDARG00000099902;ENSDARG00000104200;ENSDARG00000014340;ENSDARG00000040432;ENSDARG00000042707;ENSDARG00000006060;ENSDARG00000011245;ENSDARG00000051809;ENSDARG00000031929;ENSDARG00000100095;ENSDARG00000102364;ENSDARG00000012972;ENSDARG00000069559;ENSDARG00000076230;ENSDARG00000090063;ENSDARG00000069279;ENSDARG00000103747;ENSDARG00000009901;ENSDARG00000041051;ENSDARG00000051861;ENSDARG00000074749;ENSDARG00000040534;ENSDARG00000075017;ENSDARG00000068760;ENSDARG00000111240;ENSDARG00000074390;ENSDARG00000034211;ENSDARG00000060682;ENSDARG00000068947;ENSDARG00000052039;ENSDARG00000009018;ENSDARG00000017320;ENSDARG00000021787;ENSDARG00000076673;ENSDARG00000026726;ENSDARG00000061844;ENSDARG00000009544;ENSDARG00000068910;ENSDARG00000019808;ENSDARG00000012341;ENSDARG00000051975;ENSDARG00000102750,ENSDARG00000028740;ENSDARG00000061303;ENSDARG00000029057;ENSDARG00000033760;ENSDARG00000045758;ENSDARG00000007480;ENSDARG00000103476;ENSDARG00000045808;ENSDARG00000098257;ENSDARG00000008306;ENSDARG00000011259;ENSDARG00000002311;ENSDARG00000054890;ENSDARG00000051874;ENSDARG00000056151;ENSDARG00000003732;ENSDARG00000015425;ENSDARG00000039077;ENSDARG00000031952;ENSDARG00000101280;ENSDARG00000062481;ENSDARG00000002593;ENSDARG00000078618;ENSDARG00000092738;ENSDARG00000069823;ENSDARG00000006008;ENSDARG00000012534;ENSDARG00000040257;ENSDARG00000091298;ENSDARG00000089490;ENSDARG00000091557;ENSDARG00000025671;ENSDARG00000044781;ENSDARG00000029036;ENSDARG00000079280;ENSDARG00000025679;ENSDARG00000075962;ENSDARG00000057575;ENSDARG00000052061;ENSDARG00000024771;ENSDARG00000102506;ENSDARG00000075436;ENSDARG00000027065;ENSDARG00000010727;ENSDARG00000087611;ENSDARG00000057166;ENSDARG00000035694;ENSDARG00000016818;ENSDARG00000044767;ENSDARG00000024540
C039,7698,5000,dscaml1;ncanb;adam22;lhx5;gdf11;thsd7aa;nkain2;ctnna2;nrxn3a;mapk10;pax2a;aplp1;elavl3;adgrl1a;spock1;lhx9;celf5a;celf4;pax2b;robo3;nova2;cntnap2b;zbtb20;mpp2a;stx1b;brsk2b;cacna2d3;ablim1a;fmn2b;lmo3;lmo1;mtus2a;phc2b;pbx3b;lhx2b;rbfox3a;cxxc4;phyhiplb;celsr3;pax5;enox1;rbfox1;meis2b;dock4a;cacnb4b;zfhx3b;sh2d3ca;apc2;znf385c;bcl11ba,trpm4b.2;omc2;fbp1a;adgrg2a;tcima;casp3b;nectin4a;cst14b.1;glrx;s100v2;tent5ba;cdh27;elovl7b;a2m1;ets2;chs3;rgl3a;b3gnt3.1;rhbg;gvin1l2;bicdl2;ppp2r5a;foxq1a;mhc1zba;fam169aa;bicdl2l;s100w;baiap2l1a;cldn23.1;dspb;grhl1;piezo1;txndc5;myzap;prkchb;asap2b;caspb;styk1b;sack1ha;elovl1b;nfe2l2a;cab39l1;dsc2l;tmem176l.3b;c1galt1lb;hhla2b.2;hbegfa;ier2a;gnpnat1;capn2l,dscaml1;ncanb;adam22;lhx5;gdf11;thsd7aa;nkain2;ctnna2;nrxn3a;mapk10;pax2a;aplp1;elavl3;adgrl1a;spock1;lhx9;celf5a;celf4;pax2b;robo3;nova2;cntnap2b;zbtb20;mpp2a;stx1b;brsk2b;cacna2d3;ablim1a;fmn2b;lmo3;lmo1;mtus2a;phc2b;pbx3b;lhx2b;rbfox3a;cxxc4;phyhiplb;celsr3;pax5;enox1;rbfox1;meis2b;dock4a;cacnb4b;zfhx3b;sh2d3ca;apc2;znf385c;bcl11ba,312.3,235.5,1.16,ENSDARG00000098057;ENSDARG00000005783;ENSDARG00000060532;ENSDARG00000057936;ENSDARG00000044924;ENSDARG00000061479;ENSDARG00000069427;ENSDARG00000024785;ENSDARG00000043746;ENSDARG00000102730;ENSDARG00000028148;ENSDARG00000098368;ENSDARG00000014420;ENSDARG00000089292;ENSDARG00000074644;ENSDARG00000056979;ENSDARG00000071375;ENSDARG00000070045;ENSDARG00000032578;ENSDARG00000005645;ENSDARG00000017673;ENSDARG00000074558;ENSDARG00000005586;ENSDARG00000053453;ENSDARG00000000503;ENSDARG00000077791;ENSDARG00000078760;ENSDARG00000060149;ENSDARG00000061778;ENSDARG00000008720;ENSDARG00000034504;ENSDARG00000062347;ENSDARG00000013224;ENSDARG00000013615;ENSDARG00000031222;ENSDARG00000010083;ENSDARG00000077817;ENSDARG00000070498;ENSDARG00000055825;ENSDARG00000037383;ENSDARG00000060243;ENSDARG00000014746;ENSDARG00000077840;ENSDARG00000076213;ENSDARG00000062174;ENSDARG00000103057;ENSDARG00000028099;ENSDARG00000063007;ENSDARG00000058154;ENSDARG00000062510,ENSDARG00000063435;ENSDARG00000117474;ENSDARG00000021366;ENSDARG00000088137;ENSDARG00000079497;ENSDARG00000055045;ENSDARG00000077419;ENSDARG00000117133;ENSDARG00000028106;ENSDARG00000070702;ENSDARG00000039943;ENSDARG00000055093;ENSDARG00000100185;ENSDARG00000104200;ENSDARG00000103980;ENSDARG00000068947;ENSDARG00000071213;ENSDARG00000043482;ENSDARG00000009018;ENSDARG00000102364;ENSDARG00000052427;ENSDARG00000027017;ENSDARG00000030896;ENSDARG00000036588;ENSDARG00000059719;ENSDARG00000091669;ENSDARG00000101181;ENSDARG00000029305;ENSDARG00000028096;ENSDARG00000076673;ENSDARG00000061391;ENSDARG00000076870;ENSDARG00000009342;ENSDARG00000075017;ENSDARG00000043243;ENSDARG00000019564;ENSDARG00000052039;ENSDARG00000041947;ENSDARG00000068849;ENSDARG00000103735;ENSDARG00000042824;ENSDARG00000021374;ENSDARG00000039677;ENSDARG00000096874;ENSDARG00000055561;ENSDARG00000086254;ENSDARG00000075121;ENSDARG00000099195;ENSDARG00000039892;ENSDARG00000034211,ENSDARG00000098057;ENSDARG00000005783;ENSDARG00000060532;ENSDARG00000057936;ENSDARG00000044924;ENSDARG00000061479;ENSDARG00000069427;ENSDARG00000024785;ENSDARG00000043746;ENSDARG00000102730;ENSDARG00000028148;ENSDARG00000098368;ENSDARG00000014420;ENSDARG00000089292;ENSDARG00000074644;ENSDARG00000056979;ENSDARG00000071375;ENSDARG00000070045;ENSDARG00000032578;ENSDARG00000005645;ENSDARG00000017673;ENSDARG00000074558;ENSDARG00000005586;ENSDARG00000053453;ENSDARG00000000503;ENSDARG00000077791;ENSDARG00000078760;ENSDARG00000060149;ENSDARG00000061778;ENSDARG00000008720;ENSDARG00000034504;ENSDARG00000062347;ENSDARG00000013224;ENSDARG00000013615;ENSDARG00000031222;ENSDARG00000010083;ENSDARG00000077817;ENSDARG00000070498;ENSDARG00000055825;ENSDARG00000037383;ENSDARG00000060243;ENSDARG00000014746;ENSDARG00000077840;ENSDARG00000076213;ENSDARG00000062174;ENSDARG00000103057;ENSDARG00000028099;ENSDARG00000063007;ENSDARG00000058154;ENSDARG00000062510
C040,78,78,as.1666;elapor1;shank3a;rims1b;nr5a2;stard13b;dpydb;cyp1a;hpse2;zfpm1;sdk1a;cdh4;bop1;prdm16-2;hyou1;adka;nav3;doc2b;stat5a;daam1a;zcchc7;nectin1b;ek1;alcama;ctdp1;stat3;sh3pxd2aa;erbb4b;ptprfb;pawr;rnf38;fgfrl1a;tiparp;diaph3;immp2l;suclg2;nrp2b;tead1b;zbtb16b;shc1;igf2bp2a;snd1;grb10a;macrod2;fbxw7;mideasb;meis1b;arid3c;actn4,cyt1;cyt1l;ahnak;krt4;pleca,sst2;ins;gcgb;gcga;vwa5b2;pcxb;scgn;pnoca;sst1.2;scg3;kcnk9;slc5a10;abcc8;rapgef4a;pcsk1;pcsk2;prlra;slc30a2;sdk1a;bean1;pax6b;sgsm1a;kcnt2b;camk1da;cacna1c;pcsk1nl;dpp6a;spon1b;gabrg3;cpe;gria3a;npdc1a;cadm1a;syt7a;slc2a13a;cacna1da;sorcs3a;ptprnb;pde4cb;cadm2a;cacna2d2a;rhobtb1;slc1a4;dgkh;cacna1bb;ptn;slc7a2;gcgra;dgkg;cdh4,460.9,337.3,2.96,ENSDARG00000093205;ENSDARG00000042899;ENSDARG00000063332;ENSDARG00000078902;ENSDARG00000100940;ENSDARG00000098954;ENSDARG00000010267;ENSDARG00000098315;ENSDARG00000078163;ENSDARG00000041572;ENSDARG00000078866;ENSDARG00000015002;ENSDARG00000063627;ENSDARG00000092738;ENSDARG00000013670;ENSDARG00000039429;ENSDARG00000005476;ENSDARG00000088293;ENSDARG00000019392;ENSDARG00000015059;ENSDARG00000055443;ENSDARG00000086034;ENSDARG00000020080;ENSDARG00000026531;ENSDARG00000017522;ENSDARG00000022712;ENSDARG00000060148;ENSDARG00000089536;ENSDARG00000005754;ENSDARG00000045486;ENSDARG00000062055;ENSDARG00000032617;ENSDARG00000061841;ENSDARG00000090785;ENSDARG00000004925;ENSDARG00000044914;ENSDARG00000038446;ENSDARG00000059483;ENSDARG00000074526;ENSDARG00000075437;ENSDARG00000003421;ENSDARG00000006766;ENSDARG00000002013;ENSDARG00000032601;ENSDARG00000060994;ENSDARG00000053864;ENSDARG00000012078;ENSDARG00000067729;ENSDARG00000099786,ENSDARG00000092947;ENSDARG00000036832;ENSDARG00000061764;ENSDARG00000017624;ENSDARG00000062590,ENSDARG00000014190;ENSDARG00000035350;ENSDARG00000040907;ENSDARG00000079296;ENSDARG00000075886;ENSDARG00000051939;ENSDARG00000058732;ENSDARG00000025024;ENSDARG00000033161;ENSDARG00000086288;ENSDARG00000104563;ENSDARG00000074212;ENSDARG00000051879;ENSDARG00000079872;ENSDARG00000002600;ENSDARG00000019451;ENSDARG00000016570;ENSDARG00000021305;ENSDARG00000078866;ENSDARG00000087413;ENSDARG00000045936;ENSDARG00000028857;ENSDARG00000113064;ENSDARG00000074905;ENSDARG00000008398;ENSDARG00000076170;ENSDARG00000076826;ENSDARG00000023694;ENSDARG00000099919;ENSDARG00000055874;ENSDARG00000032737;ENSDARG00000074697;ENSDARG00000031075;ENSDARG00000063568;ENSDARG00000087867;ENSDARG00000102773;ENSDARG00000103535;ENSDARG00000077047;ENSDARG00000002411;ENSDARG00000009930;ENSDARG00000103390;ENSDARG00000079468;ENSDARG00000000551;ENSDARG00000018716;ENSDARG00000079295;ENSDARG00000102340;ENSDARG00000037097;ENSDARG00000104022;ENSDARG00000062696;ENSDARG00000015002
C041,85,85,nphs1;asic2;nlgn1;grik4;lrmda;ctnna2,ahnak;cyt1l;cyt1;actn4;pleca;krt4;malat1,nphs1;asic2;nlgn1;grik4;lrmda;ctnna2,491.3,437.5,1.36,ENSDARG00000060758;ENSDARG00000006849;ENSDARG00000077710;ENSDARG00000026753;ENSDARG00000057166;ENSDARG00000024785,ENSDARG00000061764;ENSDARG00000036832;ENSDARG00000092947;ENSDARG00000099786;ENSDARG00000062590;ENSDARG00000017624;ENSDARG00000099970,ENSDARG00000060758;ENSDARG00000006849;ENSDARG00000077710;ENSDARG00000026753;ENSDARG00000057166;ENSDARG00000024785
C042,1397,1397,cldn15la;cdx1b;cldn15a;npc1l1;anxa2b;saga;cldn15lb;tm4sf21a;ihha;acot19;hnf4g;cdx1a;dpydb;tfpil;cyp3c3;anpepb.2;tm4sf4;myo7ba;hnf4a;c3a.1;abcb11a;pcxb;g6pc1a.2;kmo;ezra;mvb12bb;eps8l3a;col18a1a;cyp1a;vil1;tmc5;hnf1bb;clic5b;sstr5;cers3a;col14a1a;muc13b;sytl5;slco1d1;ush1c;eva1ab;sik2a;satb2;fa2h;nol4lb;pard6b;itga3a;vipr1b;ugt8;tmprss2,dhrs13a.2;atp10b;b4galt1;omc2;abcb5;rhbg;a2m1;anxa1a;tcnbb;gjb8;tmem176l.4;agr1;anxa1b;mgll;litafd;creb3l1;sec23b;elovl7a;fbxo2;epas1a;myh9a;fut9d;arhgdig;capn2l;chs3;icn;spaca4l;gvin1l2;evplb;ckap4;abca12;evpla;anxa2a;cldne;ppl;fam169aa;scel;ccng2;anxa1c;tmsb1;aep1;cst14b.1;znf185;capn9;icn2;slc38a5a;pitpnm3;chsy3;ehbp1l1a;gsnb,cldn15la;cldn15a;cdx1b;tm4sf21a;ihha;cdx1a;tm4sf4;npc1l1;cldn15lb;anpepb.2;anxa2b;saga;hnf4g;acot19;hnf4a;cldn3d;cyp3c3;dpydb;mvb12bb;myo7ba;c3a.1;cyp1a;ezra;abcb11a;hnf1bb;pcxb;tmc5;sstr5;vil1;cers3a;clic5b;sytl5;col18a1a;itga3a;col14a1a;muc13b;tmprss2;slco1d1;sik2a;ush1c;postna;pxdc1b;pard6b;fa2h;sdk1a;nr5a2;satb2;ugt8;eva1ab;sfrp5,501.1,364.1,5.38,ENSDARG00000016081;ENSDARG00000116139;ENSDARG00000112049;ENSDARG00000099558;ENSDARG00000053625;ENSDARG00000012610;ENSDARG00000100844;ENSDARG00000057706;ENSDARG00000058733;ENSDARG00000040427;ENSDARG00000071565;ENSDARG00000114554;ENSDARG00000010267;ENSDARG00000089361;ENSDARG00000037873;ENSDARG00000097285;ENSDARG00000040747;ENSDARG00000044441;ENSDARG00000021494;ENSDARG00000012694;ENSDARG00000011573;ENSDARG00000051939;ENSDARG00000013721;ENSDARG00000009160;ENSDARG00000020944;ENSDARG00000079478;ENSDARG00000101979;ENSDARG00000036558;ENSDARG00000098315;ENSDARG00000040466;ENSDARG00000013252;ENSDARG00000022295;ENSDARG00000070584;ENSDARG00000101655;ENSDARG00000078541;ENSDARG00000005762;ENSDARG00000079647;ENSDARG00000062135;ENSDARG00000104108;ENSDARG00000051876;ENSDARG00000061405;ENSDARG00000079618;ENSDARG00000061885;ENSDARG00000090063;ENSDARG00000037607;ENSDARG00000003865;ENSDARG00000037917;ENSDARG00000059058;ENSDARG00000037455;ENSDARG00000098686,ENSDARG00000111240;ENSDARG00000076230;ENSDARG00000002634;ENSDARG00000117474;ENSDARG00000021787;ENSDARG00000009018;ENSDARG00000104200;ENSDARG00000026726;ENSDARG00000091996;ENSDARG00000042707;ENSDARG00000074390;ENSDARG00000060682;ENSDARG00000100095;ENSDARG00000036820;ENSDARG00000087093;ENSDARG00000015793;ENSDARG00000019360;ENSDARG00000069279;ENSDARG00000099306;ENSDARG00000008697;ENSDARG00000063295;ENSDARG00000028098;ENSDARG00000004034;ENSDARG00000034211;ENSDARG00000068947;ENSDARG00000009978;ENSDARG00000116617;ENSDARG00000102364;ENSDARG00000103459;ENSDARG00000032405;ENSDARG00000074749;ENSDARG00000019808;ENSDARG00000003216;ENSDARG00000043128;ENSDARG00000101043;ENSDARG00000059719;ENSDARG00000034677;ENSDARG00000017602;ENSDARG00000104359;ENSDARG00000104181;ENSDARG00000039099;ENSDARG00000117133;ENSDARG00000103917;ENSDARG00000012341;ENSDARG00000055514;ENSDARG00000009901;ENSDARG00000055255;ENSDARG00000069472;ENSDARG00000057353;ENSDARG00000045262,ENSDARG00000016081;ENSDARG00000112049;ENSDARG00000116139;ENSDARG00000057706;ENSDARG00000058733;ENSDARG00000114554;ENSDARG00000040747;ENSDARG00000099558;ENSDARG00000100844;ENSDARG00000097285;ENSDARG00000053625;ENSDARG00000012610;ENSDARG00000071565;ENSDARG00000040427;ENSDARG00000021494;ENSDARG00000015955;ENSDARG00000037873;ENSDARG00000010267;ENSDARG00000079478;ENSDARG00000044441;ENSDARG00000012694;ENSDARG00000098315;ENSDARG00000020944;ENSDARG00000011573;ENSDARG00000022295;ENSDARG00000051939;ENSDARG00000013252;ENSDARG00000101655;ENSDARG00000040466;ENSDARG00000078541;ENSDARG00000070584;ENSDARG00000062135;ENSDARG00000036558;ENSDARG00000037917;ENSDARG00000005762;ENSDARG00000079647;ENSDARG00000098686;ENSDARG00000104108;ENSDARG00000079618;ENSDARG00000051876;ENSDARG00000043806;ENSDARG00000040309;ENSDARG00000003865;ENSDARG00000090063;ENSDARG00000078866;ENSDARG00000100940;ENSDARG00000061885;ENSDARG00000037455;ENSDARG00000061405;ENSDARG00000039041
C043,93,93,irg1l;cldn3c;tspan34b;tmprss2;atp10d;mxra5a;prdm1a;cadps2;tagln2;gpc5a;baiap2l1b;pfkfb3;pard6b;phf20l1;slco2a1;ugt8;epha4a;abca1a;plch2a;znf385b;mmp15b;trim16;efhd2;bcam;hs3st3b1b;cyp1a;ptprfa;mcf2la;bmp7b;epha2a;klf5l;cdh1;ralgps2;rassf7b;pcsk5b;arhgap42b;cers2a;bcl2l11;ece2b;sdcbp2;atf3;sptlc2b;elovl1b;nav3;pcxa;unc5b;f11r.1;lrmda;klf3;man2a1,cyt1l;cyt1;hdlbpa;krt4,irg1l;cldn3c;tspan34b;tmprss2;atp10d;mxra5a;prdm1a;cadps2;tagln2;gpc5a;baiap2l1b;pfkfb3;pard6b;phf20l1;slco2a1;ugt8;epha4a;abca1a;plch2a;znf385b;mmp15b;trim16;efhd2;bcam;hs3st3b1b;cyp1a;ptprfa;mcf2la;bmp7b;epha2a;klf5l;cdh1;ralgps2;rassf7b;pcsk5b;arhgap42b;cers2a;bcl2l11;ece2b;sdcbp2;atf3;sptlc2b;elovl1b;nav3;pcxa;unc5b;f11r.1;lrmda;klf3;man2a1,527.1,372.4,2.03,ENSDARG00000062788;ENSDARG00000069503;ENSDARG00000025757;ENSDARG00000098686;ENSDARG00000078887;ENSDARG00000074815;ENSDARG00000002445;ENSDARG00000013312;ENSDARG00000033466;ENSDARG00000103647;ENSDARG00000031119;ENSDARG00000001953;ENSDARG00000003865;ENSDARG00000017427;ENSDARG00000061896;ENSDARG00000037455;ENSDARG00000054454;ENSDARG00000074635;ENSDARG00000059960;ENSDARG00000006065;ENSDARG00000013072;ENSDARG00000010673;ENSDARG00000055759;ENSDARG00000090190;ENSDARG00000086645;ENSDARG00000098315;ENSDARG00000103479;ENSDARG00000075859;ENSDARG00000063230;ENSDARG00000017354;ENSDARG00000018757;ENSDARG00000102750;ENSDARG00000026519;ENSDARG00000003193;ENSDARG00000060518;ENSDARG00000010654;ENSDARG00000013704;ENSDARG00000079144;ENSDARG00000102142;ENSDARG00000012513;ENSDARG00000007823;ENSDARG00000074287;ENSDARG00000103735;ENSDARG00000005476;ENSDARG00000098766;ENSDARG00000033327;ENSDARG00000017320;ENSDARG00000057166;ENSDARG00000015495;ENSDARG00000102200,ENSDARG00000036832;ENSDARG00000092947;ENSDARG00000009830;ENSDARG00000017624,ENSDARG00000062788;ENSDARG00000069503;ENSDARG00000025757;ENSDARG00000098686;ENSDARG00000078887;ENSDARG00000074815;ENSDARG00000002445;ENSDARG00000013312;ENSDARG00000033466;ENSDARG00000103647;ENSDARG00000031119;ENSDARG00000001953;ENSDARG00000003865;ENSDARG00000017427;ENSDARG00000061896;ENSDARG00000037455;ENSDARG00000054454;ENSDARG00000074635;ENSDARG00000059960;ENSDARG00000006065;ENSDARG00000013072;ENSDARG00000010673;ENSDARG00000055759;ENSDARG00000090190;ENSDARG00000086645;ENSDARG00000098315;ENSDARG00000103479;ENSDARG00000075859;ENSDARG00000063230;ENSDARG00000017354;ENSDARG00000018757;ENSDARG00000102750;ENSDARG00000026519;ENSDARG00000003193;ENSDARG00000060518;ENSDARG00000010654;ENSDARG00000013704;ENSDARG00000079144;ENSDARG00000102142;ENSDARG00000012513;ENSDARG00000007823;ENSDARG00000074287;ENSDARG00000103735;ENSDARG00000005476;ENSDARG00000098766;ENSDARG00000033327;ENSDARG00000017320;ENSDARG00000057166;ENSDARG00000015495;ENSDARG00000102200
C044,771,771,aqp8b;slc60a1b;eloal;cltrn;slc26a1;slc6a19a.1;slc34a1a;slc9a3.1;slc5a9;ggt1b;pdzk1ip1;cubn;pdzk1;evi5a;ca9;npr1b;cpne2;atp1a1a.4;cdh17;dio3b;dpydb;slc4a2a;slc4a4a;slc26a6.2;glis3;slc20a1a;clic5b;lrp2a;c1qtnf9;ezra;prlra;hoatz;hoga1;dnah12;dnah5l;hydin;tnfaip8l3;slc43a2b;ptgir;hnf1bb;prlrb;muc13b;dnah1;sat1a.1;hsd17b3;dnah7;cfap91;foxj1a;sptbn5;cfap58,capn9;dhrs13a.2;tcnbb;evplb;cdh26.2;cfl1l;gvin1l2;gsnb;anxa1c;pnp5a;agr1;anxa1a;krt1-19e;ckap4;icn2;cav1;cyt1;klf2b;spaca4l;aep1;nos1;b4galt1;abcb5;stard14;cldne;anxa2a;ppl;arhgdig;ahnak;znf185;krt5;myh9a;cyt1l;ip6k2a;icn;fbxo2;sec23b;evpla;bnc2;fam169aa;cd99;krt4;hsd17b12a;myh14;ank3a;capns1a;creb3l1;anks1b;omc2;hdlbpa,aqp8b;slc60a1b;eloal;cltrn;slc26a1;slc6a19a.1;slc34a1a;slc9a3.1;slc5a9;ggt1b;pdzk1ip1;cubn;pdzk1;evi5a;ca9;npr1b;cpne2;atp1a1a.4;cdh17;dio3b;dpydb;slc4a2a;slc4a4a;slc26a6.2;glis3;slc20a1a;clic5b;lrp2a;c1qtnf9;ezra;prlra;hoatz;hoga1;dnah12;dnah5l;hydin;tnfaip8l3;slc43a2b;ptgir;hnf1bb;prlrb;muc13b;dnah1;sat1a.1;hsd17b3;dnah7;cfap91;foxj1a;sptbn5;cfap58,538.1,363.7,5.36,ENSDARG00000089749;ENSDARG00000008263;ENSDARG00000079957;ENSDARG00000041644;ENSDARG00000029832;ENSDARG00000018621;ENSDARG00000028824;ENSDARG00000058498;ENSDARG00000005518;ENSDARG00000018342;ENSDARG00000017127;ENSDARG00000087013;ENSDARG00000022261;ENSDARG00000077666;ENSDARG00000102300;ENSDARG00000018750;ENSDARG00000007753;ENSDARG00000001870;ENSDARG00000005112;ENSDARG00000095767;ENSDARG00000010267;ENSDARG00000028173;ENSDARG00000013730;ENSDARG00000055835;ENSDARG00000069726;ENSDARG00000020114;ENSDARG00000070584;ENSDARG00000102506;ENSDARG00000058318;ENSDARG00000020944;ENSDARG00000016570;ENSDARG00000075714;ENSDARG00000018944;ENSDARG00000059987;ENSDARG00000056888;ENSDARG00000056764;ENSDARG00000088709;ENSDARG00000061120;ENSDARG00000038278;ENSDARG00000022295;ENSDARG00000045955;ENSDARG00000079647;ENSDARG00000100115;ENSDARG00000035652;ENSDARG00000023287;ENSDARG00000060165;ENSDARG00000006292;ENSDARG00000101919;ENSDARG00000097683;ENSDARG00000069435,ENSDARG00000012341;ENSDARG00000111240;ENSDARG00000091996;ENSDARG00000103459;ENSDARG00000087641;ENSDARG00000012972;ENSDARG00000102364;ENSDARG00000045262;ENSDARG00000104359;ENSDARG00000078619;ENSDARG00000060682;ENSDARG00000026726;ENSDARG00000090268;ENSDARG00000032405;ENSDARG00000055514;ENSDARG00000103747;ENSDARG00000092947;ENSDARG00000040432;ENSDARG00000116617;ENSDARG00000039099;ENSDARG00000068910;ENSDARG00000002634;ENSDARG00000021787;ENSDARG00000031929;ENSDARG00000043128;ENSDARG00000003216;ENSDARG00000101043;ENSDARG00000004034;ENSDARG00000061764;ENSDARG00000103917;ENSDARG00000058371;ENSDARG00000063295;ENSDARG00000036832;ENSDARG00000008310;ENSDARG00000009978;ENSDARG00000099306;ENSDARG00000019360;ENSDARG00000019808;ENSDARG00000069989;ENSDARG00000059719;ENSDARG00000051975;ENSDARG00000017624;ENSDARG00000015709;ENSDARG00000073732;ENSDARG00000061736;ENSDARG00000035329;ENSDARG00000015793;ENSDARG00000003512;ENSDARG00000117474;ENSDARG00000009830,ENSDARG00000089749;ENSDARG00000008263;ENSDARG00000079957;ENSDARG00000041644;ENSDARG00000029832;ENSDARG00000018621;ENSDARG00000028824;ENSDARG00000058498;ENSDARG00000005518;ENSDARG00000018342;ENSDARG00000017127;ENSDARG00000087013;ENSDARG00000022261;ENSDARG00000077666;ENSDARG00000102300;ENSDARG00000018750;ENSDARG00000007753;ENSDARG00000001870;ENSDARG00000005112;ENSDARG00000095767;ENSDARG00000010267;ENSDARG00000028173;ENSDARG00000013730;ENSDARG00000055835;ENSDARG00000069726;ENSDARG00000020114;ENSDARG00000070584;ENSDARG00000102506;ENSDARG00000058318;ENSDARG00000020944;ENSDARG00000016570;ENSDARG00000075714;ENSDARG00000018944;ENSDARG00000059987;ENSDARG00000056888;ENSDARG00000056764;ENSDARG00000088709;ENSDARG00000061120;ENSDARG00000038278;ENSDARG00000022295;ENSDARG00000045955;ENSDARG00000079647;ENSDARG00000100115;ENSDARG00000035652;ENSDARG00000023287;ENSDARG00000060165;ENSDARG00000006292;ENSDARG00000101919;ENSDARG00000097683;ENSDARG00000069435
C045,3234,3234,col9a1b;col2a1a;cmn;epyc;col11a2;otos2;col9a2;col9a3;igsf10;chad;matn3a;matn3b;cnmd;col11a1a;paqr4b;tgm2l;gas2b;ucmab;col8a1a;acanb;tbxta;loxl1;colgalt2a;chadla;plxdc2a;susd5;tppp3;krt94;drd2b;egf;mmp23bb;hsd17b8;col27a1b;mmp11b;ddr2b;ehd2b;acana;golim4b;mxra8a;cpxm1b;znf385a;matn4;sparc;krt18a.1;wwp2;col2a1b;shha;bmpr1ba;lgr6;agtrap,adgrf6;b4galt1;il17rc;atp10b;mgst1.1;omc2;adgrg2a;chs3;bicdl2l;cldn23.1;gvin1l2;sack1ha;selenow2b;cdh27;elovl1a;bicdl2;dhrs13a.2;tnks1bp1;evplb;foxq1a;osbpl7;spint2;ftr83;anxa1d;rab25a;fut9d;elovl7a;prkchb;btr12;tcima;elovl7b;slc5a8;anxa3a;nectin4a;capn2l;cst14b.1;abcb5;capn2b;klf3;fa2h;vamp8;capn9;gfpt2;cd9b;agr1;cacna1sa;rhbg;stard14;tjp3;tcnbb,col9a1b;cmn;col2a1a;epyc;col11a2;otos2;col9a2;igsf10;chad;col9a3;matn3b;matn3a;paqr4b;cnmd;tbxta;tgm2l;col11a1a;gas2b;col8a1a;ucmab;acanb;colgalt2a;loxl1;chadla;plxdc2a;susd5;tppp3;vimr1;sncga;krt94;egf;drd2b;ngs;mmp23bb;hsd17b8;mmp11b;ehd2b;ddr2b;col27a1b;mxra8a;acana;znf385a;cpxm1b;golim4b;wwp2;agtrap;matn4;krt18a.1;shha;sparc,500.7,286.0,2.84,ENSDARG00000031483;ENSDARG00000069093;ENSDARG00000055527;ENSDARG00000056950;ENSDARG00000012422;ENSDARG00000096905;ENSDARG00000024492;ENSDARG00000037845;ENSDARG00000077497;ENSDARG00000045071;ENSDARG00000069245;ENSDARG00000069265;ENSDARG00000100133;ENSDARG00000026165;ENSDARG00000074160;ENSDARG00000093381;ENSDARG00000036152;ENSDARG00000005485;ENSDARG00000077403;ENSDARG00000045799;ENSDARG00000101576;ENSDARG00000054451;ENSDARG00000078299;ENSDARG00000055160;ENSDARG00000077219;ENSDARG00000088277;ENSDARG00000030463;ENSDARG00000044975;ENSDARG00000011091;ENSDARG00000052739;ENSDARG00000009825;ENSDARG00000001169;ENSDARG00000099930;ENSDARG00000016718;ENSDARG00000058695;ENSDARG00000040362;ENSDARG00000035891;ENSDARG00000014545;ENSDARG00000062222;ENSDARG00000098158;ENSDARG00000009899;ENSDARG00000015947;ENSDARG00000019353;ENSDARG00000018404;ENSDARG00000061345;ENSDARG00000011407;ENSDARG00000068567;ENSDARG00000104100;ENSDARG00000098308;ENSDARG00000077082,ENSDARG00000042829;ENSDARG00000002634;ENSDARG00000099902;ENSDARG00000076230;ENSDARG00000032618;ENSDARG00000117474;ENSDARG00000088137;ENSDARG00000068947;ENSDARG00000091669;ENSDARG00000028096;ENSDARG00000102364;ENSDARG00000068849;ENSDARG00000089936;ENSDARG00000055093;ENSDARG00000099960;ENSDARG00000052427;ENSDARG00000111240;ENSDARG00000068760;ENSDARG00000103459;ENSDARG00000030896;ENSDARG00000012981;ENSDARG00000069476;ENSDARG00000025403;ENSDARG00000098481;ENSDARG00000058800;ENSDARG00000028098;ENSDARG00000069279;ENSDARG00000043243;ENSDARG00000051809;ENSDARG00000079497;ENSDARG00000100185;ENSDARG00000087120;ENSDARG00000009196;ENSDARG00000077419;ENSDARG00000034211;ENSDARG00000117133;ENSDARG00000021787;ENSDARG00000055592;ENSDARG00000015495;ENSDARG00000090063;ENSDARG00000024116;ENSDARG00000012341;ENSDARG00000044094;ENSDARG00000016691;ENSDARG00000060682;ENSDARG00000029457;ENSDARG00000009018;ENSDARG00000031929;ENSDARG00000002909;ENSDARG00000091996,ENSDARG00000031483;ENSDARG00000055527;ENSDARG00000069093;ENSDARG00000056950;ENSDARG00000012422;ENSDARG00000096905;ENSDARG00000024492;ENSDARG00000077497;ENSDARG00000045071;ENSDARG00000037845;ENSDARG00000069265;ENSDARG00000069245;ENSDARG00000074160;ENSDARG00000100133;ENSDARG00000101576;ENSDARG00000093381;ENSDARG00000026165;ENSDARG00000036152;ENSDARG00000077403;ENSDARG00000005485;ENSDARG00000045799;ENSDARG00000078299;ENSDARG00000054451;ENSDARG00000055160;ENSDARG00000077219;ENSDARG00000088277;ENSDARG00000030463;ENSDARG00000068589;ENSDARG00000034423;ENSDARG00000044975;ENSDARG00000052739;ENSDARG00000011091;ENSDARG00000054321;ENSDARG00000009825;ENSDARG00000001169;ENSDARG00000016718;ENSDARG00000040362;ENSDARG00000058695;ENSDARG00000099930;ENSDARG00000062222;ENSDARG00000035891;ENSDARG00000009899;ENSDARG00000098158;ENSDARG00000014545;ENSDARG00000061345;ENSDARG00000077082;ENSDARG00000015947;ENSDARG00000018404;ENSDARG00000068567;ENSDARG00000019353
C046,86,86,trpc4a;kcnt2a;p2rx3a;trpa1b;mctp1a;htr3a;piezo2b;scn1laa;nptx1l;kcnab2a;kcnb2b;ntrk3a;syt7b;plcb1;htr2cl1;kcng4a;grip2b;hs3st4;znf804a;cacna1ha;hpca;syt9b;runx3;rgs6;kcnc4;trarg1a;gabrb3;shisal1a;phf24;kcnd1;kcnd3;znf804b;cntn5;rtn4r;clstn2a;frmd3;scn8ab;asic2;prkcaa;mdga2a;ntng2a;rbfox3a;kcnt1b;pcsk1;drp2;cadm2a;ank2a;arrb1;tp53i11a;gabbr2,ppl;evpla;ahnak;cyt1l;actb1;cast;cyt1;foxp4;qkia;hdlbpa;krt4;pleca;actn4,ntrk1;elavl4;tmeff2b;tlx2;prkg2;thsd7bb;ppp1r1c;mdga1;pcbp4;ntrk2a;prkg1b;ank2a;stmn4l;asic1b;nes;trarg1a;kif26bb;phf24;gfra1b;vim;sez6l;kif1aa;ntng2a;nrn1la;cacna1ba;frmd3;pde5ab;adam19b;ebf3a;mast1a;ankrd13b;arhgap22a;cntn2;anxa13l;scn8ab;stum;nptx1l;ebf1a;ntng2b;prkg1a;gpr158b;b3gat2;npr2;thsd7ba;dscamb;kcnd1;mctp1a;grip2b;rin1b;syt2a,961.7,565.0,1.04,ENSDARG00000070507;ENSDARG00000075812;ENSDARG00000010477;ENSDARG00000031875;ENSDARG00000076404;ENSDARG00000089212;ENSDARG00000112723;ENSDARG00000086819;ENSDARG00000074671;ENSDARG00000087247;ENSDARG00000088842;ENSDARG00000077228;ENSDARG00000078060;ENSDARG00000109726;ENSDARG00000018228;ENSDARG00000062967;ENSDARG00000027618;ENSDARG00000052648;ENSDARG00000027079;ENSDARG00000060496;ENSDARG00000018397;ENSDARG00000029239;ENSDARG00000052826;ENSDARG00000015627;ENSDARG00000061288;ENSDARG00000090481;ENSDARG00000023771;ENSDARG00000045594;ENSDARG00000077596;ENSDARG00000074746;ENSDARG00000056101;ENSDARG00000103396;ENSDARG00000021584;ENSDARG00000090035;ENSDARG00000060637;ENSDARG00000059885;ENSDARG00000018032;ENSDARG00000006849;ENSDARG00000115657;ENSDARG00000024017;ENSDARG00000077367;ENSDARG00000010083;ENSDARG00000104868;ENSDARG00000002600;ENSDARG00000101419;ENSDARG00000009930;ENSDARG00000009026;ENSDARG00000043241;ENSDARG00000069430;ENSDARG00000061042,ENSDARG00000101043;ENSDARG00000019808;ENSDARG00000061764;ENSDARG00000036832;ENSDARG00000037746;ENSDARG00000058693;ENSDARG00000092947;ENSDARG00000076120;ENSDARG00000097478;ENSDARG00000009830;ENSDARG00000017624;ENSDARG00000062590;ENSDARG00000099786,ENSDARG00000004586;ENSDARG00000045639;ENSDARG00000058699;ENSDARG00000011273;ENSDARG00000054741;ENSDARG00000061497;ENSDARG00000038941;ENSDARG00000074376;ENSDARG00000024276;ENSDARG00000059897;ENSDARG00000031702;ENSDARG00000009026;ENSDARG00000043932;ENSDARG00000101866;ENSDARG00000088805;ENSDARG00000090481;ENSDARG00000024575;ENSDARG00000077596;ENSDARG00000102564;ENSDARG00000010008;ENSDARG00000100594;ENSDARG00000061817;ENSDARG00000077367;ENSDARG00000069368;ENSDARG00000021735;ENSDARG00000059885;ENSDARG00000051915;ENSDARG00000067545;ENSDARG00000100244;ENSDARG00000027497;ENSDARG00000014652;ENSDARG00000021255;ENSDARG00000000472;ENSDARG00000013613;ENSDARG00000018032;ENSDARG00000041915;ENSDARG00000074671;ENSDARG00000099849;ENSDARG00000087100;ENSDARG00000020656;ENSDARG00000079665;ENSDARG00000030733;ENSDARG00000104393;ENSDARG00000095022;ENSDARG00000028118;ENSDARG00000074746;ENSDARG00000076404;ENSDARG00000027618;ENSDARG00000070100;ENSDARG00000025206
C047,418,418,pkd1b;dnah5;cfap57;foxj1a;prickle2b;bicc2;dnhd1;pacrg;cfap299;cfap91;drc11;cfap58;chl1b;dnah2;egf;dnah6;rfx4;dnah5l;crocc2;adamts3;hydin;tube1;wnt4;ntn1b;arl15a;veph1;rnf220a;cdh6;adamtsl3;npas1;clstn2a;gfra4a;col4a6;mllt3;spon1a;scube1;hoxb3a;hoxc10a;fgfr1b;pcdh11;adgrv1;aopep;igsf11;hoxa3a;efna2b-1;lrp2a;il1rapl1a;pcdh11-1;rhbdl3;ntn1a,sec23b;epas1a;spaca4l;omc2;pkp3a;cldne;fbxo2;aep1;evplb;pnp5a;fam169aa;ppl;znf185;evpla;crybg1b;anxa1c;capn9;abcb5;pof1b;agr1;abca12;ezrb;piezo1;cdh1;tcnbb;cast;myh9a;ywhaz;crybg1a;dhrs11a;cav1;myo1cb;hdlbpa;klf4;perp;mvp;icn2;cyt1l;krt1-19e;cd99;tob1b;krt5;lmo7a;cyt1;ahnak;amd1;kremen1;sgcd;adipor2;krt4,pkd1b;dnah5;cfap57;foxj1a;prickle2b;bicc2;dnhd1;pacrg;cfap299;cfap91;drc11;cfap58;chl1b;dnah2;egf;dnah6;rfx4;dnah5l;crocc2;adamts3;hydin;tube1;wnt4;ntn1b;arl15a;veph1;rnf220a;cdh6;adamtsl3;npas1;clstn2a;gfra4a;col4a6;mllt3;spon1a;scube1;hoxb3a;hoxc10a;fgfr1b;pcdh11;adgrv1;aopep;igsf11;hoxa3a;efna2b-1;lrp2a;il1rapl1a;pcdh11-1;rhbdl3;ntn1a,386.4,289.7,2.56,ENSDARG00000033029;ENSDARG00000087373;ENSDARG00000058090;ENSDARG00000101919;ENSDARG00000037593;ENSDARG00000076557;ENSDARG00000058416;ENSDARG00000087556;ENSDARG00000088753;ENSDARG00000006292;ENSDARG00000057276;ENSDARG00000069435;ENSDARG00000103109;ENSDARG00000087352;ENSDARG00000052739;ENSDARG00000000606;ENSDARG00000026395;ENSDARG00000056888;ENSDARG00000017425;ENSDARG00000060127;ENSDARG00000056764;ENSDARG00000043982;ENSDARG00000071208;ENSDARG00000022531;ENSDARG00000076040;ENSDARG00000031095;ENSDARG00000060929;ENSDARG00000014522;ENSDARG00000027903;ENSDARG00000015876;ENSDARG00000060637;ENSDARG00000056651;ENSDARG00000052061;ENSDARG00000006754;ENSDARG00000010029;ENSDARG00000063097;ENSDARG00000029263;ENSDARG00000070348;ENSDARG00000011190;ENSDARG00000098652;ENSDARG00000021137;ENSDARG00000068461;ENSDARG00000109783;ENSDARG00000103862;ENSDARG00000099220;ENSDARG00000102506;ENSDARG00000062045;ENSDARG00000105441;ENSDARG00000105190;ENSDARG00000105112,ENSDARG00000019360;ENSDARG00000008697;ENSDARG00000116617;ENSDARG00000117474;ENSDARG00000051861;ENSDARG00000043128;ENSDARG00000099306;ENSDARG00000039099;ENSDARG00000103459;ENSDARG00000078619;ENSDARG00000059719;ENSDARG00000101043;ENSDARG00000103917;ENSDARG00000019808;ENSDARG00000006060;ENSDARG00000104359;ENSDARG00000012341;ENSDARG00000021787;ENSDARG00000054060;ENSDARG00000060682;ENSDARG00000074749;ENSDARG00000025091;ENSDARG00000076870;ENSDARG00000102750;ENSDARG00000091996;ENSDARG00000058693;ENSDARG00000063295;ENSDARG00000032575;ENSDARG00000031782;ENSDARG00000046090;ENSDARG00000103747;ENSDARG00000061579;ENSDARG00000009830;ENSDARG00000079922;ENSDARG00000063572;ENSDARG00000021242;ENSDARG00000055514;ENSDARG00000036832;ENSDARG00000090268;ENSDARG00000051975;ENSDARG00000021372;ENSDARG00000058371;ENSDARG00000004930;ENSDARG00000092947;ENSDARG00000061764;ENSDARG00000043856;ENSDARG00000062579;ENSDARG00000098573;ENSDARG00000101849;ENSDARG00000017624,ENSDARG00000033029;ENSDARG00000087373;ENSDARG00000058090;ENSDARG00000101919;ENSDARG00000037593;ENSDARG00000076557;ENSDARG00000058416;ENSDARG00000087556;ENSDARG00000088753;ENSDARG00000006292;ENSDARG00000057276;ENSDARG00000069435;ENSDARG00000103109;ENSDARG00000087352;ENSDARG00000052739;ENSDARG00000000606;ENSDARG00000026395;ENSDARG00000056888;ENSDARG00000017425;ENSDARG00000060127;ENSDARG00000056764;ENSDARG00000043982;ENSDARG00000071208;ENSDARG00000022531;ENSDARG00000076040;ENSDARG00000031095;ENSDARG00000060929;ENSDARG00000014522;ENSDARG00000027903;ENSDARG00000015876;ENSDARG00000060637;ENSDARG00000056651;ENSDARG00000052061;ENSDARG00000006754;ENSDARG00000010029;ENSDARG00000063097;ENSDARG00000029263;ENSDARG00000070348;ENSDARG00000011190;ENSDARG00000098652;ENSDARG00000021137;ENSDARG00000068461;ENSDARG00000109783;ENSDARG00000103862;ENSDARG00000099220;ENSDARG00000102506;ENSDARG00000062045;ENSDARG00000105441;ENSDARG00000105190;ENSDARG00000105112
C048,4771,4771,prdm16-2;cspg4;trps1;lpar1;mecom;bicc1a;prdm16;cacna1g;tns2a;ebf1a;phldb2a;slit3;ror1;adgra2;bicc1b;pdgfra;col6a4a;wnt5b;gfra4b;epha4b;sowah1;cd34;ror2;asap3;col11a1b;itga8;plekhg2;adgrl2a;gli2a;scarf2;boc;fli1;s1pr2;cdh11;nhsl2;il16;nhsl1a;adamts10;dchs1a;tenm3;rarga;mdfi;myo1b;cbfb;pdgfrb;kirrel1a;angpt1;klf12a;pkd1a;lamc3,adgrf6;tmem176l.3b;omc2;mid1ip1a;prdm1b;plekhg6;fbp1a;vamp8;il17rc;cyp17a1;slc38a5a;styk1b;a2m1;nfkbiaa;s100w;adgrg2a;gvin1l2;elovl7b;caspb;chs3;h6pd;anxa1d;muc13a;atp8b1;rgl3a;cldn7b;tjp3;abcb5;gdpd2;rhbg;tuba8l2;rnf128a;arhgap27l;prkchb;slc5a8;rab25a;capn2l;scel;evplb;hhla2b.2;phlda2;dhrs13a.2;s100v1;pkp3a;s100v2;foxq1a;tmsb1;gjb8;arhgdig;macc1,prdm16-2;cspg4;trps1;lpar1;mecom;bicc1a;prdm16;cacna1g;tns2a;ebf1a;phldb2a;slit3;ror1;adgra2;bicc1b;pdgfra;col6a4a;wnt5b;gfra4b;epha4b;sowah1;cd34;ror2;asap3;col11a1b;itga8;plekhg2;adgrl2a;gli2a;scarf2;boc;fli1;s1pr2;cdh11;nhsl2;il16;nhsl1a;adamts10;dchs1a;tenm3;rarga;mdfi;myo1b;cbfb;pdgfrb;kirrel1a;angpt1;klf12a;pkd1a;lamc3,288.9,231.3,2.22,ENSDARG00000092738;ENSDARG00000078227;ENSDARG00000104082;ENSDARG00000099840;ENSDARG00000060808;ENSDARG00000061682;ENSDARG00000078324;ENSDARG00000089913;ENSDARG00000076292;ENSDARG00000099849;ENSDARG00000079889;ENSDARG00000034268;ENSDARG00000015176;ENSDARG00000076994;ENSDARG00000070497;ENSDARG00000070494;ENSDARG00000079752;ENSDARG00000102464;ENSDARG00000074582;ENSDARG00000011600;ENSDARG00000088187;ENSDARG00000095268;ENSDARG00000076227;ENSDARG00000021896;ENSDARG00000009014;ENSDARG00000078717;ENSDARG00000058459;ENSDARG00000069356;ENSDARG00000025641;ENSDARG00000114825;ENSDARG00000074335;ENSDARG00000054632;ENSDARG00000036548;ENSDARG00000021442;ENSDARG00000089066;ENSDARG00000102908;ENSDARG00000054537;ENSDARG00000075188;ENSDARG00000070025;ENSDARG00000005479;ENSDARG00000034117;ENSDARG00000089564;ENSDARG00000024694;ENSDARG00000040917;ENSDARG00000100897;ENSDARG00000001634;ENSDARG00000030364;ENSDARG00000015312;ENSDARG00000030417;ENSDARG00000093572,ENSDARG00000042829;ENSDARG00000096874;ENSDARG00000117474;ENSDARG00000041051;ENSDARG00000098777;ENSDARG00000086056;ENSDARG00000021366;ENSDARG00000024116;ENSDARG00000099902;ENSDARG00000033566;ENSDARG00000009901;ENSDARG00000041947;ENSDARG00000104200;ENSDARG00000005481;ENSDARG00000101181;ENSDARG00000088137;ENSDARG00000102364;ENSDARG00000100185;ENSDARG00000052039;ENSDARG00000068947;ENSDARG00000060153;ENSDARG00000098481;ENSDARG00000069559;ENSDARG00000060980;ENSDARG00000071213;ENSDARG00000014047;ENSDARG00000002909;ENSDARG00000021787;ENSDARG00000073870;ENSDARG00000009018;ENSDARG00000031164;ENSDARG00000016867;ENSDARG00000061798;ENSDARG00000043243;ENSDARG00000087120;ENSDARG00000058800;ENSDARG00000034211;ENSDARG00000034677;ENSDARG00000103459;ENSDARG00000086254;ENSDARG00000042874;ENSDARG00000111240;ENSDARG00000070427;ENSDARG00000051861;ENSDARG00000070702;ENSDARG00000030896;ENSDARG00000104181;ENSDARG00000042707;ENSDARG00000004034;ENSDARG00000040717,ENSDARG00000092738;ENSDARG00000078227;ENSDARG00000104082;ENSDARG00000099840;ENSDARG00000060808;ENSDARG00000061682;ENSDARG00000078324;ENSDARG00000089913;ENSDARG00000076292;ENSDARG00000099849;ENSDARG00000079889;ENSDARG00000034268;ENSDARG00000015176;ENSDARG00000076994;ENSDARG00000070497;ENSDARG00000070494;ENSDARG00000079752;ENSDARG00000102464;ENSDARG00000074582;ENSDARG00000011600;ENSDARG00000088187;ENSDARG00000095268;ENSDARG00000076227;ENSDARG00000021896;ENSDARG00000009014;ENSDARG00000078717;ENSDARG00000058459;ENSDARG00000069356;ENSDARG00000025641;ENSDARG00000114825;ENSDARG00000074335;ENSDARG00000054632;ENSDARG00000036548;ENSDARG00000021442;ENSDARG00000089066;ENSDARG00000102908;ENSDARG00000054537;ENSDARG00000075188;ENSDARG00000070025;ENSDARG00000005479;ENSDARG00000034117;ENSDARG00000089564;ENSDARG00000024694;ENSDARG00000040917;ENSDARG00000100897;ENSDARG00000001634;ENSDARG00000030364;ENSDARG00000015312;ENSDARG00000030417;ENSDARG00000093572
C049,3631,3631,cyt1l;krt4;omc2;cyt1;ppl;ccdc169;evpla;klf4;tuft1a;znf185;krt5;sec23b;pkp3a;glipr1a;abcb5;cd99;ptgir;rad9b;lrrc74b;adisspa;slco2a1;cast;bicdl2l;krt1-19e;dhrs13a.2;abca12;gvin1l2;lmo7a;gdpd2;pnp5a;aep1;anxa1c;creb3l1;agr1;etnk1;cav1;b4galt1;nos1;hdlbpa;evplb;tcnbb;cyp2y3;ces2b;epas1a;klf2b;fbxo2;scel;cmah;midn;dspb,cacna1sa;serpinh1b;col19a1;eya4;map7d1b;cald1a;itga5;bcar1;dysf;casq1b;tpm4a;lgr6;nectin3b;appb;hsp90aa1.1;hspg2;scarf2;scarb2a;atp2a1l;slc8a3;cdh11;casz1;klhl43;col27a1b;sparc;frem2b;dtnba;tns2a;sema3fa;igfbp5b;col4a1;fnbp1b-1;obscnb;tns1a;bcam;tcf12;fmnl3;plcl1;jph1b;mef2ca;angptl4;sulf1;enpp1;sgcd;pkmb;loxl3b;gli3;dennd4a;schip1;sh3pxd2aa,cyt1l;krt4;evpla;ppl;cyt1;znf185;anxa1c;evplb;capn9;cldne;abca12;icn2;pkhd1l1.1;agr1;krt5;litafd;a2m1;nos1;abcb5;cast;krt17;icn;aep1;omc2;cldn23.1;s100w;duox;cyp2y3;il17rc;dhrs13a.2;ftr86;gvin1l2;selenow2b;fbxo2;prkchb;aldob;arap1a;anxa2a;elovl7b;stard14;tspo;gjb8;bicdl2l;anxa1a;anxa1b;scel;elovl7a;pcdh20l;stx11b.1;ftr83,1116.5,613.2,8.04,ENSDARG00000036832;ENSDARG00000017624;ENSDARG00000117474;ENSDARG00000092947;ENSDARG00000101043;ENSDARG00000089570;ENSDARG00000019808;ENSDARG00000079922;ENSDARG00000061242;ENSDARG00000103917;ENSDARG00000058371;ENSDARG00000019360;ENSDARG00000051861;ENSDARG00000045224;ENSDARG00000021787;ENSDARG00000051975;ENSDARG00000038278;ENSDARG00000075632;ENSDARG00000098365;ENSDARG00000087426;ENSDARG00000061896;ENSDARG00000058693;ENSDARG00000091669;ENSDARG00000090268;ENSDARG00000111240;ENSDARG00000074749;ENSDARG00000102364;ENSDARG00000004930;ENSDARG00000073870;ENSDARG00000078619;ENSDARG00000039099;ENSDARG00000104359;ENSDARG00000015793;ENSDARG00000060682;ENSDARG00000019420;ENSDARG00000103747;ENSDARG00000002634;ENSDARG00000068910;ENSDARG00000009830;ENSDARG00000103459;ENSDARG00000091996;ENSDARG00000101423;ENSDARG00000101726;ENSDARG00000008697;ENSDARG00000040432;ENSDARG00000099306;ENSDARG00000034677;ENSDARG00000057714;ENSDARG00000018524;ENSDARG00000076673,ENSDARG00000029457;ENSDARG00000019949;ENSDARG00000076163;ENSDARG00000012397;ENSDARG00000104701;ENSDARG00000070314;ENSDARG00000006353;ENSDARG00000056525;ENSDARG00000007370;ENSDARG00000018105;ENSDARG00000023963;ENSDARG00000098308;ENSDARG00000006604;ENSDARG00000055543;ENSDARG00000010478;ENSDARG00000076564;ENSDARG00000114825;ENSDARG00000098312;ENSDARG00000035458;ENSDARG00000004931;ENSDARG00000021442;ENSDARG00000037030;ENSDARG00000053803;ENSDARG00000099930;ENSDARG00000019353;ENSDARG00000102626;ENSDARG00000077694;ENSDARG00000076292;ENSDARG00000011163;ENSDARG00000025348;ENSDARG00000055009;ENSDARG00000101028;ENSDARG00000022101;ENSDARG00000078842;ENSDARG00000090190;ENSDARG00000004714;ENSDARG00000004372;ENSDARG00000067676;ENSDARG00000038826;ENSDARG00000029764;ENSDARG00000035859;ENSDARG00000038428;ENSDARG00000005789;ENSDARG00000098573;ENSDARG00000099860;ENSDARG00000039563;ENSDARG00000052131;ENSDARG00000062721;ENSDARG00000035175;ENSDARG00000060148,ENSDARG00000036832;ENSDARG00000017624;ENSDARG00000019808;ENSDARG00000101043;ENSDARG00000092947;ENSDARG00000103917;ENSDARG00000104359;ENSDARG00000103459;ENSDARG00000012341;ENSDARG00000043128;ENSDARG00000074749;ENSDARG00000055514;ENSDARG00000091116;ENSDARG00000060682;ENSDARG00000058371;ENSDARG00000087093;ENSDARG00000104200;ENSDARG00000068910;ENSDARG00000021787;ENSDARG00000058693;ENSDARG00000094041;ENSDARG00000009978;ENSDARG00000039099;ENSDARG00000117474;ENSDARG00000028096;ENSDARG00000101181;ENSDARG00000062632;ENSDARG00000101423;ENSDARG00000099902;ENSDARG00000111240;ENSDARG00000076839;ENSDARG00000102364;ENSDARG00000089936;ENSDARG00000099306;ENSDARG00000043243;ENSDARG00000053684;ENSDARG00000062221;ENSDARG00000003216;ENSDARG00000100185;ENSDARG00000031929;ENSDARG00000026655;ENSDARG00000042707;ENSDARG00000091669;ENSDARG00000026726;ENSDARG00000100095;ENSDARG00000034677;ENSDARG00000069279;ENSDARG00000101910;ENSDARG00000029290;ENSDARG00000025403
C050,88,88,angpt1;spon2a;rspo3;ccn1l2;col2a1a;matn4;npr3;adamtsl3;arhgap24;sema3g;pgfb;col8a1a;sulf1;col8a2;hapln1a;tncb;col5a1;sema3fb;nvl;slit2;adamts6;col5a3a;ptprfa;kif26aa;fgfr2;slit1a;gpc6a;col11a1a;slit3;lama5;hoxc3a;sema5a;gse1b;nedd9;cntfr;chsy1;lhfpl6;edil3a;col1a2;foxo1a;mgat4b;bcar1;pdzrn3b;dag1;fstl1b;mef2aa;npas3;ncor2;foxp4;pleca,krt5;cyt1;krt4;cyt1l,angpt1;spon2a;rspo3;ccn1l2;col2a1a;matn4;npr3;adamtsl3;arhgap24;sema3g;pgfb;col8a1a;sulf1;col8a2;hapln1a;tncb;col5a1;sema3fb;nvl;slit2;adamts6;col5a3a;ptprfa;kif26aa;fgfr2;slit1a;gpc6a;col11a1a;slit3;lama5;hoxc3a;sema5a;gse1b;nedd9;cntfr;chsy1;lhfpl6;edil3a;col1a2;foxo1a;mgat4b;bcar1;pdzrn3b;dag1;fstl1b;mef2aa;npas3;ncor2;foxp4;pleca,343.3,249.6,1.94,ENSDARG00000030364;ENSDARG00000025465;ENSDARG00000070081;ENSDARG00000099985;ENSDARG00000069093;ENSDARG00000015947;ENSDARG00000035253;ENSDARG00000027903;ENSDARG00000100973;ENSDARG00000007560;ENSDARG00000076767;ENSDARG00000077403;ENSDARG00000038428;ENSDARG00000060893;ENSDARG00000089769;ENSDARG00000021948;ENSDARG00000012593;ENSDARG00000055373;ENSDARG00000025605;ENSDARG00000004246;ENSDARG00000041982;ENSDARG00000098294;ENSDARG00000103479;ENSDARG00000042368;ENSDARG00000058115;ENSDARG00000044954;ENSDARG00000103156;ENSDARG00000026165;ENSDARG00000034268;ENSDARG00000058543;ENSDARG00000070339;ENSDARG00000058821;ENSDARG00000062020;ENSDARG00000089878;ENSDARG00000028661;ENSDARG00000079027;ENSDARG00000004363;ENSDARG00000093413;ENSDARG00000020007;ENSDARG00000099555;ENSDARG00000004115;ENSDARG00000056525;ENSDARG00000073869;ENSDARG00000016153;ENSDARG00000039576;ENSDARG00000031756;ENSDARG00000109820;ENSDARG00000000966;ENSDARG00000076120;ENSDARG00000062590,ENSDARG00000058371;ENSDARG00000092947;ENSDARG00000017624;ENSDARG00000036832,ENSDARG00000030364;ENSDARG00000025465;ENSDARG00000070081;ENSDARG00000099985;ENSDARG00000069093;ENSDARG00000015947;ENSDARG00000035253;ENSDARG00000027903;ENSDARG00000100973;ENSDARG00000007560;ENSDARG00000076767;ENSDARG00000077403;ENSDARG00000038428;ENSDARG00000060893;ENSDARG00000089769;ENSDARG00000021948;ENSDARG00000012593;ENSDARG00000055373;ENSDARG00000025605;ENSDARG00000004246;ENSDARG00000041982;ENSDARG00000098294;ENSDARG00000103479;ENSDARG00000042368;ENSDARG00000058115;ENSDARG00000044954;ENSDARG00000103156;ENSDARG00000026165;ENSDARG00000034268;ENSDARG00000058543;ENSDARG00000070339;ENSDARG00000058821;ENSDARG00000062020;ENSDARG00000089878;ENSDARG00000028661;ENSDARG00000079027;ENSDARG00000004363;ENSDARG00000093413;ENSDARG00000020007;ENSDARG00000099555;ENSDARG00000004115;ENSDARG00000056525;ENSDARG00000073869;ENSDARG00000016153;ENSDARG00000039576;ENSDARG00000031756;ENSDARG00000109820;ENSDARG00000000966;ENSDARG00000076120;ENSDARG00000062590
C051,759,759,ryr1b;tnnt3b;slc6a8;rbm20;trdn;myom2b;ttn.2;ttn.1;neb;ryr3;glra4a;sgcd;mybphb;myom2a;nmrk2;cacna2d1a;ldb3b;ldb3a;atp2a1;mef2cb;asb15a;kcnma1a;actc1b;dmd;hsp90aa1.1;col19a1;igfn1.1;cacna1sa;mef2ca;cacng6b;musk;agbl1;mylpfa;lmo7b;vcla;rgcc;clcn1b;galnt18a;pkmb;ablim2;sh3bgr;rbfox1l;aglb;tspan12;aclyb;quoa;ampd1;uckl1b;col19a1-1;mylz3,fam169aa;fut9d;dhrs13a.2;ece2b;scel;crybg1b;gvin1l2;arhgdig;septin9a;capns1a;abca12;evplb;anxa2a;capn9;klf3;znf185;cd9b;b4galt1;aldob;cldnb;myo5b;ckap4;dspb;omc2;creb3l1;cav1;dspa;icn2;chl1a;fbxo2;klf2b;cfl1l;klf4;tuft1a;bicdl2l;pkp3a;tcnbb;nos1;calm3b;spaca4l;spire1a;anxa1a;slc37a1;evpla;cavin2b;nav1a;capns1b;pitpnm3;golgb1;cyp2y3,mylpfa;neb;ttn.2;ttn.1;ryr3;atp2a1;mylz3;tpma;myom2b;myom2a;acta1b;actc1b;ckma;tnnt3b;myl1;tnni2a.4;ryr1b;mylpfb;mybpc2b;myhc4;pvalb1;tnnc2.2;ckmb;tnnt3a;myhz1.3;pvalb2;atp2a1l;xirp2b;actn3a;myha;hhatla;casq1a;myom1a;slc25a4;rtn2b;myoz1b;eef2l2;myhz2;mybphb;myhz1.1;prr33;obscnb;myoz2a;hsc70;clcn1b;ldb3b;xirp2a;prx;igfn1.3;synpo2b,410.2,253.9,2.55,ENSDARG00000023797;ENSDARG00000068457;ENSDARG00000043646;ENSDARG00000092881;ENSDARG00000041779;ENSDARG00000110698;ENSDARG00000028213;ENSDARG00000000563;ENSDARG00000032630;ENSDARG00000071331;ENSDARG00000006865;ENSDARG00000098573;ENSDARG00000003081;ENSDARG00000075433;ENSDARG00000067848;ENSDARG00000014804;ENSDARG00000099974;ENSDARG00000056322;ENSDARG00000020574;ENSDARG00000009418;ENSDARG00000045633;ENSDARG00000079840;ENSDARG00000099197;ENSDARG00000008487;ENSDARG00000010478;ENSDARG00000076163;ENSDARG00000005526;ENSDARG00000029457;ENSDARG00000029764;ENSDARG00000046079;ENSDARG00000098764;ENSDARG00000104384;ENSDARG00000053254;ENSDARG00000053535;ENSDARG00000044968;ENSDARG00000035810;ENSDARG00000012269;ENSDARG00000100889;ENSDARG00000099860;ENSDARG00000055223;ENSDARG00000021633;ENSDARG00000021184;ENSDARG00000100352;ENSDARG00000032389;ENSDARG00000055652;ENSDARG00000103586;ENSDARG00000033832;ENSDARG00000078973;ENSDARG00000096073;ENSDARG00000017441,ENSDARG00000059719;ENSDARG00000028098;ENSDARG00000111240;ENSDARG00000102142;ENSDARG00000034677;ENSDARG00000006060;ENSDARG00000102364;ENSDARG00000004034;ENSDARG00000020235;ENSDARG00000035329;ENSDARG00000074749;ENSDARG00000103459;ENSDARG00000003216;ENSDARG00000012341;ENSDARG00000015495;ENSDARG00000103917;ENSDARG00000016691;ENSDARG00000002634;ENSDARG00000053684;ENSDARG00000009544;ENSDARG00000062003;ENSDARG00000032405;ENSDARG00000076673;ENSDARG00000117474;ENSDARG00000015793;ENSDARG00000103747;ENSDARG00000022309;ENSDARG00000055514;ENSDARG00000077881;ENSDARG00000099306;ENSDARG00000040432;ENSDARG00000012972;ENSDARG00000079922;ENSDARG00000061242;ENSDARG00000091669;ENSDARG00000051861;ENSDARG00000091996;ENSDARG00000068910;ENSDARG00000074057;ENSDARG00000116617;ENSDARG00000035868;ENSDARG00000026726;ENSDARG00000086103;ENSDARG00000019808;ENSDARG00000071196;ENSDARG00000078011;ENSDARG00000013804;ENSDARG00000055255;ENSDARG00000061951;ENSDARG00000101423,ENSDARG00000053254;ENSDARG00000032630;ENSDARG00000028213;ENSDARG00000000563;ENSDARG00000071331;ENSDARG00000020574;ENSDARG00000017441;ENSDARG00000033683;ENSDARG00000110698;ENSDARG00000075433;ENSDARG00000055618;ENSDARG00000099197;ENSDARG00000035327;ENSDARG00000068457;ENSDARG00000014196;ENSDARG00000029069;ENSDARG00000023797;ENSDARG00000002589;ENSDARG00000021265;ENSDARG00000035438;ENSDARG00000037789;ENSDARG00000070835;ENSDARG00000040565;ENSDARG00000030270;ENSDARG00000067997;ENSDARG00000002768;ENSDARG00000035458;ENSDARG00000091090;ENSDARG00000013755;ENSDARG00000095930;ENSDARG00000039051;ENSDARG00000038716;ENSDARG00000061249;ENSDARG00000027355;ENSDARG00000057027;ENSDARG00000071445;ENSDARG00000035256;ENSDARG00000012944;ENSDARG00000003081;ENSDARG00000067990;ENSDARG00000097224;ENSDARG00000022101;ENSDARG00000012311;ENSDARG00000012381;ENSDARG00000012269;ENSDARG00000099974;ENSDARG00000071113;ENSDARG00000017246;ENSDARG00000097613;ENSDARG00000077157
C052,602,602,ttn.2;ttn.1;atp2a1;mylpfa;neb;myhz2;mylz3;ryr1b;actc1b;tnnt3b;myhz1.3;xirp2a;xirp2b;ryr3;myom2a;ckma;tpma;myom2b;prx;mybphb;ckmb;trdn;hsp90aa1.1;tnnt3a;obscnb;mybpc2b;actn3a;ldb3b;acta1b;tnni2a.4;sgcd;znf106a;tnnc2.2;slc6a8;syne2b;klhl31;ldb3a;dmd;fxr2;rbm20;myom1a;cacna2d1a;myl1;jph2;actn3b;rbfox1l;kcnma1a;txlnba;col22a1;unm_hu7910,omc2;fut9d;fam169aa;evplb;crybg1b;anxa1a;abcb5;dspa;arhgdig;cav1;stard14;ip6k2a;cyp2y3;anxa2a;dhrs13a.2;aep1;icn2;cldnb;evpla;abca12;myo5b;pkp3a;sec23b;agr1;spaca4l;ppl;creb3l1;crybg1a;znf185;cavin2b;cldne;capn9;cdh1;pawr;eppk1;dspb;nfe2l2a;litafd;anxa1c;epcam;fbxo2;tcnbb;klf4;nrg1;icn;rhpn2;myh9a;f11r.1;nos1;plekha6,mylpfa;neb;ttn.2;ttn.1;ryr3;atp2a1;mylz3;tpma;myom2b;myom2a;acta1b;actc1b;ckma;tnnt3b;myl1;tnni2a.4;ryr1b;mylpfb;mybpc2b;myhc4;pvalb1;tnnc2.2;ckmb;tnnt3a;myhz1.3;pvalb2;atp2a1l;xirp2b;actn3a;myha;hhatla;casq1a;myom1a;slc25a4;rtn2b;myoz1b;eef2l2;myhz2;mybphb;myhz1.1;prr33;obscnb;myoz2a;hsc70;clcn1b;ldb3b;xirp2a;prx;igfn1.3;synpo2b,1301.9,470.3,6.26,ENSDARG00000028213;ENSDARG00000000563;ENSDARG00000020574;ENSDARG00000053254;ENSDARG00000032630;ENSDARG00000012944;ENSDARG00000017441;ENSDARG00000023797;ENSDARG00000099197;ENSDARG00000068457;ENSDARG00000067997;ENSDARG00000071113;ENSDARG00000091090;ENSDARG00000071331;ENSDARG00000075433;ENSDARG00000035327;ENSDARG00000033683;ENSDARG00000110698;ENSDARG00000017246;ENSDARG00000003081;ENSDARG00000040565;ENSDARG00000041779;ENSDARG00000010478;ENSDARG00000030270;ENSDARG00000022101;ENSDARG00000021265;ENSDARG00000013755;ENSDARG00000099974;ENSDARG00000055618;ENSDARG00000029069;ENSDARG00000098573;ENSDARG00000016651;ENSDARG00000070835;ENSDARG00000043646;ENSDARG00000053484;ENSDARG00000039066;ENSDARG00000056322;ENSDARG00000008487;ENSDARG00000016260;ENSDARG00000092881;ENSDARG00000061249;ENSDARG00000014804;ENSDARG00000014196;ENSDARG00000028625;ENSDARG00000001431;ENSDARG00000021184;ENSDARG00000079840;ENSDARG00000020594;ENSDARG00000101592;ENSDARG00000078703,ENSDARG00000117474;ENSDARG00000028098;ENSDARG00000059719;ENSDARG00000103459;ENSDARG00000006060;ENSDARG00000026726;ENSDARG00000021787;ENSDARG00000022309;ENSDARG00000004034;ENSDARG00000103747;ENSDARG00000031929;ENSDARG00000008310;ENSDARG00000101423;ENSDARG00000003216;ENSDARG00000111240;ENSDARG00000039099;ENSDARG00000055514;ENSDARG00000009544;ENSDARG00000019808;ENSDARG00000074749;ENSDARG00000062003;ENSDARG00000051861;ENSDARG00000019360;ENSDARG00000060682;ENSDARG00000116617;ENSDARG00000101043;ENSDARG00000015793;ENSDARG00000031782;ENSDARG00000103917;ENSDARG00000071196;ENSDARG00000043128;ENSDARG00000012341;ENSDARG00000102750;ENSDARG00000045486;ENSDARG00000096359;ENSDARG00000076673;ENSDARG00000042824;ENSDARG00000087093;ENSDARG00000104359;ENSDARG00000040534;ENSDARG00000099306;ENSDARG00000091996;ENSDARG00000079922;ENSDARG00000104314;ENSDARG00000009978;ENSDARG00000014577;ENSDARG00000063295;ENSDARG00000017320;ENSDARG00000068910;ENSDARG00000020328,ENSDARG00000053254;ENSDARG00000032630;ENSDARG00000028213;ENSDARG00000000563;ENSDARG00000071331;ENSDARG00000020574;ENSDARG00000017441;ENSDARG00000033683;ENSDARG00000110698;ENSDARG00000075433;ENSDARG00000055618;ENSDARG00000099197;ENSDARG00000035327;ENSDARG00000068457;ENSDARG00000014196;ENSDARG00000029069;ENSDARG00000023797;ENSDARG00000002589;ENSDARG00000021265;ENSDARG00000035438;ENSDARG00000037789;ENSDARG00000070835;ENSDARG00000040565;ENSDARG00000030270;ENSDARG00000067997;ENSDARG00000002768;ENSDARG00000035458;ENSDARG00000091090;ENSDARG00000013755;ENSDARG00000095930;ENSDARG00000039051;ENSDARG00000038716;ENSDARG00000061249;ENSDARG00000027355;ENSDARG00000057027;ENSDARG00000071445;ENSDARG00000035256;ENSDARG00000012944;ENSDARG00000003081;ENSDARG00000067990;ENSDARG00000097224;ENSDARG00000022101;ENSDARG00000012311;ENSDARG00000012381;ENSDARG00000012269;ENSDARG00000099974;ENSDARG00000071113;ENSDARG00000017246;ENSDARG00000097613;ENSDARG00000077157
C053,1542,1542,ttn.1;ttn.2;mylpfa;neb;atp2a1;myhz1.1;mylz3;actc1b;ckma;myhz1.3;ryr3;tnnt3b;tpma;acta1b;myhz1.2;ryr1b;pvalb2;tnnc2.2;ckmb;myom2a;myom2b;pvalb1;actn3a;mylpfb;tnni2a.4;myl1;tnnt3a;xirp2b;myhz2;myom1a;mybphb;atp2a1l;obscnb;ldb3b;trdn;ldb3a;casq1a;mybpc2b;slc25a4;slc6a8;clcn1b;rbm20;igfn1.1;prr33;unm_hu7910;ampd1;actn3b;prx;eef2l2;dmd,sack1ha;dhrs13a.2;omc2;fut9d;capn2l;gjb8;bicdl2l;serpinb14;gsnb;evplb;cldne;macc1;a2m1;litafd;evpla;chs3;anxa1c;spint2;klf2b;scel;rgl3a;atp10b;abcb5;cd9b;stard14;tcnbb;myzap;cav1;ppl;gpa33a;agr1;cst14b.1;anxa2a;ckap4;elovl7a;b4galt1;znf185;gvin1l2;abca12;icn;fam169aa;dsc2l;capn9;sec23b;erbb3a;tuft1a;tnks1bp1;btr12;fbxo2;cyp2y3,mylpfa;neb;ttn.2;ttn.1;ryr3;atp2a1;mylz3;tpma;myom2b;myom2a;acta1b;actc1b;ckma;tnnt3b;myl1;tnni2a.4;ryr1b;mylpfb;mybpc2b;myhc4;pvalb1;tnnc2.2;ckmb;tnnt3a;myhz1.3;pvalb2;atp2a1l;xirp2b;actn3a;myha;hhatla;casq1a;myom1a;slc25a4;rtn2b;myoz1b;eef2l2;myhz2;mybphb;myhz1.1;prr33;obscnb;myoz2a;hsc70;clcn1b;ldb3b;xirp2a;prx;igfn1.3;synpo2b,1494.6,599.2,5.41,ENSDARG00000000563;ENSDARG00000028213;ENSDARG00000053254;ENSDARG00000032630;ENSDARG00000020574;ENSDARG00000067990;ENSDARG00000017441;ENSDARG00000099197;ENSDARG00000035327;ENSDARG00000067997;ENSDARG00000071331;ENSDARG00000068457;ENSDARG00000033683;ENSDARG00000055618;ENSDARG00000067995;ENSDARG00000023797;ENSDARG00000002768;ENSDARG00000070835;ENSDARG00000040565;ENSDARG00000075433;ENSDARG00000110698;ENSDARG00000037789;ENSDARG00000013755;ENSDARG00000002589;ENSDARG00000029069;ENSDARG00000014196;ENSDARG00000030270;ENSDARG00000091090;ENSDARG00000012944;ENSDARG00000061249;ENSDARG00000003081;ENSDARG00000035458;ENSDARG00000022101;ENSDARG00000099974;ENSDARG00000041779;ENSDARG00000056322;ENSDARG00000038716;ENSDARG00000021265;ENSDARG00000027355;ENSDARG00000043646;ENSDARG00000012269;ENSDARG00000092881;ENSDARG00000005526;ENSDARG00000097224;ENSDARG00000078703;ENSDARG00000033832;ENSDARG00000001431;ENSDARG00000017246;ENSDARG00000035256;ENSDARG00000008487,ENSDARG00000068849;ENSDARG00000111240;ENSDARG00000117474;ENSDARG00000028098;ENSDARG00000034211;ENSDARG00000042707;ENSDARG00000091669;ENSDARG00000091801;ENSDARG00000045262;ENSDARG00000103459;ENSDARG00000043128;ENSDARG00000040717;ENSDARG00000104200;ENSDARG00000087093;ENSDARG00000019808;ENSDARG00000068947;ENSDARG00000104359;ENSDARG00000069476;ENSDARG00000040432;ENSDARG00000034677;ENSDARG00000071213;ENSDARG00000076230;ENSDARG00000021787;ENSDARG00000016691;ENSDARG00000031929;ENSDARG00000091996;ENSDARG00000075017;ENSDARG00000103747;ENSDARG00000101043;ENSDARG00000100223;ENSDARG00000060682;ENSDARG00000117133;ENSDARG00000003216;ENSDARG00000032405;ENSDARG00000069279;ENSDARG00000002634;ENSDARG00000103917;ENSDARG00000102364;ENSDARG00000074749;ENSDARG00000009978;ENSDARG00000059719;ENSDARG00000039677;ENSDARG00000012341;ENSDARG00000019360;ENSDARG00000006202;ENSDARG00000061242;ENSDARG00000068760;ENSDARG00000051809;ENSDARG00000099306;ENSDARG00000101423,ENSDARG00000053254;ENSDARG00000032630;ENSDARG00000028213;ENSDARG00000000563;ENSDARG00000071331;ENSDARG00000020574;ENSDARG00000017441;ENSDARG00000033683;ENSDARG00000110698;ENSDARG00000075433;ENSDARG00000055618;ENSDARG00000099197;ENSDARG00000035327;ENSDARG00000068457;ENSDARG00000014196;ENSDARG00000029069;ENSDARG00000023797;ENSDARG00000002589;ENSDARG00000021265;ENSDARG00000035438;ENSDARG00000037789;ENSDARG00000070835;ENSDARG00000040565;ENSDARG00000030270;ENSDARG00000067997;ENSDARG00000002768;ENSDARG00000035458;ENSDARG00000091090;ENSDARG00000013755;ENSDARG00000095930;ENSDARG00000039051;ENSDARG00000038716;ENSDARG00000061249;ENSDARG00000027355;ENSDARG00000057027;ENSDARG00000071445;ENSDARG00000035256;ENSDARG00000012944;ENSDARG00000003081;ENSDARG00000067990;ENSDARG00000097224;ENSDARG00000022101;ENSDARG00000012311;ENSDARG00000012381;ENSDARG00000012269;ENSDARG00000099974;ENSDARG00000071113;ENSDARG00000017246;ENSDARG00000097613;ENSDARG00000077157
C054,446,446,ptprua;pcdh17;gdf11;foxn4;ncam1a;gata2a;cbfa2t2;pou2f2a;ebf2;zfpm1;foxn2;zbtb20;enox1;rbpjb;ypel2a;pdlim5a;adarb1a;ctnna2;srrm4;golga7ba;elavl3;ccnf;iqgap3;myt1b;ldlrad4b;nsg2;kif20a;brsk2b;kif2c;cables2b;epb41a;epha4l;spock1;ebf1a;ebf3a;rhbdl3;bcl11ab;cadpsa;adgrv1;adgrl1a;eda;dla;pou2f2b;plch1;nova2;mylk2;grin2db;elavl4;pbx1b;mib1,omc2;sec23b;perp;nfe2l2a;golgb1;dspa;tob1b;abca12;lmo7a;rhpn2;ppl;cast;pof1b;agr1;piezo1;evplb;fosb;adipor2;ubb;etnk1;epas1a;ahnak;fbxo2;icn;fosab;fosl2;mvp;tcnbb;dspb;hdlbpa;xbp1;cav1;evpla;elf1;cavin2b;f11r.1;pleca;lpp;cd99;crybg1b;nr4a3;myo1cb;anxa1c;actb2;mef2aa;pls3;klf4;spaca4l;znf185;nos1,ptprua;pcdh17;gdf11;foxn4;ncam1a;gata2a;cbfa2t2;pou2f2a;ebf2;zfpm1;foxn2;zbtb20;enox1;rbpjb;ypel2a;pdlim5a;adarb1a;ctnna2;srrm4;golga7ba;elavl3;ccnf;iqgap3;myt1b;ldlrad4b;nsg2;kif20a;brsk2b;kif2c;cables2b;epb41a;epha4l;spock1;ebf1a;ebf3a;rhbdl3;bcl11ab;cadpsa;adgrv1;adgrl1a;eda;dla;pou2f2b;plch1;nova2;mylk2;grin2db;elavl4;pbx1b;mib1,325.6,245.6,1.08,ENSDARG00000092638;ENSDARG00000027041;ENSDARG00000044924;ENSDARG00000010591;ENSDARG00000056181;ENSDARG00000059327;ENSDARG00000074337;ENSDARG00000036816;ENSDARG00000042525;ENSDARG00000041572;ENSDARG00000055574;ENSDARG00000005586;ENSDARG00000060243;ENSDARG00000052091;ENSDARG00000077224;ENSDARG00000101777;ENSDARG00000041609;ENSDARG00000024785;ENSDARG00000086327;ENSDARG00000036295;ENSDARG00000014420;ENSDARG00000105046;ENSDARG00000098650;ENSDARG00000102879;ENSDARG00000054941;ENSDARG00000102975;ENSDARG00000044491;ENSDARG00000077791;ENSDARG00000076228;ENSDARG00000017154;ENSDARG00000099283;ENSDARG00000010767;ENSDARG00000074644;ENSDARG00000099849;ENSDARG00000100244;ENSDARG00000105190;ENSDARG00000063153;ENSDARG00000043661;ENSDARG00000021137;ENSDARG00000089292;ENSDARG00000074591;ENSDARG00000010791;ENSDARG00000019658;ENSDARG00000079253;ENSDARG00000017673;ENSDARG00000031698;ENSDARG00000070620;ENSDARG00000045639;ENSDARG00000101131;ENSDARG00000102184,ENSDARG00000117474;ENSDARG00000019360;ENSDARG00000063572;ENSDARG00000042824;ENSDARG00000061951;ENSDARG00000022309;ENSDARG00000021372;ENSDARG00000074749;ENSDARG00000004930;ENSDARG00000014577;ENSDARG00000101043;ENSDARG00000058693;ENSDARG00000054060;ENSDARG00000060682;ENSDARG00000076870;ENSDARG00000103459;ENSDARG00000055751;ENSDARG00000101849;ENSDARG00000093313;ENSDARG00000019420;ENSDARG00000008697;ENSDARG00000061764;ENSDARG00000099306;ENSDARG00000009978;ENSDARG00000031683;ENSDARG00000040623;ENSDARG00000021242;ENSDARG00000091996;ENSDARG00000076673;ENSDARG00000009830;ENSDARG00000035622;ENSDARG00000103747;ENSDARG00000019808;ENSDARG00000020759;ENSDARG00000071196;ENSDARG00000017320;ENSDARG00000062590;ENSDARG00000023578;ENSDARG00000051975;ENSDARG00000006060;ENSDARG00000055854;ENSDARG00000061579;ENSDARG00000104359;ENSDARG00000037870;ENSDARG00000031756;ENSDARG00000037655;ENSDARG00000079922;ENSDARG00000116617;ENSDARG00000103917;ENSDARG00000068910,ENSDARG00000092638;ENSDARG00000027041;ENSDARG00000044924;ENSDARG00000010591;ENSDARG00000056181;ENSDARG00000059327;ENSDARG00000074337;ENSDARG00000036816;ENSDARG00000042525;ENSDARG00000041572;ENSDARG00000055574;ENSDARG00000005586;ENSDARG00000060243;ENSDARG00000052091;ENSDARG00000077224;ENSDARG00000101777;ENSDARG00000041609;ENSDARG00000024785;ENSDARG00000086327;ENSDARG00000036295;ENSDARG00000014420;ENSDARG00000105046;ENSDARG00000098650;ENSDARG00000102879;ENSDARG00000054941;ENSDARG00000102975;ENSDARG00000044491;ENSDARG00000077791;ENSDARG00000076228;ENSDARG00000017154;ENSDARG00000099283;ENSDARG00000010767;ENSDARG00000074644;ENSDARG00000099849;ENSDARG00000100244;ENSDARG00000105190;ENSDARG00000063153;ENSDARG00000043661;ENSDARG00000021137;ENSDARG00000089292;ENSDARG00000074591;ENSDARG00000010791;ENSDARG00000019658;ENSDARG00000079253;ENSDARG00000017673;ENSDARG00000031698;ENSDARG00000070620;ENSDARG00000045639;ENSDARG00000101131;ENSDARG00000102184
C055,9582,5000,pou6f2;dscaml1;ctnna2;nova2;adgrl1a;celf5a;brsk2b;ncam1a;pcbp3;rorb;nrxn3a;dscamb;nkain2;pbx3b;nbeaa;elavl3;unc5a;ephb2a;cspg5b;nrxn1a;cadm3;thsd7aa;gnao1a;pax6a;lhx9;mapk10;celf4;zbtb20;adam22;pou2f2a;ptprua;frmd5a;aplp1;foxo6b;ank2b;onecut2;dock4a;ephb6;pax6b;nrxn2a;stx1b;gpm6aa;rbpms2b;plxna3;dbn1;ncanb;cdh4;rbfox1;epb41a;fam49al,rab25a;dhrs13a.2;styk1b;elovl6l;anxa1d;c1galt1c1;omc2;mid1ip1a;a2m1;adgrg2a;sack1ha;caspb;klf2b;gvin1l2;hhla2b.2;rabgap1l2;ppp2r5a;stx11b.1;s100w;slc38a5a;cldne;anxa1a;znf185;cldn8.2;muc13a;slc5a8;bicdl2l;s100v1;spint2;anxa3a;sec23b;chs3;capn2l;elovl7a;b4galt1;foxq1a;gjb8;gsnb;s100a10b;fam169aa;il17rc;tcnbb;stard14;anxa2a;evplb;ftr83;cst14b.1;osbpl7;anxa1c;fut9d,ush2a;fkbp16;dscamb;cspg5b;ncam1a;ntm;dscaml1;ctnna2;pou6f2;brsk2b;pcbp3;cadm3;rorb;eml5;nova2;ephb2a;adgrl1a;rassf5;celf5a;ank2b;msi1b;ephb6;rxrga;nbeaa;ptprua;nkain2;gnao1a;nrxn3a;frmd5a;foxo6b;pax6a;thsd7aa;pbx3b;gpm6ba;epb41a;zbtb20;elavl3;lhx9;pou2f2a;bicdl1;unc5a;ppp2r2bb;mapk10;snap25b;gpm6aa;nrxn1a;dock4a;aplp1;onecut2;adam22,641.8,441.5,1.84,ENSDARG00000086362;ENSDARG00000098057;ENSDARG00000024785;ENSDARG00000017673;ENSDARG00000089292;ENSDARG00000071375;ENSDARG00000077791;ENSDARG00000056181;ENSDARG00000054378;ENSDARG00000033498;ENSDARG00000043746;ENSDARG00000028118;ENSDARG00000069427;ENSDARG00000013615;ENSDARG00000070080;ENSDARG00000014420;ENSDARG00000099034;ENSDARG00000037373;ENSDARG00000099793;ENSDARG00000061647;ENSDARG00000057013;ENSDARG00000061479;ENSDARG00000016676;ENSDARG00000103379;ENSDARG00000056979;ENSDARG00000102730;ENSDARG00000070045;ENSDARG00000005586;ENSDARG00000060532;ENSDARG00000036816;ENSDARG00000092638;ENSDARG00000075942;ENSDARG00000098368;ENSDARG00000024619;ENSDARG00000043313;ENSDARG00000090387;ENSDARG00000076213;ENSDARG00000057729;ENSDARG00000045936;ENSDARG00000061454;ENSDARG00000000503;ENSDARG00000055455;ENSDARG00000079578;ENSDARG00000007172;ENSDARG00000069113;ENSDARG00000005783;ENSDARG00000015002;ENSDARG00000014746;ENSDARG00000099283;ENSDARG00000035907,ENSDARG00000058800;ENSDARG00000111240;ENSDARG00000041947;ENSDARG00000038639;ENSDARG00000098481;ENSDARG00000036335;ENSDARG00000117474;ENSDARG00000041051;ENSDARG00000104200;ENSDARG00000088137;ENSDARG00000068849;ENSDARG00000052039;ENSDARG00000040432;ENSDARG00000102364;ENSDARG00000086254;ENSDARG00000060315;ENSDARG00000027017;ENSDARG00000029290;ENSDARG00000101181;ENSDARG00000009901;ENSDARG00000043128;ENSDARG00000026726;ENSDARG00000103917;ENSDARG00000040628;ENSDARG00000069559;ENSDARG00000087120;ENSDARG00000091669;ENSDARG00000070427;ENSDARG00000069476;ENSDARG00000009196;ENSDARG00000019360;ENSDARG00000068947;ENSDARG00000034211;ENSDARG00000069279;ENSDARG00000002634;ENSDARG00000030896;ENSDARG00000042707;ENSDARG00000045262;ENSDARG00000025254;ENSDARG00000059719;ENSDARG00000099902;ENSDARG00000091996;ENSDARG00000031929;ENSDARG00000003216;ENSDARG00000103459;ENSDARG00000025403;ENSDARG00000117133;ENSDARG00000012981;ENSDARG00000104359;ENSDARG00000028098,ENSDARG00000029482;ENSDARG00000001976;ENSDARG00000028118;ENSDARG00000099793;ENSDARG00000056181;ENSDARG00000018065;ENSDARG00000098057;ENSDARG00000024785;ENSDARG00000086362;ENSDARG00000077791;ENSDARG00000054378;ENSDARG00000057013;ENSDARG00000033498;ENSDARG00000053517;ENSDARG00000017673;ENSDARG00000037373;ENSDARG00000089292;ENSDARG00000070601;ENSDARG00000071375;ENSDARG00000043313;ENSDARG00000010710;ENSDARG00000057729;ENSDARG00000005593;ENSDARG00000070080;ENSDARG00000092638;ENSDARG00000069427;ENSDARG00000016676;ENSDARG00000043746;ENSDARG00000075942;ENSDARG00000024619;ENSDARG00000103379;ENSDARG00000061479;ENSDARG00000013615;ENSDARG00000005739;ENSDARG00000099283;ENSDARG00000005586;ENSDARG00000014420;ENSDARG00000056979;ENSDARG00000036816;ENSDARG00000074761;ENSDARG00000099034;ENSDARG00000099221;ENSDARG00000102730;ENSDARG00000058117;ENSDARG00000055455;ENSDARG00000061647;ENSDARG00000076213;ENSDARG00000098368;ENSDARG00000090387;ENSDARG00000060532
C056,70,70,cldne;evpla;krt4;hsd17b12a;eppk1;ppl;cyt1l;cyt1;gmds;cdh1;magi3a;abca12;ahnak;cast;znf185;jupa,ttn.1,cyt1l;krt4;evpla;ppl;cyt1;znf185;anxa1c;evplb;capn9;cldne;abca12;icn2;pkhd1l1.1;agr1;krt5;litafd;a2m1;nos1;abcb5;cast;krt17;icn;aep1;omc2;cldn23.1;s100w;duox;cyp2y3;il17rc;dhrs13a.2;ftr86;gvin1l2;selenow2b;fbxo2;prkchb;aldob;arap1a;anxa2a;elovl7b;stard14;tspo;gjb8;bicdl2l;anxa1a;anxa1b;scel;elovl7a;pcdh20l;stx11b.1;ftr83,499.0,333.4,13.0,ENSDARG00000043128;ENSDARG00000019808;ENSDARG00000017624;ENSDARG00000015709;ENSDARG00000096359;ENSDARG00000101043;ENSDARG00000036832;ENSDARG00000092947;ENSDARG00000026629;ENSDARG00000102750;ENSDARG00000101869;ENSDARG00000074749;ENSDARG00000061764;ENSDARG00000058693;ENSDARG00000103917;ENSDARG00000070787,ENSDARG00000000563,ENSDARG00000036832;ENSDARG00000017624;ENSDARG00000019808;ENSDARG00000101043;ENSDARG00000092947;ENSDARG00000103917;ENSDARG00000104359;ENSDARG00000103459;ENSDARG00000012341;ENSDARG00000043128;ENSDARG00000074749;ENSDARG00000055514;ENSDARG00000091116;ENSDARG00000060682;ENSDARG00000058371;ENSDARG00000087093;ENSDARG00000104200;ENSDARG00000068910;ENSDARG00000021787;ENSDARG00000058693;ENSDARG00000094041;ENSDARG00000009978;ENSDARG00000039099;ENSDARG00000117474;ENSDARG00000028096;ENSDARG00000101181;ENSDARG00000062632;ENSDARG00000101423;ENSDARG00000099902;ENSDARG00000111240;ENSDARG00000076839;ENSDARG00000102364;ENSDARG00000089936;ENSDARG00000099306;ENSDARG00000043243;ENSDARG00000053684;ENSDARG00000062221;ENSDARG00000003216;ENSDARG00000100185;ENSDARG00000031929;ENSDARG00000026655;ENSDARG00000042707;ENSDARG00000091669;ENSDARG00000026726;ENSDARG00000100095;ENSDARG00000034677;ENSDARG00000069279;ENSDARG00000101910;ENSDARG00000029290;ENSDARG00000025403
C057,1264,1264,col1a1b;col1a2;col11a1a;col1a1a;postnb;itgb4;col17a1a;cldni;col5a3b;col7a1;col18a1a;kera;col12a1b;col4a5;krt91;lamb4;rbp4;col2a1b;col4a6;col14a1b;dapk2b;itga6b;aqp3a;col28a2a;col16a1;paplna;fn1b;itgb3a;arap2;mmp30;padi2;znf469;abi3bpb;itga2.2;fat2;myh9a;sparc;itgav;doc2b;myofl;itgb1b.1;plecb;lzts1;lum;tp63;frem2b;flna;col7a1l;mctp1b;cavin1b,a2m1;bicdl2l;gjb8;dhrs13a.2;tcnbb;omc2;fut9d;macc1;gvin1l2;litafd;chs3;abca12;erbb3a;elovl7a;znf185;evpla;evplb;agr1;cldne;abcb5;icn2;stard14;capn9;anxa1c;b4galt1;gstp1.2;aldob;hsd17b12a;scel;sec23b;icn;ppl;ip6k2a;cldnb;ckap4;gmds;epas1a;nos1;myo1ea;lmo7a;pard3ba;selenow1;myo5b;fbxo2;pard6a;creb3l1;adipor2;rhpn2;myh14;eppk1,col1a1b;col1a2;col11a1a;col1a1a;postnb;itgb4;col17a1a;cldni;col5a3b;col7a1;col18a1a;kera;col12a1b;col4a5;krt91;lamb4;rbp4;col2a1b;col4a6;col14a1b;dapk2b;itga6b;aqp3a;col28a2a;col16a1;paplna;fn1b;itgb3a;arap2;mmp30;padi2;znf469;abi3bpb;itga2.2;fat2;myh9a;sparc;itgav;doc2b;myofl;itgb1b.1;plecb;lzts1;lum;tp63;frem2b;flna;col7a1l;mctp1b;cavin1b,559.5,386.5,3.43,ENSDARG00000035809;ENSDARG00000020007;ENSDARG00000026165;ENSDARG00000012405;ENSDARG00000104267;ENSDARG00000028507;ENSDARG00000069415;ENSDARG00000054616;ENSDARG00000101816;ENSDARG00000021720;ENSDARG00000036558;ENSDARG00000056938;ENSDARG00000019601;ENSDARG00000052063;ENSDARG00000036830;ENSDARG00000039133;ENSDARG00000101199;ENSDARG00000011407;ENSDARG00000052061;ENSDARG00000076623;ENSDARG00000103666;ENSDARG00000069946;ENSDARG00000003808;ENSDARG00000076321;ENSDARG00000009194;ENSDARG00000027867;ENSDARG00000006526;ENSDARG00000056767;ENSDARG00000100518;ENSDARG00000045887;ENSDARG00000044167;ENSDARG00000096887;ENSDARG00000071095;ENSDARG00000062974;ENSDARG00000018923;ENSDARG00000063295;ENSDARG00000019353;ENSDARG00000006314;ENSDARG00000088293;ENSDARG00000017128;ENSDARG00000053232;ENSDARG00000021987;ENSDARG00000075565;ENSDARG00000045580;ENSDARG00000044356;ENSDARG00000102626;ENSDARG00000074201;ENSDARG00000069692;ENSDARG00000060871;ENSDARG00000059362,ENSDARG00000104200;ENSDARG00000091669;ENSDARG00000042707;ENSDARG00000111240;ENSDARG00000091996;ENSDARG00000117474;ENSDARG00000028098;ENSDARG00000040717;ENSDARG00000102364;ENSDARG00000087093;ENSDARG00000068947;ENSDARG00000074749;ENSDARG00000006202;ENSDARG00000069279;ENSDARG00000103917;ENSDARG00000019808;ENSDARG00000103459;ENSDARG00000060682;ENSDARG00000043128;ENSDARG00000021787;ENSDARG00000055514;ENSDARG00000031929;ENSDARG00000012341;ENSDARG00000104359;ENSDARG00000002634;ENSDARG00000104068;ENSDARG00000053684;ENSDARG00000015709;ENSDARG00000034677;ENSDARG00000019360;ENSDARG00000009978;ENSDARG00000101043;ENSDARG00000008310;ENSDARG00000009544;ENSDARG00000032405;ENSDARG00000026629;ENSDARG00000008697;ENSDARG00000068910;ENSDARG00000036179;ENSDARG00000004930;ENSDARG00000092671;ENSDARG00000035136;ENSDARG00000062003;ENSDARG00000099306;ENSDARG00000069378;ENSDARG00000015793;ENSDARG00000101849;ENSDARG00000014577;ENSDARG00000073732;ENSDARG00000096359,ENSDARG00000035809;ENSDARG00000020007;ENSDARG00000026165;ENSDARG00000012405;ENSDARG00000104267;ENSDARG00000028507;ENSDARG00000069415;ENSDARG00000054616;ENSDARG00000101816;ENSDARG00000021720;ENSDARG00000036558;ENSDARG00000056938;ENSDARG00000019601;ENSDARG00000052063;ENSDARG00000036830;ENSDARG00000039133;ENSDARG00000101199;ENSDARG00000011407;ENSDARG00000052061;ENSDARG00000076623;ENSDARG00000103666;ENSDARG00000069946;ENSDARG00000003808;ENSDARG00000076321;ENSDARG00000009194;ENSDARG00000027867;ENSDARG00000006526;ENSDARG00000056767;ENSDARG00000100518;ENSDARG00000045887;ENSDARG00000044167;ENSDARG00000096887;ENSDARG00000071095;ENSDARG00000062974;ENSDARG00000018923;ENSDARG00000063295;ENSDARG00000019353;ENSDARG00000006314;ENSDARG00000088293;ENSDARG00000017128;ENSDARG00000053232;ENSDARG00000021987;ENSDARG00000075565;ENSDARG00000045580;ENSDARG00000044356;ENSDARG00000102626;ENSDARG00000074201;ENSDARG00000069692;ENSDARG00000060871;ENSDARG00000059362
C058,4816,4816,cyt1l;krt4;cyt1;ppl;evpla;krt5;anxa1c;hdlbpa;evplb;icn2;cast;znf185;axl;krt1-19e;abcb5;actb2;icn;agr1;aep1;cav1;ahnak;fbxo2;tcnbb;aldob;nos1;dspb;serpinb14;cd99;crybg1b;capn9;hunk;eppk1;epas1a;hspa8;selenow1;sec23b;anxa1d;ppp2r5a;pabpc1a;arhgdig;anxa2a;eef1a1l1;anxa1a;actb1;klf2b;caspb;fam169aa;selenow2b;litafd;gjb8,serpinh1b;npnta;trim69;hsp90aa1.2;plcl1;rgs3b;sh3kbp1;col23a1a;ednraa;phldb1a;itga1;lama2;trpm1b;scarb2a;lzts1;plekhg2;musk;npr2;casz1;lgr6;capn3b;nfatc1;p3h2;slco3a1a;mybpc2b;scarf2;sorbs1;pde10a;gli3;frem3;itga5;eya4;atp1a2a;dtnba;lama4;adamtsl3;pdcd4b;cacna2d1a;chst13;sardh;nmrk2;palm1a;ror2;acsl1a;slc8a3;frem2b;tgfbr3;cacna1sa;ppfibp1b;fbn3,cyt1l;krt4;evpla;ppl;cyt1;znf185;anxa1c;evplb;capn9;cldne;abca12;icn2;pkhd1l1.1;agr1;krt5;litafd;a2m1;nos1;abcb5;cast;krt17;icn;aep1;omc2;cldn23.1;s100w;duox;cyp2y3;il17rc;dhrs13a.2;ftr86;gvin1l2;selenow2b;fbxo2;prkchb;aldob;arap1a;anxa2a;elovl7b;stard14;tspo;gjb8;bicdl2l;anxa1a;anxa1b;scel;elovl7a;pcdh20l;stx11b.1;ftr83,591.2,299.9,10.97,ENSDARG00000036832;ENSDARG00000017624;ENSDARG00000092947;ENSDARG00000101043;ENSDARG00000019808;ENSDARG00000058371;ENSDARG00000104359;ENSDARG00000009830;ENSDARG00000103459;ENSDARG00000055514;ENSDARG00000058693;ENSDARG00000103917;ENSDARG00000112045;ENSDARG00000090268;ENSDARG00000021787;ENSDARG00000037870;ENSDARG00000009978;ENSDARG00000060682;ENSDARG00000039099;ENSDARG00000103747;ENSDARG00000061764;ENSDARG00000099306;ENSDARG00000091996;ENSDARG00000053684;ENSDARG00000068910;ENSDARG00000076673;ENSDARG00000091801;ENSDARG00000051975;ENSDARG00000006060;ENSDARG00000012341;ENSDARG00000091317;ENSDARG00000096359;ENSDARG00000008697;ENSDARG00000068992;ENSDARG00000035136;ENSDARG00000019360;ENSDARG00000098481;ENSDARG00000027017;ENSDARG00000017219;ENSDARG00000004034;ENSDARG00000003216;ENSDARG00000020850;ENSDARG00000026726;ENSDARG00000037746;ENSDARG00000040432;ENSDARG00000052039;ENSDARG00000059719;ENSDARG00000089936;ENSDARG00000087093;ENSDARG00000042707,ENSDARG00000019949;ENSDARG00000018721;ENSDARG00000060688;ENSDARG00000024746;ENSDARG00000067676;ENSDARG00000035132;ENSDARG00000075853;ENSDARG00000095339;ENSDARG00000011876;ENSDARG00000061093;ENSDARG00000074316;ENSDARG00000099390;ENSDARG00000103476;ENSDARG00000098312;ENSDARG00000075565;ENSDARG00000058459;ENSDARG00000098764;ENSDARG00000104393;ENSDARG00000037030;ENSDARG00000098308;ENSDARG00000043035;ENSDARG00000036168;ENSDARG00000103026;ENSDARG00000018726;ENSDARG00000021265;ENSDARG00000114825;ENSDARG00000103435;ENSDARG00000003449;ENSDARG00000052131;ENSDARG00000074677;ENSDARG00000006353;ENSDARG00000012397;ENSDARG00000010472;ENSDARG00000077694;ENSDARG00000020785;ENSDARG00000027903;ENSDARG00000041022;ENSDARG00000014804;ENSDARG00000004018;ENSDARG00000058102;ENSDARG00000067848;ENSDARG00000026882;ENSDARG00000076227;ENSDARG00000030514;ENSDARG00000004931;ENSDARG00000102626;ENSDARG00000099979;ENSDARG00000029457;ENSDARG00000100057;ENSDARG00000098237,ENSDARG00000036832;ENSDARG00000017624;ENSDARG00000019808;ENSDARG00000101043;ENSDARG00000092947;ENSDARG00000103917;ENSDARG00000104359;ENSDARG00000103459;ENSDARG00000012341;ENSDARG00000043128;ENSDARG00000074749;ENSDARG00000055514;ENSDARG00000091116;ENSDARG00000060682;ENSDARG00000058371;ENSDARG00000087093;ENSDARG00000104200;ENSDARG00000068910;ENSDARG00000021787;ENSDARG00000058693;ENSDARG00000094041;ENSDARG00000009978;ENSDARG00000039099;ENSDARG00000117474;ENSDARG00000028096;ENSDARG00000101181;ENSDARG00000062632;ENSDARG00000101423;ENSDARG00000099902;ENSDARG00000111240;ENSDARG00000076839;ENSDARG00000102364;ENSDARG00000089936;ENSDARG00000099306;ENSDARG00000043243;ENSDARG00000053684;ENSDARG00000062221;ENSDARG00000003216;ENSDARG00000100185;ENSDARG00000031929;ENSDARG00000026655;ENSDARG00000042707;ENSDARG00000091669;ENSDARG00000026726;ENSDARG00000100095;ENSDARG00000034677;ENSDARG00000069279;ENSDARG00000101910;ENSDARG00000029290;ENSDARG00000025403
C059,2995,2995,mylpfa;ttn.1;ttn.2;mylz3;actc1b;atp2a1;neb;ckma;tpma;ckmb;tnnc2.2;acta1b;pvalb2;pvalb1;myhz1.3;myl1;mylpfb;tnni2a.4;ryr3;myhz2;tnnt3b;tnnt3a;myhz1.1;actn3a;xirp2b;xirp2a;myom1a;obscnb;myom2a;pvalb3;prr33;pabpc4;myoz1b;mybpc2b;acta1a;prx;unm_hu7910;ryr1b;bhmt;atp2a1l;ak1;eef2l2;gapdh;slc25a4;hhatla;aldoab;myhc4;mybphb;myhz1.2;myom2b,slc5a8;omc2;adgrf6;atp10b;a2m1;gvin1l2;paqr5b;sh3gl1a;chs3;b4galt1;gjb8;scel;casp3b;stk17al;sack1ha;ftr83;myzap;cldn23.1;elovl7b;btr12;mgst1.1;vamp8;klf5l;stard14;osbpl7;hip1rb;ugt8;nectin4a;adgrg2a;nbeal2;stx11b.1;abca12;galnt6;dsg2.1;dhrs13a.2;usp43a;crybg1b;klf4;bicdl2;muc13a;ngef;plcd1a;crfb4;myo9b;esrp1;erbb3a;bnipl;gfpt2;tuft1a;trim16,mylpfa;neb;ttn.2;ttn.1;ryr3;atp2a1;mylz3;tpma;myom2b;myom2a;acta1b;actc1b;ckma;tnnt3b;myl1;tnni2a.4;ryr1b;mylpfb;mybpc2b;myhc4;pvalb1;tnnc2.2;ckmb;tnnt3a;myhz1.3;pvalb2;atp2a1l;xirp2b;actn3a;myha;hhatla;casq1a;myom1a;slc25a4;rtn2b;myoz1b;eef2l2;myhz2;mybphb;myhz1.1;prr33;obscnb;myoz2a;hsc70;clcn1b;ldb3b;xirp2a;prx;igfn1.3;synpo2b,1199.1,298.5,7.92,ENSDARG00000053254;ENSDARG00000000563;ENSDARG00000028213;ENSDARG00000017441;ENSDARG00000099197;ENSDARG00000020574;ENSDARG00000032630;ENSDARG00000035327;ENSDARG00000033683;ENSDARG00000040565;ENSDARG00000070835;ENSDARG00000055618;ENSDARG00000002768;ENSDARG00000037789;ENSDARG00000067997;ENSDARG00000014196;ENSDARG00000002589;ENSDARG00000029069;ENSDARG00000071331;ENSDARG00000012944;ENSDARG00000068457;ENSDARG00000030270;ENSDARG00000067990;ENSDARG00000013755;ENSDARG00000091090;ENSDARG00000071113;ENSDARG00000061249;ENSDARG00000022101;ENSDARG00000075433;ENSDARG00000022817;ENSDARG00000097224;ENSDARG00000059259;ENSDARG00000071445;ENSDARG00000021265;ENSDARG00000036371;ENSDARG00000017246;ENSDARG00000078703;ENSDARG00000023797;ENSDARG00000013430;ENSDARG00000035458;ENSDARG00000001950;ENSDARG00000035256;ENSDARG00000043457;ENSDARG00000027355;ENSDARG00000039051;ENSDARG00000034470;ENSDARG00000035438;ENSDARG00000003081;ENSDARG00000067995;ENSDARG00000110698,ENSDARG00000087120;ENSDARG00000117474;ENSDARG00000042829;ENSDARG00000076230;ENSDARG00000104200;ENSDARG00000102364;ENSDARG00000052688;ENSDARG00000067958;ENSDARG00000068947;ENSDARG00000002634;ENSDARG00000042707;ENSDARG00000034677;ENSDARG00000055045;ENSDARG00000015922;ENSDARG00000068849;ENSDARG00000025403;ENSDARG00000075017;ENSDARG00000028096;ENSDARG00000100185;ENSDARG00000051809;ENSDARG00000032618;ENSDARG00000024116;ENSDARG00000018757;ENSDARG00000031929;ENSDARG00000012981;ENSDARG00000102458;ENSDARG00000037455;ENSDARG00000077419;ENSDARG00000088137;ENSDARG00000098641;ENSDARG00000029290;ENSDARG00000074749;ENSDARG00000014386;ENSDARG00000076945;ENSDARG00000111240;ENSDARG00000103494;ENSDARG00000006060;ENSDARG00000079922;ENSDARG00000052427;ENSDARG00000069559;ENSDARG00000076179;ENSDARG00000059123;ENSDARG00000068711;ENSDARG00000077410;ENSDARG00000011245;ENSDARG00000006202;ENSDARG00000060435;ENSDARG00000044094;ENSDARG00000061242;ENSDARG00000010673,ENSDARG00000053254;ENSDARG00000032630;ENSDARG00000028213;ENSDARG00000000563;ENSDARG00000071331;ENSDARG00000020574;ENSDARG00000017441;ENSDARG00000033683;ENSDARG00000110698;ENSDARG00000075433;ENSDARG00000055618;ENSDARG00000099197;ENSDARG00000035327;ENSDARG00000068457;ENSDARG00000014196;ENSDARG00000029069;ENSDARG00000023797;ENSDARG00000002589;ENSDARG00000021265;ENSDARG00000035438;ENSDARG00000037789;ENSDARG00000070835;ENSDARG00000040565;ENSDARG00000030270;ENSDARG00000067997;ENSDARG00000002768;ENSDARG00000035458;ENSDARG00000091090;ENSDARG00000013755;ENSDARG00000095930;ENSDARG00000039051;ENSDARG00000038716;ENSDARG00000061249;ENSDARG00000027355;ENSDARG00000057027;ENSDARG00000071445;ENSDARG00000035256;ENSDARG00000012944;ENSDARG00000003081;ENSDARG00000067990;ENSDARG00000097224;ENSDARG00000022101;ENSDARG00000012311;ENSDARG00000012381;ENSDARG00000012269;ENSDARG00000099974;ENSDARG00000071113;ENSDARG00000017246;ENSDARG00000097613;ENSDARG00000077157
C060,5477,5000,and1;and2;and3;col1a1a;frem2a;vcana;vcanb;angptl7;fmodb;thbs4a;il11a;vwa2;tnca;epgn;adamtsl7;cldni;emilin2b;col18a1a;arhgef25b;cpa6;fgf24;cyp26c1;col4a4;fras1;lama5;capn12;cxcl18b;frem1a;ptgdsb.1;egfl6;ogna;col4a3;trim69;myh9a;mmp9;fbn2;lamb2l;wnt10a;dapk2b;mdka;itgb4;col28a2a;hapln3;itgav;nrg2a;ecm2;lzts1;myofl;paplna;slc35h1,styk1a;adgrf6;omc2;plekhg6;stx11b.1;elovl6l;tmem176l.3b;erbb3a;gvin1l2;galnt6;adgrg2a;hhla2b.2;mgst1.2;slc5a8;evplb;grhl1;cyp17a1;hip1rb;gbgt1l4;b3gnt3.1;styk1b;dhrs13a.2;chs3;il17rc;rabgap1l2;ftr83;tns1a;oclnb;atp10b;a2m1;macc1;cmah;nectin4a;elovl7a;rab25a;capn9;fut9d;hsd17b12a;muc13a;sort1b;cldne;niban1a;abca12;ikzf2;myzap;ppp2r5a;bicdl2l;cldn23.1;mala.2;soul2,and1;and2;and3;col1a1a;frem2a;vcana;vcanb;angptl7;fmodb;thbs4a;il11a;vwa2;tnca;epgn;adamtsl7;cldni;emilin2b;col18a1a;arhgef25b;cpa6;fgf24;cyp26c1;col4a4;fras1;lama5;capn12;cxcl18b;frem1a;ptgdsb.1;egfl6;ogna;col4a3;trim69;myh9a;mmp9;fbn2;lamb2l;wnt10a;dapk2b;mdka;itgb4;col28a2a;hapln3;itgav;nrg2a;ecm2;lzts1;myofl;paplna;slc35h1,419.3,295.6,3.44,ENSDARG00000088514;ENSDARG00000079302;ENSDARG00000056873;ENSDARG00000012405;ENSDARG00000076856;ENSDARG00000103515;ENSDARG00000009401;ENSDARG00000027582;ENSDARG00000010294;ENSDARG00000102777;ENSDARG00000037859;ENSDARG00000075441;ENSDARG00000078362;ENSDARG00000104992;ENSDARG00000055439;ENSDARG00000054616;ENSDARG00000102178;ENSDARG00000036558;ENSDARG00000014465;ENSDARG00000012013;ENSDARG00000037677;ENSDARG00000056029;ENSDARG00000002831;ENSDARG00000054619;ENSDARG00000058543;ENSDARG00000010758;ENSDARG00000075045;ENSDARG00000069473;ENSDARG00000027088;ENSDARG00000045958;ENSDARG00000044132;ENSDARG00000003395;ENSDARG00000060688;ENSDARG00000063295;ENSDARG00000042816;ENSDARG00000051896;ENSDARG00000033950;ENSDARG00000017155;ENSDARG00000103666;ENSDARG00000036036;ENSDARG00000028507;ENSDARG00000076321;ENSDARG00000045802;ENSDARG00000006314;ENSDARG00000077818;ENSDARG00000071549;ENSDARG00000075565;ENSDARG00000017128;ENSDARG00000027867;ENSDARG00000037517,ENSDARG00000070950;ENSDARG00000042829;ENSDARG00000117474;ENSDARG00000086056;ENSDARG00000029290;ENSDARG00000038639;ENSDARG00000096874;ENSDARG00000006202;ENSDARG00000102364;ENSDARG00000014386;ENSDARG00000088137;ENSDARG00000086254;ENSDARG00000022165;ENSDARG00000087120;ENSDARG00000103459;ENSDARG00000061391;ENSDARG00000033566;ENSDARG00000102458;ENSDARG00000068503;ENSDARG00000043482;ENSDARG00000041947;ENSDARG00000111240;ENSDARG00000068947;ENSDARG00000099902;ENSDARG00000060315;ENSDARG00000025403;ENSDARG00000078842;ENSDARG00000003091;ENSDARG00000076230;ENSDARG00000104200;ENSDARG00000040717;ENSDARG00000057714;ENSDARG00000077419;ENSDARG00000069279;ENSDARG00000058800;ENSDARG00000012341;ENSDARG00000028098;ENSDARG00000015709;ENSDARG00000069559;ENSDARG00000056252;ENSDARG00000043128;ENSDARG00000042055;ENSDARG00000074749;ENSDARG00000069111;ENSDARG00000075017;ENSDARG00000027017;ENSDARG00000091669;ENSDARG00000028096;ENSDARG00000043442;ENSDARG00000039499,ENSDARG00000088514;ENSDARG00000079302;ENSDARG00000056873;ENSDARG00000012405;ENSDARG00000076856;ENSDARG00000103515;ENSDARG00000009401;ENSDARG00000027582;ENSDARG00000010294;ENSDARG00000102777;ENSDARG00000037859;ENSDARG00000075441;ENSDARG00000078362;ENSDARG00000104992;ENSDARG00000055439;ENSDARG00000054616;ENSDARG00000102178;ENSDARG00000036558;ENSDARG00000014465;ENSDARG00000012013;ENSDARG00000037677;ENSDARG00000056029;ENSDARG00000002831;ENSDARG00000054619;ENSDARG00000058543;ENSDARG00000010758;ENSDARG00000075045;ENSDARG00000069473;ENSDARG00000027088;ENSDARG00000045958;ENSDARG00000044132;ENSDARG00000003395;ENSDARG00000060688;ENSDARG00000063295;ENSDARG00000042816;ENSDARG00000051896;ENSDARG00000033950;ENSDARG00000017155;ENSDARG00000103666;ENSDARG00000036036;ENSDARG00000028507;ENSDARG00000076321;ENSDARG00000045802;ENSDARG00000006314;ENSDARG00000077818;ENSDARG00000071549;ENSDARG00000075565;ENSDARG00000017128;ENSDARG00000027867;ENSDARG00000037517
C061,5618,5000,muc13a;fut9d;tcnbb;tent5ba;gmds;calr3a;manf;calr3b;dnajb9b;kremen1;xbp1;nucb2b;krt4;sec61a1b;lef1;mydgf;omc2;pmm2;pdia3;pdia4;rad9b;rrbp1a;slc8a2a;grin3ba;pgap6;cnpy1;adgrg2a;chs3;ssr2;nbeal2;gad3;dnajb11;dis3l;sack1c;agr1;hpse2;hdlbpa;apold1b;rab25a;cyt1l;sec23b;gdpd2;creb3l1;dnajc3b;tram1;fkbp2;cd99;ano9a;kdelr2b;dgkzb,col27a1b;trim69;rgs3a;stard8;lzts1;fbn3;rgs3b;phldb1a;tns1a;flna;lgr6;col4a1;spon1b;ednraa;arhgap31;itga5;itgb4;tns2a;prickle2b;npnta;dennd4a;nectin3a;npr2;sh3pxd2aa;col23a1a;cldni;bcam;cspg4;serpinh1b;p3h2;chsy3;capn3b;wnt5b;fstl1b;pdlim4;loxl3b;fhl3a;sema6bb;gpc5a;lepr;lamb1a;pkmb;lpar1;igfbp5b;mcamb;scarb2a;tpm4a;tln1;kif26ba;gdpd5b,muc13a;fut9d;tcnbb;tent5ba;gmds;calr3a;dnajb9b;manf;calr3b;kremen1;nucb2b;xbp1;sec61a1b;krt4;mydgf;lef1;pmm2;pdia3;omc2;rad9b;pdia4;slc8a2a;rrbp1a;cnpy1;grin3ba;pgap6;adgrg2a;ssr2;chs3;nbeal2;gad3;dnajb11;dis3l;sack1c;hpse2;apold1b;agr1;rab25a;hdlbpa;gdpd2;sec23b;dnajc3b;tram1;creb3l1;fkbp2;sema4ga;ano9a;kdelr2b;cyt1l;dgkzb,966.0,537.5,13.0,ENSDARG00000069559;ENSDARG00000028098;ENSDARG00000091996;ENSDARG00000039943;ENSDARG00000026629;ENSDARG00000103979;ENSDARG00000063177;ENSDARG00000102808;ENSDARG00000016886;ENSDARG00000062579;ENSDARG00000035622;ENSDARG00000036291;ENSDARG00000017624;ENSDARG00000005675;ENSDARG00000031894;ENSDARG00000071679;ENSDARG00000117474;ENSDARG00000037654;ENSDARG00000102640;ENSDARG00000018491;ENSDARG00000075632;ENSDARG00000013763;ENSDARG00000008912;ENSDARG00000005364;ENSDARG00000032795;ENSDARG00000003757;ENSDARG00000088137;ENSDARG00000068947;ENSDARG00000005230;ENSDARG00000098641;ENSDARG00000055370;ENSDARG00000015088;ENSDARG00000053200;ENSDARG00000075296;ENSDARG00000060682;ENSDARG00000078163;ENSDARG00000009830;ENSDARG00000068030;ENSDARG00000058800;ENSDARG00000036832;ENSDARG00000019360;ENSDARG00000073870;ENSDARG00000015793;ENSDARG00000017874;ENSDARG00000019137;ENSDARG00000044540;ENSDARG00000051975;ENSDARG00000076320;ENSDARG00000037361;ENSDARG00000076025,ENSDARG00000099930;ENSDARG00000060688;ENSDARG00000099746;ENSDARG00000014003;ENSDARG00000075565;ENSDARG00000098237;ENSDARG00000035132;ENSDARG00000061093;ENSDARG00000078842;ENSDARG00000074201;ENSDARG00000098308;ENSDARG00000055009;ENSDARG00000023694;ENSDARG00000011876;ENSDARG00000059472;ENSDARG00000006353;ENSDARG00000028507;ENSDARG00000076292;ENSDARG00000037593;ENSDARG00000018721;ENSDARG00000062721;ENSDARG00000103638;ENSDARG00000104393;ENSDARG00000060148;ENSDARG00000095339;ENSDARG00000054616;ENSDARG00000090190;ENSDARG00000078227;ENSDARG00000019949;ENSDARG00000103026;ENSDARG00000069472;ENSDARG00000043035;ENSDARG00000102464;ENSDARG00000039576;ENSDARG00000068973;ENSDARG00000039563;ENSDARG00000034643;ENSDARG00000061976;ENSDARG00000103647;ENSDARG00000070961;ENSDARG00000101209;ENSDARG00000099860;ENSDARG00000099840;ENSDARG00000025348;ENSDARG00000005368;ENSDARG00000098312;ENSDARG00000023963;ENSDARG00000100729;ENSDARG00000013343;ENSDARG00000076962,ENSDARG00000069559;ENSDARG00000028098;ENSDARG00000091996;ENSDARG00000039943;ENSDARG00000026629;ENSDARG00000103979;ENSDARG00000016886;ENSDARG00000063177;ENSDARG00000102808;ENSDARG00000062579;ENSDARG00000036291;ENSDARG00000035622;ENSDARG00000005675;ENSDARG00000017624;ENSDARG00000071679;ENSDARG00000031894;ENSDARG00000037654;ENSDARG00000102640;ENSDARG00000117474;ENSDARG00000075632;ENSDARG00000018491;ENSDARG00000008912;ENSDARG00000013763;ENSDARG00000003757;ENSDARG00000005364;ENSDARG00000032795;ENSDARG00000088137;ENSDARG00000005230;ENSDARG00000068947;ENSDARG00000098641;ENSDARG00000055370;ENSDARG00000015088;ENSDARG00000053200;ENSDARG00000075296;ENSDARG00000078163;ENSDARG00000068030;ENSDARG00000060682;ENSDARG00000058800;ENSDARG00000009830;ENSDARG00000073870;ENSDARG00000019360;ENSDARG00000017874;ENSDARG00000019137;ENSDARG00000015793;ENSDARG00000044540;ENSDARG00000076595;ENSDARG00000076320;ENSDARG00000037361;ENSDARG00000036832;ENSDARG00000076025
C062,4852,4852,krt4;cyt1l;cyt1;evpla;ppl;krt5;znf185;cldne;cast;aep1;abca12;agr1;capn9;anxa1c;evplb;nos1;omc2;ahnak;perp;a2m1;epas1a;pnp5a;krt1-19e;cyp2y3;gvin1l2;cav1;spaca4l;actb2;tmem176l.4;krt17;prkchb;cd99;litafd;abcb5;fbxo2;ftr86;btr12;hsd17b12a;elovl7a;anxa1b;dspb;crybg1b;pleca;icn2;pcdh20l;elf3;lmo7a;duox;tob1b;stard14,and1;cldni;sparc;itga1;itgb4;serpinh1b;frem2a;tln1;nrg2a;prkceb;col2a1b;lgr6;col27a1b;col16a1;cald1a;actn1;fbn3;prkd3;tns2a;gpc5a;postnb;plcl1;col1a1a;frem2b;itga5;lama5;flncb;sh3pxd2aa;ptprea;fhl3a;znf469;bmp1a;map7d1b;loxl3b;doc2b;stard13b;tns1b;fras1;kcnq5a;ltbp1;sulf1;septin12;matn4;nfatc1;inpp4b;adamtsl3;fstl1b;scarb2a;bcam;ror2,cyt1l;krt4;evpla;ppl;cyt1;znf185;anxa1c;evplb;capn9;cldne;abca12;icn2;pkhd1l1.1;agr1;krt5;litafd;a2m1;nos1;abcb5;cast;krt17;icn;aep1;omc2;cldn23.1;s100w;duox;cyp2y3;il17rc;dhrs13a.2;ftr86;gvin1l2;selenow2b;fbxo2;prkchb;aldob;arap1a;anxa2a;elovl7b;stard14;tspo;gjb8;bicdl2l;anxa1a;anxa1b;scel;elovl7a;pcdh20l;stx11b.1;ftr83,702.1,406.0,13.16,ENSDARG00000017624;ENSDARG00000036832;ENSDARG00000092947;ENSDARG00000019808;ENSDARG00000101043;ENSDARG00000058371;ENSDARG00000103917;ENSDARG00000043128;ENSDARG00000058693;ENSDARG00000039099;ENSDARG00000074749;ENSDARG00000060682;ENSDARG00000012341;ENSDARG00000104359;ENSDARG00000103459;ENSDARG00000068910;ENSDARG00000117474;ENSDARG00000061764;ENSDARG00000063572;ENSDARG00000104200;ENSDARG00000008697;ENSDARG00000078619;ENSDARG00000090268;ENSDARG00000101423;ENSDARG00000102364;ENSDARG00000103747;ENSDARG00000116617;ENSDARG00000037870;ENSDARG00000074390;ENSDARG00000094041;ENSDARG00000043243;ENSDARG00000051975;ENSDARG00000087093;ENSDARG00000021787;ENSDARG00000099306;ENSDARG00000076839;ENSDARG00000051809;ENSDARG00000015709;ENSDARG00000069279;ENSDARG00000100095;ENSDARG00000076673;ENSDARG00000006060;ENSDARG00000062590;ENSDARG00000055514;ENSDARG00000101910;ENSDARG00000077982;ENSDARG00000004930;ENSDARG00000062632;ENSDARG00000021372;ENSDARG00000031929,ENSDARG00000088514;ENSDARG00000054616;ENSDARG00000019353;ENSDARG00000074316;ENSDARG00000028507;ENSDARG00000019949;ENSDARG00000076856;ENSDARG00000100729;ENSDARG00000077818;ENSDARG00000069928;ENSDARG00000011407;ENSDARG00000098308;ENSDARG00000099930;ENSDARG00000009194;ENSDARG00000070314;ENSDARG00000007219;ENSDARG00000098237;ENSDARG00000079967;ENSDARG00000076292;ENSDARG00000103647;ENSDARG00000104267;ENSDARG00000067676;ENSDARG00000012405;ENSDARG00000102626;ENSDARG00000006353;ENSDARG00000058543;ENSDARG00000018820;ENSDARG00000060148;ENSDARG00000015891;ENSDARG00000034643;ENSDARG00000096887;ENSDARG00000028071;ENSDARG00000104701;ENSDARG00000039563;ENSDARG00000088293;ENSDARG00000098954;ENSDARG00000020845;ENSDARG00000054619;ENSDARG00000069954;ENSDARG00000056922;ENSDARG00000038428;ENSDARG00000019191;ENSDARG00000015947;ENSDARG00000036168;ENSDARG00000075201;ENSDARG00000027903;ENSDARG00000039576;ENSDARG00000098312;ENSDARG00000090190;ENSDARG00000076227,ENSDARG00000036832;ENSDARG00000017624;ENSDARG00000019808;ENSDARG00000101043;ENSDARG00000092947;ENSDARG00000103917;ENSDARG00000104359;ENSDARG00000103459;ENSDARG00000012341;ENSDARG00000043128;ENSDARG00000074749;ENSDARG00000055514;ENSDARG00000091116;ENSDARG00000060682;ENSDARG00000058371;ENSDARG00000087093;ENSDARG00000104200;ENSDARG00000068910;ENSDARG00000021787;ENSDARG00000058693;ENSDARG00000094041;ENSDARG00000009978;ENSDARG00000039099;ENSDARG00000117474;ENSDARG00000028096;ENSDARG00000101181;ENSDARG00000062632;ENSDARG00000101423;ENSDARG00000099902;ENSDARG00000111240;ENSDARG00000076839;ENSDARG00000102364;ENSDARG00000089936;ENSDARG00000099306;ENSDARG00000043243;ENSDARG00000053684;ENSDARG00000062221;ENSDARG00000003216;ENSDARG00000100185;ENSDARG00000031929;ENSDARG00000026655;ENSDARG00000042707;ENSDARG00000091669;ENSDARG00000026726;ENSDARG00000100095;ENSDARG00000034677;ENSDARG00000069279;ENSDARG00000101910;ENSDARG00000029290;ENSDARG00000025403
C063,3836,3836,col9a1a;col11a1b;col5a1;cdh11;col2a1a;matn4;itga11a;clmpa;col27a1b;il16;mkxa;tncb;cspg4;col9a2;igf2b;nhsl2;col12a1a;pdgfrb;aebp1b;ebf1a;bicc1b;trps1;lpar1;nhsl1a;runx2a;bicc1a;col11a1a;pdgfra;col11a2;tgfbi;nfatc1;col8a2;col6a3;sowah1;hapln1a;eya2;pknox2;ror1;adgra2;sema3e;znf469;loxl3b;efemp2a;col6a1;fstl1b;cnmd;adgrg6;col9a3;sox5;serpinh1b,stx11b.1;gvin1l2;omc2;cdh27;nfkbiaa;mgst1.1;mid1ip1a;pkp3a;elovl7b;s100w;tcima;fam169aa;adgrf6;elovl1a;fbp1a;gsnb;capn2l;caspb;tcnbb;osbpl7;phlda2;atp10b;scel;sh3gl1a;tnks1bp1;dhrs13a.2;foxq1a;rab11al;a2m1;stard14;fut9d;slc5a8;adgrg2a;bicdl2l;cd9b;spint2;anxa3a;erbb3a;nbeal2;dsg2.1;gstp1.2;tmem30b;cldn8.2;evplb;mgst1.2;klf5l;b4galt1;rnf128a;st14;btr12,col9a1a;col11a1b;col5a1;cdh11;col2a1a;matn4;itga11a;clmpa;col27a1b;il16;mkxa;tncb;cspg4;col9a2;igf2b;nhsl2;col12a1a;pdgfrb;aebp1b;ebf1a;bicc1b;trps1;lpar1;nhsl1a;runx2a;bicc1a;col11a1a;pdgfra;col11a2;tgfbi;nfatc1;col8a2;col6a3;sowah1;hapln1a;eya2;pknox2;ror1;adgra2;sema3e;znf469;loxl3b;efemp2a;col6a1;fstl1b;cnmd;adgrg6;col9a3;sox5;serpinh1b,328.3,245.0,2.5,ENSDARG00000073699;ENSDARG00000009014;ENSDARG00000012593;ENSDARG00000021442;ENSDARG00000069093;ENSDARG00000015947;ENSDARG00000036086;ENSDARG00000116937;ENSDARG00000099930;ENSDARG00000102908;ENSDARG00000075450;ENSDARG00000021948;ENSDARG00000078227;ENSDARG00000024492;ENSDARG00000033307;ENSDARG00000089066;ENSDARG00000078322;ENSDARG00000100897;ENSDARG00000006901;ENSDARG00000099849;ENSDARG00000070497;ENSDARG00000104082;ENSDARG00000099840;ENSDARG00000054537;ENSDARG00000040261;ENSDARG00000061682;ENSDARG00000026165;ENSDARG00000070494;ENSDARG00000012422;ENSDARG00000071586;ENSDARG00000036168;ENSDARG00000060893;ENSDARG00000077139;ENSDARG00000088187;ENSDARG00000089769;ENSDARG00000018984;ENSDARG00000055349;ENSDARG00000015176;ENSDARG00000076994;ENSDARG00000036571;ENSDARG00000096887;ENSDARG00000039563;ENSDARG00000094324;ENSDARG00000074908;ENSDARG00000039576;ENSDARG00000100133;ENSDARG00000054137;ENSDARG00000037845;ENSDARG00000011582;ENSDARG00000019949,ENSDARG00000029290;ENSDARG00000102364;ENSDARG00000117474;ENSDARG00000055093;ENSDARG00000005481;ENSDARG00000032618;ENSDARG00000041051;ENSDARG00000051861;ENSDARG00000100185;ENSDARG00000101181;ENSDARG00000079497;ENSDARG00000059719;ENSDARG00000042829;ENSDARG00000099960;ENSDARG00000021366;ENSDARG00000045262;ENSDARG00000034211;ENSDARG00000052039;ENSDARG00000091996;ENSDARG00000012981;ENSDARG00000042874;ENSDARG00000076230;ENSDARG00000034677;ENSDARG00000067958;ENSDARG00000068760;ENSDARG00000111240;ENSDARG00000030896;ENSDARG00000014340;ENSDARG00000104200;ENSDARG00000031929;ENSDARG00000028098;ENSDARG00000087120;ENSDARG00000088137;ENSDARG00000091669;ENSDARG00000016691;ENSDARG00000069476;ENSDARG00000009196;ENSDARG00000006202;ENSDARG00000098641;ENSDARG00000076945;ENSDARG00000104068;ENSDARG00000054122;ENSDARG00000040628;ENSDARG00000103459;ENSDARG00000022165;ENSDARG00000018757;ENSDARG00000002634;ENSDARG00000016867;ENSDARG00000100088;ENSDARG00000051809,ENSDARG00000073699;ENSDARG00000009014;ENSDARG00000012593;ENSDARG00000021442;ENSDARG00000069093;ENSDARG00000015947;ENSDARG00000036086;ENSDARG00000116937;ENSDARG00000099930;ENSDARG00000102908;ENSDARG00000075450;ENSDARG00000021948;ENSDARG00000078227;ENSDARG00000024492;ENSDARG00000033307;ENSDARG00000089066;ENSDARG00000078322;ENSDARG00000100897;ENSDARG00000006901;ENSDARG00000099849;ENSDARG00000070497;ENSDARG00000104082;ENSDARG00000099840;ENSDARG00000054537;ENSDARG00000040261;ENSDARG00000061682;ENSDARG00000026165;ENSDARG00000070494;ENSDARG00000012422;ENSDARG00000071586;ENSDARG00000036168;ENSDARG00000060893;ENSDARG00000077139;ENSDARG00000088187;ENSDARG00000089769;ENSDARG00000018984;ENSDARG00000055349;ENSDARG00000015176;ENSDARG00000076994;ENSDARG00000036571;ENSDARG00000096887;ENSDARG00000039563;ENSDARG00000094324;ENSDARG00000074908;ENSDARG00000039576;ENSDARG00000100133;ENSDARG00000054137;ENSDARG00000037845;ENSDARG00000011582;ENSDARG00000019949
C064,1027,1027,muc13a;tcnbb;fut9d;tent5ba;hdlbpa;cyt1l;krt4;xbp1;calr3a;axl;pdia3;sec23b;calr3b;cyt1;tbx3a;ppl;evpla;cast;chs3;pmm2;ckap4;rrbp1a;pgap6;rab25a;ptgs2b;cd99;tmem176l.3b;ssr2;anxa1c;ponzr4;crybg1b;gfpt2;agr1;golgb1;caspb;mala.2;rabgap1l2;mlec;mydgf;dlx5a;ponzr3;g6pd;sack1ha;dnajc3b;pdia4;rrbp1b;serpinb14;fbp1a;hsp90b1;copb2,serpinh1b;gli3;vav2;hsp90aa1.2;itga5;nfatc1;enox1;bcar1;actn1;fut8a;raraa;loxl3b;znf385a;enpp1;enah;col11a1b;itga9;arhgap29a;aopep;ppfia2;akap12b;wnt5b;obscnb;mbnl1;septin12;bcam;myo1b;dab2ipb;nedd9;tanc1b;fam117bb;fgfrl1a;ror1;tln1;tns2a;xirp2b;flna;bcl2a;rnf24;bnc2;sgcd;sh3pxd2aa;adgra2;zdhhc8b;tgfbr3;hspg2;igf2bp2a;hoxc3a;nrg2a;frmd4a,cyt1l;krt4;evpla;ppl;cyt1;znf185;anxa1c;evplb;capn9;cldne;abca12;icn2;pkhd1l1.1;agr1;krt5;litafd;a2m1;nos1;abcb5;cast;krt17;icn;aep1;omc2;cldn23.1;s100w;duox;cyp2y3;il17rc;dhrs13a.2;ftr86;gvin1l2;selenow2b;fbxo2;prkchb;aldob;arap1a;anxa2a;elovl7b;stard14;tspo;gjb8;bicdl2l;anxa1a;anxa1b;scel;elovl7a;pcdh20l;stx11b.1;ftr83,608.7,335.9,14.46,ENSDARG00000069559;ENSDARG00000091996;ENSDARG00000028098;ENSDARG00000039943;ENSDARG00000009830;ENSDARG00000036832;ENSDARG00000017624;ENSDARG00000035622;ENSDARG00000103979;ENSDARG00000112045;ENSDARG00000102640;ENSDARG00000019360;ENSDARG00000102808;ENSDARG00000092947;ENSDARG00000002216;ENSDARG00000101043;ENSDARG00000019808;ENSDARG00000058693;ENSDARG00000068947;ENSDARG00000037654;ENSDARG00000032405;ENSDARG00000013763;ENSDARG00000032795;ENSDARG00000058800;ENSDARG00000010276;ENSDARG00000051975;ENSDARG00000096874;ENSDARG00000005230;ENSDARG00000104359;ENSDARG00000087440;ENSDARG00000006060;ENSDARG00000044094;ENSDARG00000060682;ENSDARG00000061951;ENSDARG00000052039;ENSDARG00000043442;ENSDARG00000060315;ENSDARG00000059630;ENSDARG00000071679;ENSDARG00000042296;ENSDARG00000088589;ENSDARG00000071065;ENSDARG00000068849;ENSDARG00000017874;ENSDARG00000018491;ENSDARG00000041703;ENSDARG00000091801;ENSDARG00000021366;ENSDARG00000003570;ENSDARG00000038743,ENSDARG00000019949;ENSDARG00000052131;ENSDARG00000044718;ENSDARG00000024746;ENSDARG00000006353;ENSDARG00000036168;ENSDARG00000060243;ENSDARG00000056525;ENSDARG00000007219;ENSDARG00000015449;ENSDARG00000056783;ENSDARG00000039563;ENSDARG00000009899;ENSDARG00000005789;ENSDARG00000032049;ENSDARG00000009014;ENSDARG00000032435;ENSDARG00000026329;ENSDARG00000068461;ENSDARG00000013000;ENSDARG00000055678;ENSDARG00000102464;ENSDARG00000022101;ENSDARG00000052978;ENSDARG00000019191;ENSDARG00000090190;ENSDARG00000024694;ENSDARG00000075110;ENSDARG00000089878;ENSDARG00000089190;ENSDARG00000009839;ENSDARG00000032617;ENSDARG00000015176;ENSDARG00000100729;ENSDARG00000076292;ENSDARG00000091090;ENSDARG00000074201;ENSDARG00000094704;ENSDARG00000036965;ENSDARG00000069989;ENSDARG00000098573;ENSDARG00000060148;ENSDARG00000076994;ENSDARG00000018508;ENSDARG00000099979;ENSDARG00000076564;ENSDARG00000003421;ENSDARG00000070339;ENSDARG00000077818;ENSDARG00000042249,ENSDARG00000036832;ENSDARG00000017624;ENSDARG00000019808;ENSDARG00000101043;ENSDARG00000092947;ENSDARG00000103917;ENSDARG00000104359;ENSDARG00000103459;ENSDARG00000012341;ENSDARG00000043128;ENSDARG00000074749;ENSDARG00000055514;ENSDARG00000091116;ENSDARG00000060682;ENSDARG00000058371;ENSDARG00000087093;ENSDARG00000104200;ENSDARG00000068910;ENSDARG00000021787;ENSDARG00000058693;ENSDARG00000094041;ENSDARG00000009978;ENSDARG00000039099;ENSDARG00000117474;ENSDARG00000028096;ENSDARG00000101181;ENSDARG00000062632;ENSDARG00000101423;ENSDARG00000099902;ENSDARG00000111240;ENSDARG00000076839;ENSDARG00000102364;ENSDARG00000089936;ENSDARG00000099306;ENSDARG00000043243;ENSDARG00000053684;ENSDARG00000062221;ENSDARG00000003216;ENSDARG00000100185;ENSDARG00000031929;ENSDARG00000026655;ENSDARG00000042707;ENSDARG00000091669;ENSDARG00000026726;ENSDARG00000100095;ENSDARG00000034677;ENSDARG00000069279;ENSDARG00000101910;ENSDARG00000029290;ENSDARG00000025403
C065,261,261,slc6a11b;clstn2a;ntn1b;qkib;atp1a1b;slc6a9;slc1a2b;fabp7a;gfap;chl1b;npas3;slc4a4a;pkd1b;slc1a3b;hapln1a;ptn;sulf2b;lrp8;adgrv1;npas1;vim;pbx3a;prickle2b;wnt7aa;cspg5b;qki2;prex2;tenm4;nlgn3a;rfx4;sulf1;cfap57;map2;adgrb3;cadps2;col4a6;efcc1;meis1b;igsf11;sorbs3;il1rapl1a;slit1a;iglon5;gpc1b;gpm6bb;kirrel3;col4a5;igsf9a;lamb2l;brsk2b,cd99;anxa1c;agr1;crybg1b;pkp3a;tcnbb;spaca4l;abca12;ppl;pnp5a;jupa;myh9a;cldne;cdh1;evplb;lmo7a;evpla;cast;znf185;pcdh1b;cyt1;ahnak;ywhaz;krt5;agap3;aep1;hdlbpa;cyt1l;baiap2a;pls3;ebf1a;cadm4;perp;btg1;krt4;serbp1a;actb2;actb1;ank3a;pnrc2;lrba;hspa8;robo1;msi2b;actn4;magi1b;eef2b;qkia;eef1a1l1,gfap;hepacama;aifm3;slc6a11b;slc4a4a;cldn7a;rfx4;qkib;ccdc24;drc11;pkd1b;pbx3a;npas3;adgrd2;adamts3;atp1a1b;clstn2a;slc1a2b;cfap57;nectin3a;foxj1a;adamtsl5;kif19;dnah5l;col4a6;prickle2b;odad2;lmx1bb;dnah2;bicc2;rspo2;cldn19;lmx1al;cfap58;dnah5;gpc1b;kif26aa;qki2;dnah6;vim;pacrg;ptn;stra6;ntn1b;crocc2;gpc5a;col4a5;brsk2b;nfixa;npas1,353.0,255.7,3.89,ENSDARG00000087981;ENSDARG00000060637;ENSDARG00000022531;ENSDARG00000002026;ENSDARG00000019856;ENSDARG00000018534;ENSDARG00000102453;ENSDARG00000007697;ENSDARG00000025301;ENSDARG00000103109;ENSDARG00000109820;ENSDARG00000013730;ENSDARG00000033029;ENSDARG00000043148;ENSDARG00000089769;ENSDARG00000102340;ENSDARG00000013838;ENSDARG00000070074;ENSDARG00000021137;ENSDARG00000015876;ENSDARG00000010008;ENSDARG00000089262;ENSDARG00000037593;ENSDARG00000044827;ENSDARG00000099793;ENSDARG00000010018;ENSDARG00000071692;ENSDARG00000105088;ENSDARG00000104786;ENSDARG00000026395;ENSDARG00000038428;ENSDARG00000058090;ENSDARG00000055052;ENSDARG00000059832;ENSDARG00000013312;ENSDARG00000052061;ENSDARG00000077826;ENSDARG00000012078;ENSDARG00000109783;ENSDARG00000037476;ENSDARG00000062045;ENSDARG00000044954;ENSDARG00000022176;ENSDARG00000090585;ENSDARG00000001676;ENSDARG00000115903;ENSDARG00000052063;ENSDARG00000075864;ENSDARG00000033950;ENSDARG00000077791,ENSDARG00000051975;ENSDARG00000104359;ENSDARG00000060682;ENSDARG00000006060;ENSDARG00000051861;ENSDARG00000091996;ENSDARG00000116617;ENSDARG00000074749;ENSDARG00000101043;ENSDARG00000078619;ENSDARG00000070787;ENSDARG00000063295;ENSDARG00000043128;ENSDARG00000102750;ENSDARG00000103459;ENSDARG00000004930;ENSDARG00000019808;ENSDARG00000058693;ENSDARG00000103917;ENSDARG00000036175;ENSDARG00000092947;ENSDARG00000061764;ENSDARG00000032575;ENSDARG00000058371;ENSDARG00000087822;ENSDARG00000039099;ENSDARG00000009830;ENSDARG00000036832;ENSDARG00000062799;ENSDARG00000037655;ENSDARG00000099849;ENSDARG00000040291;ENSDARG00000063572;ENSDARG00000027249;ENSDARG00000017624;ENSDARG00000074242;ENSDARG00000037870;ENSDARG00000037746;ENSDARG00000061736;ENSDARG00000053291;ENSDARG00000031108;ENSDARG00000068992;ENSDARG00000026784;ENSDARG00000032614;ENSDARG00000099786;ENSDARG00000003169;ENSDARG00000100371;ENSDARG00000097478;ENSDARG00000020850,ENSDARG00000025301;ENSDARG00000056934;ENSDARG00000062780;ENSDARG00000087981;ENSDARG00000013730;ENSDARG00000036376;ENSDARG00000026395;ENSDARG00000002026;ENSDARG00000038793;ENSDARG00000057276;ENSDARG00000033029;ENSDARG00000089262;ENSDARG00000109820;ENSDARG00000103067;ENSDARG00000060127;ENSDARG00000019856;ENSDARG00000060637;ENSDARG00000102453;ENSDARG00000058090;ENSDARG00000103638;ENSDARG00000101919;ENSDARG00000052118;ENSDARG00000053026;ENSDARG00000056888;ENSDARG00000052061;ENSDARG00000037593;ENSDARG00000055128;ENSDARG00000068365;ENSDARG00000087352;ENSDARG00000076557;ENSDARG00000079570;ENSDARG00000044569;ENSDARG00000077915;ENSDARG00000069435;ENSDARG00000087373;ENSDARG00000090585;ENSDARG00000042368;ENSDARG00000010018;ENSDARG00000000606;ENSDARG00000010008;ENSDARG00000087556;ENSDARG00000102340;ENSDARG00000051874;ENSDARG00000022531;ENSDARG00000017425;ENSDARG00000103647;ENSDARG00000052063;ENSDARG00000077791;ENSDARG00000043226;ENSDARG00000015876
C066,793,793,camkvl;grm8b;rtn4r;ajap1;cacna1ea;elavl4;cacna1hb;r3hdm1;celf5a;gabrb2;grm2a;syt1a;ptprdb;lrp1ba;epha6;syt9a;trhde.1;nrxn1a;hs3st4;trhde.2;trpm3;ntrk3b;brinp2;dlgap2a;nrxn2a;dscaml1;ptprt;lrfn4b;syt7a;ccdc85a;kcnd2;nlgn1;gria2b;celf5b;flrt1b;celf2;tmem163b;olfm1b;grm4;gabra1;rims3;bcl11ba;kctd8;ntrk3a;khdrbs2;cntn3a.2;brinp1;lrfn5a;astn1;unc5a,omc2;crybg1a;gvin1l2;klf3;spint2;chs3;nr4a1;nfe2l2a;fam169aa;sypl2a;dspb;anxa2a;creb3l1;capn9;agr1;tnks1bp1;pkp3a;ahnak;rhpn2;sec23b;abca12;scel;cav1;tnfrsfa;notch2;cast;epas1a;dnajb1b;fosb;pof1b;abcb5;ppl;tuft1a;crybg1b;serpinh1b;elf1;nocta;klf2b;capns1b;b4galt1;znf185;pleca;evpla;ier2b;icn2;evplb;dhrs13a.2;aldob;tob1b;junbb,camkvl;grm8b;rtn4r;ajap1;cacna1ea;elavl4;cacna1hb;r3hdm1;celf5a;gabrb2;grm2a;syt1a;ptprdb;lrp1ba;epha6;syt9a;trhde.1;nrxn1a;hs3st4;trhde.2;trpm3;ntrk3b;brinp2;dlgap2a;nrxn2a;dscaml1;ptprt;lrfn4b;syt7a;ccdc85a;kcnd2;nlgn1;gria2b;celf5b;flrt1b;celf2;tmem163b;olfm1b;grm4;gabra1;rims3;bcl11ba;kctd8;ntrk3a;khdrbs2;cntn3a.2;brinp1;lrfn5a;astn1;unc5a,365.8,263.9,0.87,ENSDARG00000057000;ENSDARG00000076508;ENSDARG00000090035;ENSDARG00000038655;ENSDARG00000062346;ENSDARG00000045639;ENSDARG00000099708;ENSDARG00000101458;ENSDARG00000071375;ENSDARG00000100032;ENSDARG00000004150;ENSDARG00000030614;ENSDARG00000019945;ENSDARG00000004789;ENSDARG00000022971;ENSDARG00000003994;ENSDARG00000109358;ENSDARG00000061647;ENSDARG00000052648;ENSDARG00000111837;ENSDARG00000039181;ENSDARG00000086214;ENSDARG00000014302;ENSDARG00000059340;ENSDARG00000061454;ENSDARG00000098057;ENSDARG00000074781;ENSDARG00000078078;ENSDARG00000063568;ENSDARG00000039497;ENSDARG00000032799;ENSDARG00000077710;ENSDARG00000052765;ENSDARG00000090727;ENSDARG00000075597;ENSDARG00000002131;ENSDARG00000088227;ENSDARG00000014053;ENSDARG00000040156;ENSDARG00000068989;ENSDARG00000062305;ENSDARG00000062510;ENSDARG00000067507;ENSDARG00000077228;ENSDARG00000069469;ENSDARG00000013647;ENSDARG00000078302;ENSDARG00000071230;ENSDARG00000068323;ENSDARG00000099034,ENSDARG00000117474;ENSDARG00000031782;ENSDARG00000102364;ENSDARG00000015495;ENSDARG00000069476;ENSDARG00000068947;ENSDARG00000000796;ENSDARG00000042824;ENSDARG00000059719;ENSDARG00000055307;ENSDARG00000076673;ENSDARG00000003216;ENSDARG00000015793;ENSDARG00000012341;ENSDARG00000060682;ENSDARG00000068760;ENSDARG00000051861;ENSDARG00000061764;ENSDARG00000014577;ENSDARG00000019360;ENSDARG00000074749;ENSDARG00000034677;ENSDARG00000103747;ENSDARG00000004451;ENSDARG00000043130;ENSDARG00000058693;ENSDARG00000008697;ENSDARG00000041394;ENSDARG00000055751;ENSDARG00000054060;ENSDARG00000021787;ENSDARG00000101043;ENSDARG00000061242;ENSDARG00000006060;ENSDARG00000019949;ENSDARG00000020759;ENSDARG00000077726;ENSDARG00000040432;ENSDARG00000013804;ENSDARG00000002634;ENSDARG00000103917;ENSDARG00000062590;ENSDARG00000019808;ENSDARG00000086881;ENSDARG00000055514;ENSDARG00000103459;ENSDARG00000111240;ENSDARG00000053684;ENSDARG00000021372;ENSDARG00000104773,ENSDARG00000057000;ENSDARG00000076508;ENSDARG00000090035;ENSDARG00000038655;ENSDARG00000062346;ENSDARG00000045639;ENSDARG00000099708;ENSDARG00000101458;ENSDARG00000071375;ENSDARG00000100032;ENSDARG00000004150;ENSDARG00000030614;ENSDARG00000019945;ENSDARG00000004789;ENSDARG00000022971;ENSDARG00000003994;ENSDARG00000109358;ENSDARG00000061647;ENSDARG00000052648;ENSDARG00000111837;ENSDARG00000039181;ENSDARG00000086214;ENSDARG00000014302;ENSDARG00000059340;ENSDARG00000061454;ENSDARG00000098057;ENSDARG00000074781;ENSDARG00000078078;ENSDARG00000063568;ENSDARG00000039497;ENSDARG00000032799;ENSDARG00000077710;ENSDARG00000052765;ENSDARG00000090727;ENSDARG00000075597;ENSDARG00000002131;ENSDARG00000088227;ENSDARG00000014053;ENSDARG00000040156;ENSDARG00000068989;ENSDARG00000062305;ENSDARG00000062510;ENSDARG00000067507;ENSDARG00000077228;ENSDARG00000069469;ENSDARG00000013647;ENSDARG00000078302;ENSDARG00000071230;ENSDARG00000068323;ENSDARG00000099034
C067,1632,1632,wasa;dtd1;shld2;smim26;krt4;wdr93;cyt1l;muc13a;slc35f3a;cyt1;tcnbb;dis3l;chs3;gdpd2;glipr1a;slain1a;mgat3a;stx17;fut9d;krt5;mttp;evpla;lrrc74b;abca12;omc2;ppl;cnga2b;krt1-19e;aep1;cast;nos1;cav1;dgkzb;znf185;abch1;krtcap2;hdlbpa;cd99;crybg1b;anxa1c;agr1;tmem88b;cldne;slc5a8;cxcl14;apold1b;adgrg2a;ttc13;abcb5;nos2b,itga5;cacna1g;jph1b;schip1;itgb4;rbm24a;csrnp3;cspg4;clmpa;mef2ca;fbn3;bnc2;kif26ba;arvcfb;cd81a;dgkh;sgcd;arhgef25a;bcam;loxl3b;col16a1;serpinh1b;nol4lb;znf385a;ablim2;lrp1ab;postnb;plpp3;sh3pxd2aa;igdcc4;tln1;myo1b;tcf12;sema4c;plxnb1a;igdcc3;fat1a;tns1b;nrg3b;dchs1b;fndc3ba;pard3bb;septin12;elavl4;fam107b;fstl1b;lama5;pcsk5b;bcar1;tncb,cyt1l;krt4;evpla;ppl;cyt1;znf185;anxa1c;evplb;capn9;cldne;abca12;icn2;pkhd1l1.1;agr1;krt5;litafd;a2m1;nos1;abcb5;cast;krt17;icn;aep1;omc2;cldn23.1;s100w;duox;cyp2y3;il17rc;dhrs13a.2;ftr86;gvin1l2;selenow2b;fbxo2;prkchb;aldob;arap1a;anxa2a;elovl7b;stard14;tspo;gjb8;bicdl2l;anxa1a;anxa1b;scel;elovl7a;pcdh20l;stx11b.1;ftr83,799.5,449.1,12.62,ENSDARG00000015149;ENSDARG00000044628;ENSDARG00000038686;ENSDARG00000096346;ENSDARG00000017624;ENSDARG00000087191;ENSDARG00000036832;ENSDARG00000069559;ENSDARG00000075909;ENSDARG00000092947;ENSDARG00000091996;ENSDARG00000053200;ENSDARG00000068947;ENSDARG00000073870;ENSDARG00000045224;ENSDARG00000019185;ENSDARG00000038069;ENSDARG00000006869;ENSDARG00000028098;ENSDARG00000058371;ENSDARG00000008637;ENSDARG00000019808;ENSDARG00000098365;ENSDARG00000074749;ENSDARG00000117474;ENSDARG00000101043;ENSDARG00000100436;ENSDARG00000090268;ENSDARG00000039099;ENSDARG00000058693;ENSDARG00000068910;ENSDARG00000103747;ENSDARG00000076025;ENSDARG00000103917;ENSDARG00000071341;ENSDARG00000070386;ENSDARG00000009830;ENSDARG00000051975;ENSDARG00000006060;ENSDARG00000104359;ENSDARG00000060682;ENSDARG00000069388;ENSDARG00000043128;ENSDARG00000087120;ENSDARG00000056627;ENSDARG00000068030;ENSDARG00000088137;ENSDARG00000063242;ENSDARG00000021787;ENSDARG00000031976,ENSDARG00000006353;ENSDARG00000089913;ENSDARG00000038826;ENSDARG00000035175;ENSDARG00000028507;ENSDARG00000102995;ENSDARG00000079741;ENSDARG00000078227;ENSDARG00000116937;ENSDARG00000029764;ENSDARG00000098237;ENSDARG00000069989;ENSDARG00000013343;ENSDARG00000061688;ENSDARG00000036080;ENSDARG00000018716;ENSDARG00000098573;ENSDARG00000100606;ENSDARG00000090190;ENSDARG00000039563;ENSDARG00000009194;ENSDARG00000019949;ENSDARG00000037607;ENSDARG00000009899;ENSDARG00000055223;ENSDARG00000029146;ENSDARG00000104267;ENSDARG00000059933;ENSDARG00000060148;ENSDARG00000076919;ENSDARG00000100729;ENSDARG00000024694;ENSDARG00000004714;ENSDARG00000079611;ENSDARG00000075821;ENSDARG00000075158;ENSDARG00000017591;ENSDARG00000020845;ENSDARG00000089766;ENSDARG00000079850;ENSDARG00000078179;ENSDARG00000034555;ENSDARG00000019191;ENSDARG00000045639;ENSDARG00000026865;ENSDARG00000039576;ENSDARG00000058543;ENSDARG00000060518;ENSDARG00000056525;ENSDARG00000021948,ENSDARG00000036832;ENSDARG00000017624;ENSDARG00000019808;ENSDARG00000101043;ENSDARG00000092947;ENSDARG00000103917;ENSDARG00000104359;ENSDARG00000103459;ENSDARG00000012341;ENSDARG00000043128;ENSDARG00000074749;ENSDARG00000055514;ENSDARG00000091116;ENSDARG00000060682;ENSDARG00000058371;ENSDARG00000087093;ENSDARG00000104200;ENSDARG00000068910;ENSDARG00000021787;ENSDARG00000058693;ENSDARG00000094041;ENSDARG00000009978;ENSDARG00000039099;ENSDARG00000117474;ENSDARG00000028096;ENSDARG00000101181;ENSDARG00000062632;ENSDARG00000101423;ENSDARG00000099902;ENSDARG00000111240;ENSDARG00000076839;ENSDARG00000102364;ENSDARG00000089936;ENSDARG00000099306;ENSDARG00000043243;ENSDARG00000053684;ENSDARG00000062221;ENSDARG00000003216;ENSDARG00000100185;ENSDARG00000031929;ENSDARG00000026655;ENSDARG00000042707;ENSDARG00000091669;ENSDARG00000026726;ENSDARG00000100095;ENSDARG00000034677;ENSDARG00000069279;ENSDARG00000101910;ENSDARG00000029290;ENSDARG00000025403
C068,647,647,npas1;crb1;pax3a;rfx4;plp1a;ndst3;notch1b;qkib;dacha;dtx4a;gpm6bb;ptprz1b;ncam1a;nova2;nfia;msi1b;ptprz1a;sema5ba;adgrv1;npas3;efcc1;znf536;notch3;ank1a;adgrb3;tenm4;foxo6b;pcdh19;chl1b;ago1;plch1;crb2a;brsk2b;phf21b;celsr1b;lhfpl6;arhgef10la;samd5;kirrel2;efnb3b;zbtb20;ctnnd2b;lrp2a;notch1a;arvcfb;zeb2a;ldlrad4a;ncam1b;cdh2;pax7a,evplb;b4galt1;crybg1b;fbxo2;nfe2l2a;eppk1;omc2;anxa1a;fut9d;pnp5a;cldnb;cd99;piezo1;dnajb1b;dhrs13a.2;cfl1l;znf185;litafd;klf4;anxa1c;pkp3a;nos1;rhpn2;ahnak;ubb;spaca4l;dspa;lmo7a;selenow1;sik1;pard6a;cav1;anxa2a;foxo1b;fam169aa;cdh1;evpla;icn;ppl;pof1b;nr4a3;abca12;ckap4;aep1;ezrb;hdlbpa;tob1b;etnk1;icn2;cast,npas1;crb1;pax3a;rfx4;plp1a;ndst3;notch1b;qkib;dacha;dtx4a;gpm6bb;ptprz1b;ncam1a;nova2;nfia;msi1b;ptprz1a;sema5ba;adgrv1;npas3;efcc1;znf536;notch3;ank1a;adgrb3;tenm4;foxo6b;pcdh19;chl1b;ago1;plch1;crb2a;brsk2b;phf21b;celsr1b;lhfpl6;arhgef10la;samd5;kirrel2;efnb3b;zbtb20;ctnnd2b;lrp2a;notch1a;arvcfb;zeb2a;ldlrad4a;ncam1b;cdh2;pax7a,296.1,234.3,1.71,ENSDARG00000015876;ENSDARG00000100506;ENSDARG00000010192;ENSDARG00000026395;ENSDARG00000103732;ENSDARG00000041776;ENSDARG00000052094;ENSDARG00000002026;ENSDARG00000010132;ENSDARG00000076302;ENSDARG00000001676;ENSDARG00000020871;ENSDARG00000056181;ENSDARG00000017673;ENSDARG00000062420;ENSDARG00000010710;ENSDARG00000051814;ENSDARG00000061471;ENSDARG00000021137;ENSDARG00000109820;ENSDARG00000077826;ENSDARG00000103648;ENSDARG00000052139;ENSDARG00000059093;ENSDARG00000059832;ENSDARG00000105088;ENSDARG00000024619;ENSDARG00000034344;ENSDARG00000103109;ENSDARG00000092644;ENSDARG00000079253;ENSDARG00000060106;ENSDARG00000077791;ENSDARG00000109502;ENSDARG00000058259;ENSDARG00000004363;ENSDARG00000088630;ENSDARG00000110032;ENSDARG00000104665;ENSDARG00000042277;ENSDARG00000005586;ENSDARG00000003779;ENSDARG00000102506;ENSDARG00000103554;ENSDARG00000061688;ENSDARG00000062338;ENSDARG00000070555;ENSDARG00000007220;ENSDARG00000018693;ENSDARG00000100398,ENSDARG00000103459;ENSDARG00000002634;ENSDARG00000006060;ENSDARG00000099306;ENSDARG00000042824;ENSDARG00000096359;ENSDARG00000117474;ENSDARG00000026726;ENSDARG00000028098;ENSDARG00000078619;ENSDARG00000009544;ENSDARG00000051975;ENSDARG00000076870;ENSDARG00000041394;ENSDARG00000111240;ENSDARG00000012972;ENSDARG00000103917;ENSDARG00000087093;ENSDARG00000079922;ENSDARG00000104359;ENSDARG00000051861;ENSDARG00000068910;ENSDARG00000014577;ENSDARG00000061764;ENSDARG00000093313;ENSDARG00000116617;ENSDARG00000022309;ENSDARG00000004930;ENSDARG00000035136;ENSDARG00000058606;ENSDARG00000069378;ENSDARG00000103747;ENSDARG00000003216;ENSDARG00000061549;ENSDARG00000059719;ENSDARG00000102750;ENSDARG00000019808;ENSDARG00000009978;ENSDARG00000101043;ENSDARG00000054060;ENSDARG00000055854;ENSDARG00000074749;ENSDARG00000032405;ENSDARG00000039099;ENSDARG00000025091;ENSDARG00000009830;ENSDARG00000021372;ENSDARG00000019420;ENSDARG00000055514;ENSDARG00000058693,ENSDARG00000015876;ENSDARG00000100506;ENSDARG00000010192;ENSDARG00000026395;ENSDARG00000103732;ENSDARG00000041776;ENSDARG00000052094;ENSDARG00000002026;ENSDARG00000010132;ENSDARG00000076302;ENSDARG00000001676;ENSDARG00000020871;ENSDARG00000056181;ENSDARG00000017673;ENSDARG00000062420;ENSDARG00000010710;ENSDARG00000051814;ENSDARG00000061471;ENSDARG00000021137;ENSDARG00000109820;ENSDARG00000077826;ENSDARG00000103648;ENSDARG00000052139;ENSDARG00000059093;ENSDARG00000059832;ENSDARG00000105088;ENSDARG00000024619;ENSDARG00000034344;ENSDARG00000103109;ENSDARG00000092644;ENSDARG00000079253;ENSDARG00000060106;ENSDARG00000077791;ENSDARG00000109502;ENSDARG00000058259;ENSDARG00000004363;ENSDARG00000088630;ENSDARG00000110032;ENSDARG00000104665;ENSDARG00000042277;ENSDARG00000005586;ENSDARG00000003779;ENSDARG00000102506;ENSDARG00000103554;ENSDARG00000061688;ENSDARG00000062338;ENSDARG00000070555;ENSDARG00000007220;ENSDARG00000018693;ENSDARG00000100398
C069,260,260,mpx;npsn;lyz;il6r;ptprc;unc13d;ncf1;srgn;ccdc88b;slc7a11;il1b;mmp13a.1;kcnq5b;myh11a;antxr2a;mmp9;tcerg1l;pde10a;rasa2;arhgap4b;dub;adam19b;runx3;tox2;dnmt3bb.1;cbfb;angpt1;mbnl1;fli1;rftn1b;chst13;taok3a;nol4la;vav3a;zfpm1;crfb4;atp13a3;cmip;samd11;lrrfip1a;slco3a1a;gnai2a;st3gal3a;elf1;pde7a;acsl4b;asap1b;osbpl3b;hk2;runx1t1,evplb;spaca4l;evpla;lmo7a;znf185;aep1;tob1b;abca12;anxa1c;cldne;fosab;pleca;yap1;crybg1b;cast;tead3b;bcar1;ppl;pkp3a;krt1-19e;fgfr2;cdh1;agr1;plekha6;hdlbpa;ank3a;pcdh7b;fosb;ctnna1;cd99;sox6;cyt1;neo1a;krt5;jupa;perp;cyt1l;ahnak;plecb;agrn;pcdh1b;ptprfb;pard3bb;btg2;ank2b;pls3;krt4;plxna1a;sema6cb;afdna,acod1;slc2a6;olfm4l2;plek;gja13.2;adgrg3;ncf1;mpx;csf3a;il1b;lyz;ptprc;lcp1;fyb1b;spi1b;cd83;samsn1a;slc7a11;il6r;fxyd5;unc13d;gsdmea;pik3r5;hck;ncf4;oscp1;ccdc88b;gpr84;slc7a7;vsir;slc2a3b;clic2;prkcq;myo1g;mmp13a.1;rhogb;kcnq5b;rasa2;myh11a;antxr2a;sgpp1b;slc30a1a;vav3a;pde10a;slc25a37;zc3h12ab;chst13;pkma;gnai2a;lmx1al,361.4,276.5,3.21,ENSDARG00000019521;ENSDARG00000010423;ENSDARG00000057789;ENSDARG00000104474;ENSDARG00000071437;ENSDARG00000078249;ENSDARG00000033735;ENSDARG00000077069;ENSDARG00000076189;ENSDARG00000071384;ENSDARG00000098700;ENSDARG00000114451;ENSDARG00000069953;ENSDARG00000009782;ENSDARG00000104118;ENSDARG00000042816;ENSDARG00000109963;ENSDARG00000003449;ENSDARG00000078775;ENSDARG00000015003;ENSDARG00000059774;ENSDARG00000067545;ENSDARG00000052826;ENSDARG00000100055;ENSDARG00000036791;ENSDARG00000040917;ENSDARG00000030364;ENSDARG00000052978;ENSDARG00000054632;ENSDARG00000098654;ENSDARG00000004018;ENSDARG00000060751;ENSDARG00000074902;ENSDARG00000057107;ENSDARG00000041572;ENSDARG00000068711;ENSDARG00000076622;ENSDARG00000062933;ENSDARG00000077852;ENSDARG00000030012;ENSDARG00000018726;ENSDARG00000018174;ENSDARG00000015374;ENSDARG00000020759;ENSDARG00000045305;ENSDARG00000010752;ENSDARG00000039729;ENSDARG00000040482;ENSDARG00000101482;ENSDARG00000003680,ENSDARG00000103459;ENSDARG00000116617;ENSDARG00000019808;ENSDARG00000004930;ENSDARG00000103917;ENSDARG00000039099;ENSDARG00000021372;ENSDARG00000074749;ENSDARG00000104359;ENSDARG00000043128;ENSDARG00000031683;ENSDARG00000062590;ENSDARG00000068401;ENSDARG00000006060;ENSDARG00000058693;ENSDARG00000063649;ENSDARG00000056525;ENSDARG00000101043;ENSDARG00000051861;ENSDARG00000090268;ENSDARG00000058115;ENSDARG00000102750;ENSDARG00000060682;ENSDARG00000020328;ENSDARG00000009830;ENSDARG00000061736;ENSDARG00000060610;ENSDARG00000055751;ENSDARG00000102441;ENSDARG00000051975;ENSDARG00000015536;ENSDARG00000092947;ENSDARG00000102855;ENSDARG00000058371;ENSDARG00000070787;ENSDARG00000063572;ENSDARG00000036832;ENSDARG00000061764;ENSDARG00000021987;ENSDARG00000079388;ENSDARG00000036175;ENSDARG00000005754;ENSDARG00000034555;ENSDARG00000020298;ENSDARG00000043313;ENSDARG00000037655;ENSDARG00000017624;ENSDARG00000105452;ENSDARG00000000189;ENSDARG00000029472,ENSDARG00000069844;ENSDARG00000058731;ENSDARG00000109648;ENSDARG00000104325;ENSDARG00000076789;ENSDARG00000074782;ENSDARG00000033735;ENSDARG00000019521;ENSDARG00000102211;ENSDARG00000098700;ENSDARG00000057789;ENSDARG00000071437;ENSDARG00000023188;ENSDARG00000044694;ENSDARG00000000767;ENSDARG00000079553;ENSDARG00000054543;ENSDARG00000071384;ENSDARG00000104474;ENSDARG00000089838;ENSDARG00000078249;ENSDARG00000086762;ENSDARG00000102762;ENSDARG00000058647;ENSDARG00000040812;ENSDARG00000101888;ENSDARG00000076189;ENSDARG00000077308;ENSDARG00000055226;ENSDARG00000068784;ENSDARG00000037861;ENSDARG00000010625;ENSDARG00000034173;ENSDARG00000036104;ENSDARG00000114451;ENSDARG00000004301;ENSDARG00000069953;ENSDARG00000078775;ENSDARG00000009782;ENSDARG00000104118;ENSDARG00000060534;ENSDARG00000005463;ENSDARG00000057107;ENSDARG00000003449;ENSDARG00000073743;ENSDARG00000101034;ENSDARG00000004018;ENSDARG00000099730;ENSDARG00000018174;ENSDARG00000077915
C070,806,806,lmx1bb;glis1b;pitx2;gbe1a;lmx1ba;emilin3b;lmx1al;lamc3;pitx3;pdgfrb;rcan2;kctd8;tafa3a;gli2a;arhgap36;chrm2a;clmpa;mkxa;dacha;eya2;zfhx4;gli3;col11a1b;mtnr1aa;fmoda;nid1b;sowah1;tnn;msi2a;col5a1;slc38a3a;gulp1b;ror1;ror2;cacna1g;dchs1a;adamts6;slc7a5;jag1b;pard3bb;nhsl2;pappab;slc29a1a;itga9;pdgfra;prex2;nrp2b;dachd;adgrl2a;ednraa,omc2;anxa1a;gsnb;tuft1a;fut9d;b4galt1;fam169aa;spint2;evplb;arhgdig;myh9a;icn2;gvin1l2;anxa2a;cldne;crybg1b;atp8b1;spint1a;agr1;cav1;aldob;cldnb;cd99;pkp3a;lmo7a;stard14;aep1;fbxo2;dhrs13a.2;ezrb;f11r.1;dsg2.1;abcb5;icn;ier2b;cd9b;znf185;abca12;epcam;spaca4l;klf4;evpla;ppl;erbb4b;myo5b;nos1;pnp5a;capn9;cdh1;epas1a,lmx1bb;glis1b;pitx2;gbe1a;lmx1ba;emilin3b;lmx1al;lamc3;pitx3;pdgfrb;rcan2;kctd8;tafa3a;gli2a;arhgap36;chrm2a;clmpa;mkxa;dacha;eya2;zfhx4;gli3;col11a1b;mtnr1aa;fmoda;nid1b;sowah1;tnn;msi2a;col5a1;slc38a3a;gulp1b;ror1;ror2;cacna1g;dchs1a;adamts6;slc7a5;jag1b;pard3bb;nhsl2;pappab;slc29a1a;itga9;pdgfra;prex2;nrp2b;dachd;adgrl2a;ednraa,383.9,291.2,2.06,ENSDARG00000068365;ENSDARG00000027933;ENSDARG00000036194;ENSDARG00000029051;ENSDARG00000104815;ENSDARG00000076299;ENSDARG00000077915;ENSDARG00000093572;ENSDARG00000070069;ENSDARG00000100897;ENSDARG00000021869;ENSDARG00000067507;ENSDARG00000079446;ENSDARG00000025641;ENSDARG00000059672;ENSDARG00000098612;ENSDARG00000116937;ENSDARG00000075450;ENSDARG00000010132;ENSDARG00000018984;ENSDARG00000075542;ENSDARG00000052131;ENSDARG00000009014;ENSDARG00000037545;ENSDARG00000044895;ENSDARG00000103129;ENSDARG00000088187;ENSDARG00000024829;ENSDARG00000033901;ENSDARG00000012593;ENSDARG00000027065;ENSDARG00000057833;ENSDARG00000015176;ENSDARG00000076227;ENSDARG00000089913;ENSDARG00000070025;ENSDARG00000041982;ENSDARG00000099265;ENSDARG00000013168;ENSDARG00000034555;ENSDARG00000089066;ENSDARG00000059858;ENSDARG00000101289;ENSDARG00000032435;ENSDARG00000070494;ENSDARG00000071692;ENSDARG00000038446;ENSDARG00000069440;ENSDARG00000069356;ENSDARG00000011876,ENSDARG00000117474;ENSDARG00000026726;ENSDARG00000045262;ENSDARG00000061242;ENSDARG00000028098;ENSDARG00000002634;ENSDARG00000059719;ENSDARG00000069476;ENSDARG00000103459;ENSDARG00000004034;ENSDARG00000063295;ENSDARG00000055514;ENSDARG00000102364;ENSDARG00000003216;ENSDARG00000043128;ENSDARG00000006060;ENSDARG00000060980;ENSDARG00000102332;ENSDARG00000060682;ENSDARG00000103747;ENSDARG00000053684;ENSDARG00000009544;ENSDARG00000051975;ENSDARG00000051861;ENSDARG00000004930;ENSDARG00000031929;ENSDARG00000039099;ENSDARG00000099306;ENSDARG00000111240;ENSDARG00000025091;ENSDARG00000017320;ENSDARG00000076945;ENSDARG00000021787;ENSDARG00000009978;ENSDARG00000086881;ENSDARG00000016691;ENSDARG00000103917;ENSDARG00000074749;ENSDARG00000040534;ENSDARG00000116617;ENSDARG00000079922;ENSDARG00000019808;ENSDARG00000101043;ENSDARG00000089536;ENSDARG00000062003;ENSDARG00000068910;ENSDARG00000078619;ENSDARG00000012341;ENSDARG00000102750;ENSDARG00000008697,ENSDARG00000068365;ENSDARG00000027933;ENSDARG00000036194;ENSDARG00000029051;ENSDARG00000104815;ENSDARG00000076299;ENSDARG00000077915;ENSDARG00000093572;ENSDARG00000070069;ENSDARG00000100897;ENSDARG00000021869;ENSDARG00000067507;ENSDARG00000079446;ENSDARG00000025641;ENSDARG00000059672;ENSDARG00000098612;ENSDARG00000116937;ENSDARG00000075450;ENSDARG00000010132;ENSDARG00000018984;ENSDARG00000075542;ENSDARG00000052131;ENSDARG00000009014;ENSDARG00000037545;ENSDARG00000044895;ENSDARG00000103129;ENSDARG00000088187;ENSDARG00000024829;ENSDARG00000033901;ENSDARG00000012593;ENSDARG00000027065;ENSDARG00000057833;ENSDARG00000015176;ENSDARG00000076227;ENSDARG00000089913;ENSDARG00000070025;ENSDARG00000041982;ENSDARG00000099265;ENSDARG00000013168;ENSDARG00000034555;ENSDARG00000089066;ENSDARG00000059858;ENSDARG00000101289;ENSDARG00000032435;ENSDARG00000070494;ENSDARG00000071692;ENSDARG00000038446;ENSDARG00000069440;ENSDARG00000069356;ENSDARG00000011876
C071,1336,1336,prr11;cenpf;numa1;mki67;ccnb1;mastl;plk1;nusap1;tpx2;cdca3;sack1d;aspm;prc1b;cdk1;cep55l;kpna2;prc1a;kif11;tacc3;anln2;ckap5;top2a;g2e3;mtfr2;kmt5ab;sgo2;spdl1;aurkb;tuba5;kifc1;ska3;bub1bb;kif23;cenpe;armc1l;cdc20;krt4;mis18bp1;anln;hmgb2a;hmmr;incenp;smc2;knl1;tubb2b;ndc80;pbk;spag5;kif20bb;cdca8,pde10a;cspg4;nfatc1;col16a1;fam107b;fhl3a;sox5;cd81a;mtss2b;lima1a;pxna;kirrel1a;znf423;man1a2;fermt2;bcam;dgkh;nol4lb;galnt18b;slc20a2;itgb4;bcr;fat1a;schip1;fndc3ba;loxl3b;raraa;myo1b;iqsec1b;igdcc3;ehbp1;serpinh1b;itga5;sptb;sema5a;dachd;bnc2;elavl4;arhgap24;septin12;pard3bb;sgcd;tln1;glra4a;sema4c;runx1t1;grip1;boc;ldb3b;mef2ca,cyt1l;krt4;evpla;ppl;cyt1;znf185;anxa1c;evplb;capn9;cldne;abca12;icn2;pkhd1l1.1;agr1;krt5;litafd;a2m1;nos1;abcb5;cast;krt17;icn;aep1;omc2;cldn23.1;s100w;duox;cyp2y3;il17rc;dhrs13a.2;ftr86;gvin1l2;selenow2b;fbxo2;prkchb;aldob;arap1a;anxa2a;elovl7b;stard14;tspo;gjb8;bicdl2l;anxa1a;anxa1b;scel;elovl7a;pcdh20l;stx11b.1;ftr83,1048.5,584.2,13.46,ENSDARG00000087393;ENSDARG00000055133;ENSDARG00000102483;ENSDARG00000091150;ENSDARG00000051923;ENSDARG00000055566;ENSDARG00000058471;ENSDARG00000002403;ENSDARG00000078654;ENSDARG00000070656;ENSDARG00000077883;ENSDARG00000103754;ENSDARG00000005993;ENSDARG00000087554;ENSDARG00000102349;ENSDARG00000038066;ENSDARG00000100918;ENSDARG00000010948;ENSDARG00000005454;ENSDARG00000088130;ENSDARG00000102674;ENSDARG00000024488;ENSDARG00000001313;ENSDARG00000060394;ENSDARG00000104114;ENSDARG00000092651;ENSDARG00000103996;ENSDARG00000037640;ENSDARG00000042708;ENSDARG00000001558;ENSDARG00000069917;ENSDARG00000074927;ENSDARG00000014943;ENSDARG00000063385;ENSDARG00000020887;ENSDARG00000100741;ENSDARG00000017624;ENSDARG00000042563;ENSDARG00000060917;ENSDARG00000029722;ENSDARG00000021794;ENSDARG00000099194;ENSDARG00000017744;ENSDARG00000070239;ENSDARG00000098591;ENSDARG00000071694;ENSDARG00000007221;ENSDARG00000096554;ENSDARG00000040110;ENSDARG00000043137,ENSDARG00000003449;ENSDARG00000078227;ENSDARG00000036168;ENSDARG00000009194;ENSDARG00000026865;ENSDARG00000034643;ENSDARG00000011582;ENSDARG00000036080;ENSDARG00000087260;ENSDARG00000101441;ENSDARG00000088590;ENSDARG00000001634;ENSDARG00000059707;ENSDARG00000041728;ENSDARG00000020242;ENSDARG00000090190;ENSDARG00000018716;ENSDARG00000037607;ENSDARG00000059438;ENSDARG00000060796;ENSDARG00000028507;ENSDARG00000079286;ENSDARG00000017591;ENSDARG00000035175;ENSDARG00000078179;ENSDARG00000039563;ENSDARG00000056783;ENSDARG00000024694;ENSDARG00000016551;ENSDARG00000075158;ENSDARG00000043643;ENSDARG00000019949;ENSDARG00000006353;ENSDARG00000030490;ENSDARG00000058821;ENSDARG00000069440;ENSDARG00000069989;ENSDARG00000045639;ENSDARG00000100973;ENSDARG00000019191;ENSDARG00000034555;ENSDARG00000098573;ENSDARG00000100729;ENSDARG00000006865;ENSDARG00000079611;ENSDARG00000003680;ENSDARG00000015053;ENSDARG00000074335;ENSDARG00000099974;ENSDARG00000029764,ENSDARG00000036832;ENSDARG00000017624;ENSDARG00000019808;ENSDARG00000101043;ENSDARG00000092947;ENSDARG00000103917;ENSDARG00000104359;ENSDARG00000103459;ENSDARG00000012341;ENSDARG00000043128;ENSDARG00000074749;ENSDARG00000055514;ENSDARG00000091116;ENSDARG00000060682;ENSDARG00000058371;ENSDARG00000087093;ENSDARG00000104200;ENSDARG00000068910;ENSDARG00000021787;ENSDARG00000058693;ENSDARG00000094041;ENSDARG00000009978;ENSDARG00000039099;ENSDARG00000117474;ENSDARG00000028096;ENSDARG00000101181;ENSDARG00000062632;ENSDARG00000101423;ENSDARG00000099902;ENSDARG00000111240;ENSDARG00000076839;ENSDARG00000102364;ENSDARG00000089936;ENSDARG00000099306;ENSDARG00000043243;ENSDARG00000053684;ENSDARG00000062221;ENSDARG00000003216;ENSDARG00000100185;ENSDARG00000031929;ENSDARG00000026655;ENSDARG00000042707;ENSDARG00000091669;ENSDARG00000026726;ENSDARG00000100095;ENSDARG00000034677;ENSDARG00000069279;ENSDARG00000101910;ENSDARG00000029290;ENSDARG00000025403
C072,58,58,rpe65a;tm6sf2b;msnb;stra6;oca2;rdh5;rlbp1b;rgra;pmelb;mb;trpm1b;stm;slc6a6a;tyrp1b;slc38a3a;pcdh15a;prdm16-2;slc24a4a;vav3b;kcnq4;dhrsx;ttyh2l;col4a3;st3gal3b;lrp2a;ppp1r9a;col4a4;pmela;nbeaa;myripb;espn;lrmda;fmnl2a;thbs1b;col4a6;col18a1a;hycc1;dchs1a;igsf9ba;slc15a4;uvrag;syne1b;rbm47;rab6ba;lrp1aa;col4a5;igsf21a;cobll1b;fbn3;vat1,ahnak;krt4;pleca,rpe65a;tm6sf2b;msnb;stra6;oca2;rdh5;rlbp1b;rgra;pmelb;mb;trpm1b;stm;slc6a6a;tyrp1b;slc38a3a;pcdh15a;prdm16-2;slc24a4a;vav3b;kcnq4;dhrsx;ttyh2l;col4a3;st3gal3b;lrp2a;ppp1r9a;col4a4;pmela;nbeaa;myripb;espn;lrmda;fmnl2a;thbs1b;col4a6;col18a1a;hycc1;dchs1a;igsf9ba;slc15a4;uvrag;syne1b;rbm47;rab6ba;lrp1aa;col4a5;igsf21a;cobll1b;fbn3;vat1,490.2,355.6,1.8,ENSDARG00000007480;ENSDARG00000029057;ENSDARG00000028740;ENSDARG00000051874;ENSDARG00000061303;ENSDARG00000008306;ENSDARG00000045808;ENSDARG00000054890;ENSDARG00000033760;ENSDARG00000031952;ENSDARG00000103476;ENSDARG00000035694;ENSDARG00000012534;ENSDARG00000056151;ENSDARG00000027065;ENSDARG00000098257;ENSDARG00000092738;ENSDARG00000015425;ENSDARG00000075962;ENSDARG00000089490;ENSDARG00000079280;ENSDARG00000010727;ENSDARG00000003395;ENSDARG00000015252;ENSDARG00000102506;ENSDARG00000061304;ENSDARG00000002831;ENSDARG00000091298;ENSDARG00000070080;ENSDARG00000038814;ENSDARG00000076414;ENSDARG00000057166;ENSDARG00000012586;ENSDARG00000010785;ENSDARG00000052061;ENSDARG00000036558;ENSDARG00000026762;ENSDARG00000070025;ENSDARG00000033845;ENSDARG00000102612;ENSDARG00000023815;ENSDARG00000063068;ENSDARG00000061985;ENSDARG00000034522;ENSDARG00000097827;ENSDARG00000052063;ENSDARG00000031049;ENSDARG00000102829;ENSDARG00000098237;ENSDARG00000056481,ENSDARG00000061764;ENSDARG00000017624;ENSDARG00000062590,ENSDARG00000007480;ENSDARG00000029057;ENSDARG00000028740;ENSDARG00000051874;ENSDARG00000061303;ENSDARG00000008306;ENSDARG00000045808;ENSDARG00000054890;ENSDARG00000033760;ENSDARG00000031952;ENSDARG00000103476;ENSDARG00000035694;ENSDARG00000012534;ENSDARG00000056151;ENSDARG00000027065;ENSDARG00000098257;ENSDARG00000092738;ENSDARG00000015425;ENSDARG00000075962;ENSDARG00000089490;ENSDARG00000079280;ENSDARG00000010727;ENSDARG00000003395;ENSDARG00000015252;ENSDARG00000102506;ENSDARG00000061304;ENSDARG00000002831;ENSDARG00000091298;ENSDARG00000070080;ENSDARG00000038814;ENSDARG00000076414;ENSDARG00000057166;ENSDARG00000012586;ENSDARG00000010785;ENSDARG00000052061;ENSDARG00000036558;ENSDARG00000026762;ENSDARG00000070025;ENSDARG00000033845;ENSDARG00000102612;ENSDARG00000023815;ENSDARG00000063068;ENSDARG00000061985;ENSDARG00000034522;ENSDARG00000097827;ENSDARG00000052063;ENSDARG00000031049;ENSDARG00000102829;ENSDARG00000098237;ENSDARG00000056481
C073,78,78,muc13a;numa1;mki67;tpx2;cenpf;fut9d;aspm;manf;pdia4;tuba5;gmds;dlgap5;kremen1;top2a;anln2;cenpe;ckap5;hspa5;tram1;nbeal2;tcnbb;kdelr2a;tubb2b;calr3b;calr3a;pdia3;agpat4;hpse2;tent5ba;gnpnat1;krt4;xbp1;tm9sf5;myo5b;cldnb;diaph3;hmgn1a;hyou1;tmed10;bicdl2;macc1;tmed9;sec61a1a;syne2a;evpla;adgrg2a;gfpt2;hsp90b1;pdia6;cdc14b,foxp4;ttn.2,cyt1l;krt4;evpla;ppl;cyt1;znf185;anxa1c;evplb;capn9;cldne;abca12;icn2;pkhd1l1.1;agr1;krt5;litafd;a2m1;nos1;abcb5;cast;krt17;icn;aep1;omc2;cldn23.1;s100w;duox;cyp2y3;il17rc;dhrs13a.2;ftr86;gvin1l2;selenow2b;fbxo2;prkchb;aldob;arap1a;anxa2a;elovl7b;stard14;tspo;gjb8;bicdl2l;anxa1a;anxa1b;scel;elovl7a;pcdh20l;stx11b.1;ftr83,1046.5,597.8,14.26,ENSDARG00000069559;ENSDARG00000102483;ENSDARG00000091150;ENSDARG00000078654;ENSDARG00000055133;ENSDARG00000028098;ENSDARG00000103754;ENSDARG00000063177;ENSDARG00000018491;ENSDARG00000042708;ENSDARG00000026629;ENSDARG00000045167;ENSDARG00000062579;ENSDARG00000024488;ENSDARG00000088130;ENSDARG00000063385;ENSDARG00000102674;ENSDARG00000103846;ENSDARG00000019137;ENSDARG00000098641;ENSDARG00000091996;ENSDARG00000005254;ENSDARG00000098591;ENSDARG00000102808;ENSDARG00000103979;ENSDARG00000102640;ENSDARG00000069044;ENSDARG00000078163;ENSDARG00000039943;ENSDARG00000039892;ENSDARG00000017624;ENSDARG00000035622;ENSDARG00000034943;ENSDARG00000062003;ENSDARG00000009544;ENSDARG00000090785;ENSDARG00000097102;ENSDARG00000013670;ENSDARG00000041391;ENSDARG00000052427;ENSDARG00000040717;ENSDARG00000004261;ENSDARG00000021669;ENSDARG00000030107;ENSDARG00000019808;ENSDARG00000088137;ENSDARG00000044094;ENSDARG00000003570;ENSDARG00000009001;ENSDARG00000021483,ENSDARG00000076120;ENSDARG00000028213,ENSDARG00000036832;ENSDARG00000017624;ENSDARG00000019808;ENSDARG00000101043;ENSDARG00000092947;ENSDARG00000103917;ENSDARG00000104359;ENSDARG00000103459;ENSDARG00000012341;ENSDARG00000043128;ENSDARG00000074749;ENSDARG00000055514;ENSDARG00000091116;ENSDARG00000060682;ENSDARG00000058371;ENSDARG00000087093;ENSDARG00000104200;ENSDARG00000068910;ENSDARG00000021787;ENSDARG00000058693;ENSDARG00000094041;ENSDARG00000009978;ENSDARG00000039099;ENSDARG00000117474;ENSDARG00000028096;ENSDARG00000101181;ENSDARG00000062632;ENSDARG00000101423;ENSDARG00000099902;ENSDARG00000111240;ENSDARG00000076839;ENSDARG00000102364;ENSDARG00000089936;ENSDARG00000099306;ENSDARG00000043243;ENSDARG00000053684;ENSDARG00000062221;ENSDARG00000003216;ENSDARG00000100185;ENSDARG00000031929;ENSDARG00000026655;ENSDARG00000042707;ENSDARG00000091669;ENSDARG00000026726;ENSDARG00000100095;ENSDARG00000034677;ENSDARG00000069279;ENSDARG00000101910;ENSDARG00000029290;ENSDARG00000025403
C074,123,123,trpv6;igfbp5a;slc8a1b;atp1b1b;s100a11;apbb2a;pappaa;rap1gapb;fxyd11;pcdh17;linc-mir30e-2;pde4ca;ankhb;rabgap1l;kcnq4;fam13a;iqsec2a;dscaml1;syt7a;ppargc1a;adcy6b;igf1rb;znf385b;dscama;pard3ba;slc4a4a;eya2;sgip1a;nedd4a;rapgef5b;kidins220a;nedd4l;rasa2;xpr1b;myzap;ppargc1b;etnk1;atp1a1a.1;fa2h;traf4a;hs6st1a;frmd4ba;aopep;tiparp;iqsec1b;igsf3;efnb3b;msi2b;pcdh1b;elf1,gse1b;foxp4;ahnak;plecb;cyt1;hdlbpa;pleca,atp1b1b;fxyd11;atp1a1a.2;muc5.2;muc5.1;clcn2c;slc12a10.2;slc12a10.3;rgs5b;trpv6;cldn3c;nipal4;atp1a1a.3;ndrg1a;cckbra;linc-mir30e-2;sstr5;hepacam2;ppp1r12b;prlra;capn8;fer1l6;prlrb;cers3a;adgrf8;prom2;ppargc1a;mavs;dusp2;tspan34b;arhgef38;ndrg3a;fa2h;adcy6b;grhl1;tmx2b;rbm47;itpr3;map3k5;fxyd3;elovl1b;eps8l2;slc4a4b;rasa2;ugt8;baiap2l1b;sh3gl2a;esrrga;anxa11a;nedd4a,372.6,252.9,7.06,ENSDARG00000014496;ENSDARG00000039264;ENSDARG00000043406;ENSDARG00000076833;ENSDARG00000093628;ENSDARG00000103290;ENSDARG00000101090;ENSDARG00000053272;ENSDARG00000099117;ENSDARG00000027041;ENSDARG00000102040;ENSDARG00000013221;ENSDARG00000014969;ENSDARG00000061757;ENSDARG00000089490;ENSDARG00000075564;ENSDARG00000102125;ENSDARG00000098057;ENSDARG00000063568;ENSDARG00000067829;ENSDARG00000027797;ENSDARG00000034434;ENSDARG00000006065;ENSDARG00000024865;ENSDARG00000092671;ENSDARG00000013730;ENSDARG00000018984;ENSDARG00000097897;ENSDARG00000099843;ENSDARG00000074307;ENSDARG00000031240;ENSDARG00000060006;ENSDARG00000078775;ENSDARG00000029671;ENSDARG00000075017;ENSDARG00000101569;ENSDARG00000019420;ENSDARG00000002791;ENSDARG00000090063;ENSDARG00000003963;ENSDARG00000054754;ENSDARG00000074599;ENSDARG00000068461;ENSDARG00000061841;ENSDARG00000016551;ENSDARG00000077002;ENSDARG00000042277;ENSDARG00000032614;ENSDARG00000036175;ENSDARG00000020759,ENSDARG00000062020;ENSDARG00000076120;ENSDARG00000061764;ENSDARG00000021987;ENSDARG00000092947;ENSDARG00000009830;ENSDARG00000062590,ENSDARG00000076833;ENSDARG00000099117;ENSDARG00000007739;ENSDARG00000058556;ENSDARG00000070331;ENSDARG00000060439;ENSDARG00000071173;ENSDARG00000055253;ENSDARG00000017860;ENSDARG00000014496;ENSDARG00000069503;ENSDARG00000059365;ENSDARG00000039131;ENSDARG00000032849;ENSDARG00000074117;ENSDARG00000102040;ENSDARG00000101655;ENSDARG00000061365;ENSDARG00000117155;ENSDARG00000016570;ENSDARG00000055715;ENSDARG00000019316;ENSDARG00000045955;ENSDARG00000078541;ENSDARG00000093316;ENSDARG00000039406;ENSDARG00000067829;ENSDARG00000069733;ENSDARG00000098108;ENSDARG00000025757;ENSDARG00000079377;ENSDARG00000013087;ENSDARG00000090063;ENSDARG00000027797;ENSDARG00000061391;ENSDARG00000007786;ENSDARG00000061985;ENSDARG00000061741;ENSDARG00000005416;ENSDARG00000099014;ENSDARG00000103735;ENSDARG00000058108;ENSDARG00000044808;ENSDARG00000078775;ENSDARG00000037455;ENSDARG00000031119;ENSDARG00000023600;ENSDARG00000004861;ENSDARG00000077383;ENSDARG00000099843
C075,17491,5000,krt4;cyt1l;cyt1;krt5;ppl;evpla;krt1-19e;aep1;znf185;omc2;anxa1c;cast;cldne;fbxo2;capn9;krt17;pnp5a;gvin1l2;tob1b;icn2;cst14b.1;abca12;evplb;agr1;actb2;cyp2y3;stard14;dhrs13a.2;icn;sec23b;bicdl2l;perp;gsnb;sox7;cav1;abcc6b.2;hdlbpa;litafd;tgm1l4;rhbg;pkp3a;klf4;hsd17b12a;anxa1a;cfl1l;ahnak;elovl7b;cd99;ip6k2a;tcima,trim69;col4a1;lama4;esama;npnta;itga1;klf12b;cald1a;itga5;itga8;serpinh1b;actc2;ephb1-1;ror2;itgb4;lzts1;trpm1b;msna;bnc2;sh3pxd2aa;prkd3;pxdn;tns2a;ppap2d;pdlim4;igf2bp2a;lgr6;cspg4;tshz3b;scarf2;scarb2a;ttyh3b;cacna1bb;dennd4a;fnbp1b-1;stard8;rgs3a;emid1;tpm4a;gpc6a;iqsec3a;kcnc3a;wnt5b;cacna1sb;sptb;fbn3;frmpd3;tgfbi;mtss2b;frem3,cyt1l;krt4;evpla;ppl;cyt1;znf185;anxa1c;evplb;capn9;cldne;abca12;icn2;pkhd1l1.1;agr1;krt5;litafd;a2m1;nos1;abcb5;cast;krt17;icn;aep1;omc2;cldn23.1;s100w;duox;cyp2y3;il17rc;dhrs13a.2;ftr86;gvin1l2;selenow2b;fbxo2;prkchb;aldob;arap1a;anxa2a;elovl7b;stard14;tspo;gjb8;bicdl2l;anxa1a;anxa1b;scel;elovl7a;pcdh20l;stx11b.1;ftr83,796.2,409.1,15.18,ENSDARG00000017624;ENSDARG00000036832;ENSDARG00000092947;ENSDARG00000058371;ENSDARG00000101043;ENSDARG00000019808;ENSDARG00000090268;ENSDARG00000039099;ENSDARG00000103917;ENSDARG00000117474;ENSDARG00000104359;ENSDARG00000058693;ENSDARG00000043128;ENSDARG00000099306;ENSDARG00000012341;ENSDARG00000094041;ENSDARG00000078619;ENSDARG00000102364;ENSDARG00000021372;ENSDARG00000055514;ENSDARG00000117133;ENSDARG00000074749;ENSDARG00000103459;ENSDARG00000060682;ENSDARG00000037870;ENSDARG00000101423;ENSDARG00000031929;ENSDARG00000111240;ENSDARG00000009978;ENSDARG00000019360;ENSDARG00000091669;ENSDARG00000063572;ENSDARG00000045262;ENSDARG00000030125;ENSDARG00000103747;ENSDARG00000094901;ENSDARG00000009830;ENSDARG00000087093;ENSDARG00000101407;ENSDARG00000009018;ENSDARG00000051861;ENSDARG00000079922;ENSDARG00000015709;ENSDARG00000026726;ENSDARG00000012972;ENSDARG00000061764;ENSDARG00000100185;ENSDARG00000051975;ENSDARG00000008310;ENSDARG00000079497,ENSDARG00000060688;ENSDARG00000055009;ENSDARG00000020785;ENSDARG00000077039;ENSDARG00000018721;ENSDARG00000074316;ENSDARG00000032197;ENSDARG00000070314;ENSDARG00000006353;ENSDARG00000078717;ENSDARG00000019949;ENSDARG00000057911;ENSDARG00000109215;ENSDARG00000076227;ENSDARG00000028507;ENSDARG00000075565;ENSDARG00000103476;ENSDARG00000058128;ENSDARG00000069989;ENSDARG00000060148;ENSDARG00000079967;ENSDARG00000098733;ENSDARG00000076292;ENSDARG00000069940;ENSDARG00000068973;ENSDARG00000003421;ENSDARG00000098308;ENSDARG00000078227;ENSDARG00000103361;ENSDARG00000114825;ENSDARG00000098312;ENSDARG00000007678;ENSDARG00000079295;ENSDARG00000062721;ENSDARG00000101028;ENSDARG00000014003;ENSDARG00000099746;ENSDARG00000076119;ENSDARG00000023963;ENSDARG00000103156;ENSDARG00000099850;ENSDARG00000055855;ENSDARG00000102464;ENSDARG00000042552;ENSDARG00000030490;ENSDARG00000098237;ENSDARG00000074865;ENSDARG00000071586;ENSDARG00000087260;ENSDARG00000074677,ENSDARG00000036832;ENSDARG00000017624;ENSDARG00000019808;ENSDARG00000101043;ENSDARG00000092947;ENSDARG00000103917;ENSDARG00000104359;ENSDARG00000103459;ENSDARG00000012341;ENSDARG00000043128;ENSDARG00000074749;ENSDARG00000055514;ENSDARG00000091116;ENSDARG00000060682;ENSDARG00000058371;ENSDARG00000087093;ENSDARG00000104200;ENSDARG00000068910;ENSDARG00000021787;ENSDARG00000058693;ENSDARG00000094041;ENSDARG00000009978;ENSDARG00000039099;ENSDARG00000117474;ENSDARG00000028096;ENSDARG00000101181;ENSDARG00000062632;ENSDARG00000101423;ENSDARG00000099902;ENSDARG00000111240;ENSDARG00000076839;ENSDARG00000102364;ENSDARG00000089936;ENSDARG00000099306;ENSDARG00000043243;ENSDARG00000053684;ENSDARG00000062221;ENSDARG00000003216;ENSDARG00000100185;ENSDARG00000031929;ENSDARG00000026655;ENSDARG00000042707;ENSDARG00000091669;ENSDARG00000026726;ENSDARG00000100095;ENSDARG00000034677;ENSDARG00000069279;ENSDARG00000101910;ENSDARG00000029290;ENSDARG00000025403
C076,269,269,slc12a10.2;clcn2c;slc12a10.3;atp1b1b;atp1a1a.3;rgs5b;prlra;fxyd11;slc4a4b;ilkap;atp1a1a.2;pcdh11-1;pcdh11;adgrf8;prom2;cldn3c;arg2;nat8;ndrg1a;prlrb;map3k5;ppargc1a;elovl1b;fa2h;ndrg3a;magixb;tspan34b;nedd4a;znf385b;arhgef38;eps8l2;flrt2;linc-mir30e-2;adgrf6;paqr5b;afap1l2;gal3st3;ahcyl1;rbm47;itpk1a;eea1;mef2aa;myo16;ugcg;ano9b;grhl1;nr3c2;anxa11a;adgrf6-1;rasa2,bcar1;arvcfb;col5a1;ebf1a;diaph2;rbms3;agrn;plxna1a;ank2b;sox6;robo1;ctnna2;zfhx3b;fbxw7;cux1a;gse1b;atp2a1;macf1a;neo1a,atp1b1b;fxyd11;atp1a1a.2;muc5.2;muc5.1;clcn2c;slc12a10.2;slc12a10.3;rgs5b;trpv6;cldn3c;nipal4;atp1a1a.3;ndrg1a;cckbra;linc-mir30e-2;sstr5;hepacam2;ppp1r12b;prlra;capn8;fer1l6;prlrb;cers3a;adgrf8;prom2;ppargc1a;mavs;dusp2;tspan34b;arhgef38;ndrg3a;fa2h;adcy6b;grhl1;tmx2b;rbm47;itpr3;map3k5;fxyd3;elovl1b;eps8l2;slc4a4b;rasa2;ugt8;baiap2l1b;sh3gl2a;esrrga;anxa11a;nedd4a,767.4,435.7,11.34,ENSDARG00000071173;ENSDARG00000060439;ENSDARG00000055253;ENSDARG00000076833;ENSDARG00000039131;ENSDARG00000017860;ENSDARG00000016570;ENSDARG00000099117;ENSDARG00000044808;ENSDARG00000040615;ENSDARG00000007739;ENSDARG00000105441;ENSDARG00000098652;ENSDARG00000093316;ENSDARG00000039406;ENSDARG00000069503;ENSDARG00000039269;ENSDARG00000078991;ENSDARG00000032849;ENSDARG00000045955;ENSDARG00000005416;ENSDARG00000067829;ENSDARG00000103735;ENSDARG00000090063;ENSDARG00000013087;ENSDARG00000077633;ENSDARG00000025757;ENSDARG00000099843;ENSDARG00000006065;ENSDARG00000079377;ENSDARG00000058108;ENSDARG00000079355;ENSDARG00000102040;ENSDARG00000042829;ENSDARG00000052688;ENSDARG00000074806;ENSDARG00000073728;ENSDARG00000056331;ENSDARG00000061985;ENSDARG00000013056;ENSDARG00000062868;ENSDARG00000031756;ENSDARG00000078582;ENSDARG00000058221;ENSDARG00000079324;ENSDARG00000061391;ENSDARG00000102082;ENSDARG00000077383;ENSDARG00000091757;ENSDARG00000078775,ENSDARG00000056525;ENSDARG00000061688;ENSDARG00000012593;ENSDARG00000099849;ENSDARG00000076060;ENSDARG00000044574;ENSDARG00000079388;ENSDARG00000105452;ENSDARG00000043313;ENSDARG00000015536;ENSDARG00000026784;ENSDARG00000024785;ENSDARG00000103057;ENSDARG00000060994;ENSDARG00000078459;ENSDARG00000062020;ENSDARG00000020574;ENSDARG00000028533;ENSDARG00000102855,ENSDARG00000076833;ENSDARG00000099117;ENSDARG00000007739;ENSDARG00000058556;ENSDARG00000070331;ENSDARG00000060439;ENSDARG00000071173;ENSDARG00000055253;ENSDARG00000017860;ENSDARG00000014496;ENSDARG00000069503;ENSDARG00000059365;ENSDARG00000039131;ENSDARG00000032849;ENSDARG00000074117;ENSDARG00000102040;ENSDARG00000101655;ENSDARG00000061365;ENSDARG00000117155;ENSDARG00000016570;ENSDARG00000055715;ENSDARG00000019316;ENSDARG00000045955;ENSDARG00000078541;ENSDARG00000093316;ENSDARG00000039406;ENSDARG00000067829;ENSDARG00000069733;ENSDARG00000098108;ENSDARG00000025757;ENSDARG00000079377;ENSDARG00000013087;ENSDARG00000090063;ENSDARG00000027797;ENSDARG00000061391;ENSDARG00000007786;ENSDARG00000061985;ENSDARG00000061741;ENSDARG00000005416;ENSDARG00000099014;ENSDARG00000103735;ENSDARG00000058108;ENSDARG00000044808;ENSDARG00000078775;ENSDARG00000037455;ENSDARG00000031119;ENSDARG00000023600;ENSDARG00000004861;ENSDARG00000077383;ENSDARG00000099843
C077,821,821,ntm;aatka;nlgn3a;gfra2a;mcamb;chl1b;znf536;arhgef10la;lamb1b;pcdh7a;slc35f1;scn4ab;adgrg6;plekho1b;sorcs2;cadm1a;cntfr;tp53i11b;rhoj;igsf11;zeb2a;ngfrb;clic4;sash1b;grm8a;nlgn2a;caskin1;qkib;erbb3b;zeb2b;plxnb1a;pcbp4;pcdh9;arhgap31;gpd2;gfra4b;tln2b;cdh13;stard13b;hspg2;afap1l2;src;cdh6;col4a2;stard8;mcf2l2;gfra1a;trim8a;stat3;arhgef10,chs3;omc2;atp8b1;dhrs13a.2;gsnb;spint1a;abcb5;evplb;selenow1;anxa1a;cyp2y3;evpla;klf2b;tcnbb;cfl1l;cd9b;ier2b;dsg2.1;cav1;abca12;spint2;gvin1l2;crybg1b;anxa2a;myh9a;sec23b;b4galt1;dspa;bicdl2l;stard14;pkp3a;sik1;dspb;ppl;cldne;fbxo2;prkcdb;creb3l1;nfe2l2a;ckap4;pnp5a;hsd17b12a;nrg1;capn9;cd99;anxa1c;foxo1b;agr1;myo5b;icn2,ntm;aatka;nlgn3a;gfra2a;mcamb;chl1b;znf536;arhgef10la;lamb1b;pcdh7a;slc35f1;scn4ab;adgrg6;plekho1b;sorcs2;cadm1a;cntfr;tp53i11b;rhoj;igsf11;zeb2a;ngfrb;clic4;sash1b;grm8a;nlgn2a;caskin1;qkib;erbb3b;zeb2b;plxnb1a;pcbp4;pcdh9;arhgap31;gpd2;gfra4b;tln2b;cdh13;stard13b;hspg2;afap1l2;src;cdh6;col4a2;stard8;mcf2l2;gfra1a;trim8a;stat3;arhgef10,302.4,238.0,2.22,ENSDARG00000018065;ENSDARG00000078222;ENSDARG00000104786;ENSDARG00000042723;ENSDARG00000005368;ENSDARG00000103109;ENSDARG00000103648;ENSDARG00000088630;ENSDARG00000045524;ENSDARG00000078898;ENSDARG00000053003;ENSDARG00000034588;ENSDARG00000054137;ENSDARG00000077499;ENSDARG00000077465;ENSDARG00000031075;ENSDARG00000028661;ENSDARG00000006025;ENSDARG00000020250;ENSDARG00000109783;ENSDARG00000062338;ENSDARG00000089223;ENSDARG00000022995;ENSDARG00000058853;ENSDARG00000077654;ENSDARG00000077329;ENSDARG00000046107;ENSDARG00000002026;ENSDARG00000036993;ENSDARG00000078416;ENSDARG00000075821;ENSDARG00000024276;ENSDARG00000063264;ENSDARG00000059472;ENSDARG00000062430;ENSDARG00000074582;ENSDARG00000110973;ENSDARG00000014215;ENSDARG00000098954;ENSDARG00000076564;ENSDARG00000074806;ENSDARG00000008107;ENSDARG00000014522;ENSDARG00000104110;ENSDARG00000014003;ENSDARG00000079742;ENSDARG00000099732;ENSDARG00000090512;ENSDARG00000022712;ENSDARG00000077788,ENSDARG00000068947;ENSDARG00000117474;ENSDARG00000060980;ENSDARG00000111240;ENSDARG00000045262;ENSDARG00000102332;ENSDARG00000021787;ENSDARG00000103459;ENSDARG00000035136;ENSDARG00000026726;ENSDARG00000101423;ENSDARG00000019808;ENSDARG00000040432;ENSDARG00000091996;ENSDARG00000012972;ENSDARG00000016691;ENSDARG00000086881;ENSDARG00000076945;ENSDARG00000103747;ENSDARG00000074749;ENSDARG00000069476;ENSDARG00000102364;ENSDARG00000006060;ENSDARG00000003216;ENSDARG00000063295;ENSDARG00000019360;ENSDARG00000002634;ENSDARG00000022309;ENSDARG00000091669;ENSDARG00000031929;ENSDARG00000051861;ENSDARG00000058606;ENSDARG00000076673;ENSDARG00000101043;ENSDARG00000043128;ENSDARG00000099306;ENSDARG00000070651;ENSDARG00000015793;ENSDARG00000042824;ENSDARG00000032405;ENSDARG00000078619;ENSDARG00000015709;ENSDARG00000104314;ENSDARG00000012341;ENSDARG00000051975;ENSDARG00000104359;ENSDARG00000061549;ENSDARG00000060682;ENSDARG00000062003;ENSDARG00000055514,ENSDARG00000018065;ENSDARG00000078222;ENSDARG00000104786;ENSDARG00000042723;ENSDARG00000005368;ENSDARG00000103109;ENSDARG00000103648;ENSDARG00000088630;ENSDARG00000045524;ENSDARG00000078898;ENSDARG00000053003;ENSDARG00000034588;ENSDARG00000054137;ENSDARG00000077499;ENSDARG00000077465;ENSDARG00000031075;ENSDARG00000028661;ENSDARG00000006025;ENSDARG00000020250;ENSDARG00000109783;ENSDARG00000062338;ENSDARG00000089223;ENSDARG00000022995;ENSDARG00000058853;ENSDARG00000077654;ENSDARG00000077329;ENSDARG00000046107;ENSDARG00000002026;ENSDARG00000036993;ENSDARG00000078416;ENSDARG00000075821;ENSDARG00000024276;ENSDARG00000063264;ENSDARG00000059472;ENSDARG00000062430;ENSDARG00000074582;ENSDARG00000110973;ENSDARG00000014215;ENSDARG00000098954;ENSDARG00000076564;ENSDARG00000074806;ENSDARG00000008107;ENSDARG00000014522;ENSDARG00000104110;ENSDARG00000014003;ENSDARG00000079742;ENSDARG00000099732;ENSDARG00000090512;ENSDARG00000022712;ENSDARG00000077788
C078,1687,1687,apoltp;cldn11a;lamc3;csf1b;itga11b;tnmd;cntfr;qkib;tgfbr3;cygb1;fmoda;pdzrn3a;itgbl1;col11a1b;p4ha3;zic3;col5a1;anpepa;col23a1b;clmpa;tnn;jcada;ror1;colec12;klhdc8b;pdgfrb;nid1b;cemip;lhfpl6;nhsl2;atrnl1a;itga11a;lama2;arrb1;hpse2;anos1;col12a1a;cdh11;sema6ba;dachb;akap12b;thbs3b;foxo1a;pdgfra;gpc5c;ccbe1;gulp1a;pknox2;tafa5b;slc7a5,elovl7b;muc13a;omc2;mid1ip1a;fut9d;spint1a;cldne;slc38a5a;chs3;gvin1l2;pkp3a;stard14;nfkbiaa;cldn7b;dhrs13a.2;il17rc;agr1;lmo7a;atp8b1;fam169aa;spint2;st14;tjp3;hrc;sik1;gsnb;fa2h;abcb5;abca12;rhbg;capn2l;oclna;bicdl2l;hip1rb;evplb;a2m1;klf2b;litafd;serpinb14;icn2;ppl;cldnb;aep1;znf185;atp10b;pnp5a;cyp2y3;icn;prkchb;f11r.1,apoltp;cldn11a;lamc3;csf1b;itga11b;tnmd;cntfr;qkib;tgfbr3;cygb1;fmoda;pdzrn3a;itgbl1;col11a1b;p4ha3;zic3;col5a1;anpepa;col23a1b;clmpa;tnn;jcada;ror1;colec12;klhdc8b;pdgfrb;nid1b;cemip;lhfpl6;nhsl2;atrnl1a;itga11a;lama2;arrb1;hpse2;anos1;col12a1a;cdh11;sema6ba;dachb;akap12b;thbs3b;foxo1a;pdgfra;gpc5c;ccbe1;gulp1a;pknox2;tafa5b;slc7a5,390.5,285.3,2.37,ENSDARG00000090623;ENSDARG00000020031;ENSDARG00000093572;ENSDARG00000068263;ENSDARG00000007950;ENSDARG00000052615;ENSDARG00000028661;ENSDARG00000002026;ENSDARG00000099979;ENSDARG00000099371;ENSDARG00000044895;ENSDARG00000073757;ENSDARG00000040985;ENSDARG00000009014;ENSDARG00000103692;ENSDARG00000071497;ENSDARG00000012593;ENSDARG00000036809;ENSDARG00000089078;ENSDARG00000116937;ENSDARG00000024829;ENSDARG00000089871;ENSDARG00000015176;ENSDARG00000061140;ENSDARG00000090787;ENSDARG00000100897;ENSDARG00000103129;ENSDARG00000039881;ENSDARG00000004363;ENSDARG00000089066;ENSDARG00000077188;ENSDARG00000036086;ENSDARG00000099390;ENSDARG00000043241;ENSDARG00000078163;ENSDARG00000112637;ENSDARG00000078322;ENSDARG00000021442;ENSDARG00000036626;ENSDARG00000034785;ENSDARG00000055678;ENSDARG00000012060;ENSDARG00000099555;ENSDARG00000070494;ENSDARG00000074082;ENSDARG00000086158;ENSDARG00000001733;ENSDARG00000055349;ENSDARG00000045608;ENSDARG00000099265,ENSDARG00000100185;ENSDARG00000069559;ENSDARG00000117474;ENSDARG00000041051;ENSDARG00000028098;ENSDARG00000102332;ENSDARG00000043128;ENSDARG00000009901;ENSDARG00000068947;ENSDARG00000102364;ENSDARG00000051861;ENSDARG00000031929;ENSDARG00000005481;ENSDARG00000014047;ENSDARG00000111240;ENSDARG00000099902;ENSDARG00000060682;ENSDARG00000004930;ENSDARG00000060980;ENSDARG00000059719;ENSDARG00000069476;ENSDARG00000100088;ENSDARG00000002909;ENSDARG00000045947;ENSDARG00000058606;ENSDARG00000045262;ENSDARG00000090063;ENSDARG00000021787;ENSDARG00000074749;ENSDARG00000009018;ENSDARG00000034211;ENSDARG00000005108;ENSDARG00000091669;ENSDARG00000102458;ENSDARG00000103459;ENSDARG00000104200;ENSDARG00000040432;ENSDARG00000087093;ENSDARG00000091801;ENSDARG00000055514;ENSDARG00000101043;ENSDARG00000009544;ENSDARG00000039099;ENSDARG00000103917;ENSDARG00000076230;ENSDARG00000078619;ENSDARG00000101423;ENSDARG00000009978;ENSDARG00000043243;ENSDARG00000017320,ENSDARG00000090623;ENSDARG00000020031;ENSDARG00000093572;ENSDARG00000068263;ENSDARG00000007950;ENSDARG00000052615;ENSDARG00000028661;ENSDARG00000002026;ENSDARG00000099979;ENSDARG00000099371;ENSDARG00000044895;ENSDARG00000073757;ENSDARG00000040985;ENSDARG00000009014;ENSDARG00000103692;ENSDARG00000071497;ENSDARG00000012593;ENSDARG00000036809;ENSDARG00000089078;ENSDARG00000116937;ENSDARG00000024829;ENSDARG00000089871;ENSDARG00000015176;ENSDARG00000061140;ENSDARG00000090787;ENSDARG00000100897;ENSDARG00000103129;ENSDARG00000039881;ENSDARG00000004363;ENSDARG00000089066;ENSDARG00000077188;ENSDARG00000036086;ENSDARG00000099390;ENSDARG00000043241;ENSDARG00000078163;ENSDARG00000112637;ENSDARG00000078322;ENSDARG00000021442;ENSDARG00000036626;ENSDARG00000034785;ENSDARG00000055678;ENSDARG00000012060;ENSDARG00000099555;ENSDARG00000070494;ENSDARG00000074082;ENSDARG00000086158;ENSDARG00000001733;ENSDARG00000055349;ENSDARG00000045608;ENSDARG00000099265
C079,235,235,arhgef2a-1;igsf9a;fat3a;crhr1;tenm4;arhgef4;notch3;slc4a7;fhod3b;sema4ba;plekhh1;prdm16-2;ptprfa;col14a1a;ptprfb;rassf7b;tiam1b;epha2a;plch2a;col18a1a;elf1;nedd9;rnf24;eya1;pcdh7b;flrt2;col4a6;sipa1l3;tnfrsfa;cdh1;myo5b;srgap2;neo1a;ncam1a;chsy1;jupa;actn4;malat1,aep1;anxa1c;hdlbpa;cyt1l;znf185;cyt1;tob1b;ppl;cast;eef1a1l1;krt5;pnp5a;ctnna2;sema6cb;gse1b;qkia;evpla;actb2;hspa8;actb1;krt4;pleca,arhgef2a-1;igsf9a;fat3a;crhr1;tenm4;arhgef4;notch3;slc4a7;fhod3b;sema4ba;plekhh1;prdm16-2;ptprfa;col14a1a;ptprfb;rassf7b;tiam1b;epha2a;plch2a;col18a1a;elf1;nedd9;rnf24;eya1;pcdh7b;flrt2;col4a6;sipa1l3;tnfrsfa;cdh1;myo5b;srgap2;neo1a;ncam1a;chsy1;jupa;actn4;malat1,309.9,246.3,4.67,ENSDARG00000095458;ENSDARG00000075864;ENSDARG00000033840;ENSDARG00000003989;ENSDARG00000105088;ENSDARG00000012914;ENSDARG00000052139;ENSDARG00000073952;ENSDARG00000061904;ENSDARG00000074414;ENSDARG00000053835;ENSDARG00000092738;ENSDARG00000103479;ENSDARG00000005762;ENSDARG00000005754;ENSDARG00000003193;ENSDARG00000025920;ENSDARG00000017354;ENSDARG00000059960;ENSDARG00000036558;ENSDARG00000020759;ENSDARG00000089878;ENSDARG00000036965;ENSDARG00000014259;ENSDARG00000060610;ENSDARG00000079355;ENSDARG00000052061;ENSDARG00000061699;ENSDARG00000004451;ENSDARG00000102750;ENSDARG00000062003;ENSDARG00000032161;ENSDARG00000102855;ENSDARG00000056181;ENSDARG00000079027;ENSDARG00000070787;ENSDARG00000099786;ENSDARG00000099970,ENSDARG00000039099;ENSDARG00000104359;ENSDARG00000009830;ENSDARG00000036832;ENSDARG00000103917;ENSDARG00000092947;ENSDARG00000021372;ENSDARG00000101043;ENSDARG00000058693;ENSDARG00000020850;ENSDARG00000058371;ENSDARG00000078619;ENSDARG00000024785;ENSDARG00000000189;ENSDARG00000062020;ENSDARG00000097478;ENSDARG00000019808;ENSDARG00000037870;ENSDARG00000068992;ENSDARG00000037746;ENSDARG00000017624;ENSDARG00000062590,ENSDARG00000095458;ENSDARG00000075864;ENSDARG00000033840;ENSDARG00000003989;ENSDARG00000105088;ENSDARG00000012914;ENSDARG00000052139;ENSDARG00000073952;ENSDARG00000061904;ENSDARG00000074414;ENSDARG00000053835;ENSDARG00000092738;ENSDARG00000103479;ENSDARG00000005762;ENSDARG00000005754;ENSDARG00000003193;ENSDARG00000025920;ENSDARG00000017354;ENSDARG00000059960;ENSDARG00000036558;ENSDARG00000020759;ENSDARG00000089878;ENSDARG00000036965;ENSDARG00000014259;ENSDARG00000060610;ENSDARG00000079355;ENSDARG00000052061;ENSDARG00000061699;ENSDARG00000004451;ENSDARG00000102750;ENSDARG00000062003;ENSDARG00000032161;ENSDARG00000102855;ENSDARG00000056181;ENSDARG00000079027;ENSDARG00000070787;ENSDARG00000099786;ENSDARG00000099970
C080,509,509,phox2a;ncam1a;ntrk2a;tlx2;tmeff2b;pcbp4;thsd7bb;dpp6a;ankrd13b;thsd7ba;chl1b;ank2a;ebf3a;elavl4;ngfra;gfra2a;cacna1ba;fam20cb;vim;cpne5a;elavl3;ebf1a;adam19b;six1b;frmd3;npr2;dscamb;gnao1a;cerkl;plxna4;cadm1a;tenm3;sdk1b;add2;dlb;rbfox1;l1cama;mpp3a;prkg1a;znf536;adgrl3.1;dla;efna2a;ngfrb;kif1aa;prkg1b;rbms3;epha4b;cib2;adam22,pkp3a;fbxo2;abca12;piezo1;klf4;abcb5;sec23b;cd99;dspa;znf185;agr1;cast;omc2;tcnbb;fam169aa;pnp5a;nr4a3;ahnak;evplb;evpla;foxo1a;nos1;perp;aep1;icn2;ppl;crybg1b;adipor2;hsd17b12a;myh9a;hdlbpa;dspb;actb1;pleca;eppk1;capn9;crybg1a;nfe2l2a;cav1;notch2;anxa1c;spaca4l;epas1a;cdh1;etnk1;myo1cb;cldne;myo1ea;krt1-19e;myo5b,ntrk1;elavl4;tmeff2b;tlx2;prkg2;thsd7bb;ppp1r1c;mdga1;pcbp4;ntrk2a;prkg1b;ank2a;stmn4l;asic1b;nes;trarg1a;kif26bb;phf24;gfra1b;vim;sez6l;kif1aa;ntng2a;nrn1la;cacna1ba;frmd3;pde5ab;adam19b;ebf3a;mast1a;ankrd13b;arhgap22a;cntn2;anxa13l;scn8ab;stum;nptx1l;ebf1a;ntng2b;prkg1a;gpr158b;b3gat2;npr2;thsd7ba;dscamb;kcnd1;mctp1a;grip2b;rin1b;syt2a,358.5,262.3,2.28,ENSDARG00000007406;ENSDARG00000056181;ENSDARG00000059897;ENSDARG00000011273;ENSDARG00000058699;ENSDARG00000024276;ENSDARG00000061497;ENSDARG00000076826;ENSDARG00000014652;ENSDARG00000095022;ENSDARG00000103109;ENSDARG00000009026;ENSDARG00000100244;ENSDARG00000045639;ENSDARG00000088708;ENSDARG00000042723;ENSDARG00000021735;ENSDARG00000090338;ENSDARG00000010008;ENSDARG00000061466;ENSDARG00000014420;ENSDARG00000099849;ENSDARG00000067545;ENSDARG00000026473;ENSDARG00000059885;ENSDARG00000104393;ENSDARG00000028118;ENSDARG00000016676;ENSDARG00000079397;ENSDARG00000019328;ENSDARG00000031075;ENSDARG00000005479;ENSDARG00000062854;ENSDARG00000074581;ENSDARG00000004232;ENSDARG00000014746;ENSDARG00000007149;ENSDARG00000015184;ENSDARG00000020656;ENSDARG00000103648;ENSDARG00000061121;ENSDARG00000010791;ENSDARG00000031372;ENSDARG00000089223;ENSDARG00000061817;ENSDARG00000031702;ENSDARG00000044574;ENSDARG00000011600;ENSDARG00000102820;ENSDARG00000060532,ENSDARG00000051861;ENSDARG00000099306;ENSDARG00000074749;ENSDARG00000076870;ENSDARG00000079922;ENSDARG00000021787;ENSDARG00000019360;ENSDARG00000051975;ENSDARG00000022309;ENSDARG00000103917;ENSDARG00000060682;ENSDARG00000058693;ENSDARG00000117474;ENSDARG00000091996;ENSDARG00000059719;ENSDARG00000078619;ENSDARG00000055854;ENSDARG00000061764;ENSDARG00000103459;ENSDARG00000019808;ENSDARG00000099555;ENSDARG00000068910;ENSDARG00000063572;ENSDARG00000039099;ENSDARG00000055514;ENSDARG00000101043;ENSDARG00000006060;ENSDARG00000101849;ENSDARG00000015709;ENSDARG00000063295;ENSDARG00000009830;ENSDARG00000076673;ENSDARG00000037746;ENSDARG00000062590;ENSDARG00000096359;ENSDARG00000012341;ENSDARG00000031782;ENSDARG00000042824;ENSDARG00000103747;ENSDARG00000043130;ENSDARG00000104359;ENSDARG00000116617;ENSDARG00000008697;ENSDARG00000102750;ENSDARG00000019420;ENSDARG00000061579;ENSDARG00000043128;ENSDARG00000036179;ENSDARG00000090268;ENSDARG00000062003,ENSDARG00000004586;ENSDARG00000045639;ENSDARG00000058699;ENSDARG00000011273;ENSDARG00000054741;ENSDARG00000061497;ENSDARG00000038941;ENSDARG00000074376;ENSDARG00000024276;ENSDARG00000059897;ENSDARG00000031702;ENSDARG00000009026;ENSDARG00000043932;ENSDARG00000101866;ENSDARG00000088805;ENSDARG00000090481;ENSDARG00000024575;ENSDARG00000077596;ENSDARG00000102564;ENSDARG00000010008;ENSDARG00000100594;ENSDARG00000061817;ENSDARG00000077367;ENSDARG00000069368;ENSDARG00000021735;ENSDARG00000059885;ENSDARG00000051915;ENSDARG00000067545;ENSDARG00000100244;ENSDARG00000027497;ENSDARG00000014652;ENSDARG00000021255;ENSDARG00000000472;ENSDARG00000013613;ENSDARG00000018032;ENSDARG00000041915;ENSDARG00000074671;ENSDARG00000099849;ENSDARG00000087100;ENSDARG00000020656;ENSDARG00000079665;ENSDARG00000030733;ENSDARG00000104393;ENSDARG00000095022;ENSDARG00000028118;ENSDARG00000074746;ENSDARG00000076404;ENSDARG00000027618;ENSDARG00000070100;ENSDARG00000025206
C081,405,405,qkib;slc6a11b;atp1a1b;npas1;adgrb3;npas3;gfap;slc6a9;pbx3a;pax3a;dre-mir-9-1;chl1b;rfx4;ndst3;ptprz1b;grid2;slc1a2b;dacha;bicc2;efcc1;ntrk3a;ptprz1a;map2;hoxb3a;sema5ba;gpm6bb;notch3;metrn;ndnf;hoxa3a;pkd1b;acsl2;robo4;phf21b;qki2;igsf9a;brsk2b;notch1b;foxo6b;igsf11;hs6st1a;msi1b;hoxc3a;dtx4a;clstn2a;arhgef10la;iglon5;zbtb20;crb2a;nova2,lmo7a;omc2;capn9;agr1;cd99;pkp3a;epas1a;sec23b;abca12;fam169aa;ahnak;znf185;pnp5a;evpla;pof1b;crybg1b;piezo1;nos1;ppl;spaca4l;ywhaz;klf4;anxa1c;cdh1;eppk1;myo5b;cast;tcnbb;ezrb;abcb5;icn;myh9a;perp;icn2;cldne;magi3a;aep1;evplb;nfe2l2a;cavin2b;krt1-19e;krt5;cyt1l;cav1;myo1cb;tspan9a;gmds;hspg2;golgb1;col12a1b,qkib;slc6a11b;atp1a1b;npas1;adgrb3;npas3;gfap;slc6a9;pbx3a;pax3a;dre-mir-9-1;chl1b;rfx4;ndst3;ptprz1b;grid2;slc1a2b;dacha;bicc2;efcc1;ntrk3a;ptprz1a;map2;hoxb3a;sema5ba;gpm6bb;notch3;metrn;ndnf;hoxa3a;pkd1b;acsl2;robo4;phf21b;qki2;igsf9a;brsk2b;notch1b;foxo6b;igsf11;hs6st1a;msi1b;hoxc3a;dtx4a;clstn2a;arhgef10la;iglon5;zbtb20;crb2a;nova2,352.2,260.3,2.6,ENSDARG00000002026;ENSDARG00000087981;ENSDARG00000019856;ENSDARG00000015876;ENSDARG00000059832;ENSDARG00000109820;ENSDARG00000025301;ENSDARG00000018534;ENSDARG00000089262;ENSDARG00000010192;ENSDARG00000082019;ENSDARG00000103109;ENSDARG00000026395;ENSDARG00000041776;ENSDARG00000020871;ENSDARG00000055302;ENSDARG00000102453;ENSDARG00000010132;ENSDARG00000076557;ENSDARG00000077826;ENSDARG00000077228;ENSDARG00000051814;ENSDARG00000055052;ENSDARG00000029263;ENSDARG00000061471;ENSDARG00000001676;ENSDARG00000052139;ENSDARG00000030367;ENSDARG00000062936;ENSDARG00000103862;ENSDARG00000033029;ENSDARG00000078399;ENSDARG00000009387;ENSDARG00000109502;ENSDARG00000010018;ENSDARG00000075864;ENSDARG00000077791;ENSDARG00000052094;ENSDARG00000024619;ENSDARG00000109783;ENSDARG00000054754;ENSDARG00000010710;ENSDARG00000070339;ENSDARG00000076302;ENSDARG00000060637;ENSDARG00000088630;ENSDARG00000022176;ENSDARG00000005586;ENSDARG00000060106;ENSDARG00000017673,ENSDARG00000004930;ENSDARG00000117474;ENSDARG00000012341;ENSDARG00000060682;ENSDARG00000051975;ENSDARG00000051861;ENSDARG00000008697;ENSDARG00000019360;ENSDARG00000074749;ENSDARG00000059719;ENSDARG00000061764;ENSDARG00000103917;ENSDARG00000078619;ENSDARG00000019808;ENSDARG00000054060;ENSDARG00000006060;ENSDARG00000076870;ENSDARG00000068910;ENSDARG00000101043;ENSDARG00000116617;ENSDARG00000032575;ENSDARG00000079922;ENSDARG00000104359;ENSDARG00000102750;ENSDARG00000096359;ENSDARG00000062003;ENSDARG00000058693;ENSDARG00000091996;ENSDARG00000025091;ENSDARG00000021787;ENSDARG00000009978;ENSDARG00000063295;ENSDARG00000063572;ENSDARG00000055514;ENSDARG00000043128;ENSDARG00000101869;ENSDARG00000039099;ENSDARG00000103459;ENSDARG00000042824;ENSDARG00000071196;ENSDARG00000090268;ENSDARG00000058371;ENSDARG00000036832;ENSDARG00000103747;ENSDARG00000061579;ENSDARG00000025299;ENSDARG00000026629;ENSDARG00000076564;ENSDARG00000061951;ENSDARG00000019601,ENSDARG00000002026;ENSDARG00000087981;ENSDARG00000019856;ENSDARG00000015876;ENSDARG00000059832;ENSDARG00000109820;ENSDARG00000025301;ENSDARG00000018534;ENSDARG00000089262;ENSDARG00000010192;ENSDARG00000082019;ENSDARG00000103109;ENSDARG00000026395;ENSDARG00000041776;ENSDARG00000020871;ENSDARG00000055302;ENSDARG00000102453;ENSDARG00000010132;ENSDARG00000076557;ENSDARG00000077826;ENSDARG00000077228;ENSDARG00000051814;ENSDARG00000055052;ENSDARG00000029263;ENSDARG00000061471;ENSDARG00000001676;ENSDARG00000052139;ENSDARG00000030367;ENSDARG00000062936;ENSDARG00000103862;ENSDARG00000033029;ENSDARG00000078399;ENSDARG00000009387;ENSDARG00000109502;ENSDARG00000010018;ENSDARG00000075864;ENSDARG00000077791;ENSDARG00000052094;ENSDARG00000024619;ENSDARG00000109783;ENSDARG00000054754;ENSDARG00000010710;ENSDARG00000070339;ENSDARG00000076302;ENSDARG00000060637;ENSDARG00000088630;ENSDARG00000022176;ENSDARG00000005586;ENSDARG00000060106;ENSDARG00000017673
C082,13807,5000,mylpfa;ttn.2;ttn.1;atp2a1;neb;mylz3;ryr3;ckma;actc1b;tpma;ryr1b;acta1b;tnnt3b;myhz1.3;ckmb;myom2a;myom2b;pvalb2;actn3a;tnnc2.2;xirp2b;pvalb1;myhz1.1;myl1;mylpfb;myom1a;mybpc2b;tnnt3a;tnni2a.4;atp2a1l;mybphb;myhz2;obscnb;casq1a;trdn;hhatla;ldb3b;slc25a4;prx;eef2l2;ldb3a;unm_hu7910;xirp2a;hsp90aa1.1;clcn1b;igfn1.1;actn3b;myhc4;rbm20;myhz1.2,sack1ha;omc2;styk1a;hhla2b.2;tuft1a;tmem176l.3b;adgrg2a;capn2l;klf2b;capn2b;rabgap1l2;btr12;gvin1l2;adgrf6;dhrs13a.2;muc13a;rab25a;foxq1a;styk1b;ftr83;dspb;abca12;baiap2l1a;caspb;vamp8;pcdh20l;pitpnaa;rab11fip1a;evplb;mid1ip1a;ngef;elovl6l;adam9b;niban1a;anxa3a;tnks1bp1;rgl3a;s100w;slc26a2;rab11al;fut9d;ppl;atp10b;fam169aa;crybg1b;evpla;casp3b;cldne;klf5l;gjb8,mylpfa;neb;ttn.2;ttn.1;ryr3;atp2a1;mylz3;tpma;myom2b;myom2a;acta1b;actc1b;ckma;tnnt3b;myl1;tnni2a.4;ryr1b;mylpfb;mybpc2b;myhc4;pvalb1;tnnc2.2;ckmb;tnnt3a;myhz1.3;pvalb2;atp2a1l;xirp2b;actn3a;myha;hhatla;casq1a;myom1a;slc25a4;rtn2b;myoz1b;eef2l2;myhz2;mybphb;myhz1.1;prr33;obscnb;myoz2a;hsc70;clcn1b;ldb3b;xirp2a;prx;igfn1.3;synpo2b,2142.6,584.7,8.88,ENSDARG00000053254;ENSDARG00000028213;ENSDARG00000000563;ENSDARG00000020574;ENSDARG00000032630;ENSDARG00000017441;ENSDARG00000071331;ENSDARG00000035327;ENSDARG00000099197;ENSDARG00000033683;ENSDARG00000023797;ENSDARG00000055618;ENSDARG00000068457;ENSDARG00000067997;ENSDARG00000040565;ENSDARG00000075433;ENSDARG00000110698;ENSDARG00000002768;ENSDARG00000013755;ENSDARG00000070835;ENSDARG00000091090;ENSDARG00000037789;ENSDARG00000067990;ENSDARG00000014196;ENSDARG00000002589;ENSDARG00000061249;ENSDARG00000021265;ENSDARG00000030270;ENSDARG00000029069;ENSDARG00000035458;ENSDARG00000003081;ENSDARG00000012944;ENSDARG00000022101;ENSDARG00000038716;ENSDARG00000041779;ENSDARG00000039051;ENSDARG00000099974;ENSDARG00000027355;ENSDARG00000017246;ENSDARG00000035256;ENSDARG00000056322;ENSDARG00000078703;ENSDARG00000071113;ENSDARG00000010478;ENSDARG00000012269;ENSDARG00000005526;ENSDARG00000001431;ENSDARG00000035438;ENSDARG00000092881;ENSDARG00000067995,ENSDARG00000068849;ENSDARG00000117474;ENSDARG00000070950;ENSDARG00000086254;ENSDARG00000061242;ENSDARG00000096874;ENSDARG00000088137;ENSDARG00000034211;ENSDARG00000040432;ENSDARG00000055592;ENSDARG00000060315;ENSDARG00000051809;ENSDARG00000102364;ENSDARG00000042829;ENSDARG00000111240;ENSDARG00000069559;ENSDARG00000058800;ENSDARG00000030896;ENSDARG00000041947;ENSDARG00000025403;ENSDARG00000076673;ENSDARG00000074749;ENSDARG00000029305;ENSDARG00000052039;ENSDARG00000024116;ENSDARG00000101910;ENSDARG00000039490;ENSDARG00000046124;ENSDARG00000103459;ENSDARG00000041051;ENSDARG00000076179;ENSDARG00000038639;ENSDARG00000057138;ENSDARG00000042055;ENSDARG00000009196;ENSDARG00000068760;ENSDARG00000071213;ENSDARG00000101181;ENSDARG00000011618;ENSDARG00000014340;ENSDARG00000028098;ENSDARG00000101043;ENSDARG00000076230;ENSDARG00000059719;ENSDARG00000006060;ENSDARG00000019808;ENSDARG00000055045;ENSDARG00000043128;ENSDARG00000018757;ENSDARG00000042707,ENSDARG00000053254;ENSDARG00000032630;ENSDARG00000028213;ENSDARG00000000563;ENSDARG00000071331;ENSDARG00000020574;ENSDARG00000017441;ENSDARG00000033683;ENSDARG00000110698;ENSDARG00000075433;ENSDARG00000055618;ENSDARG00000099197;ENSDARG00000035327;ENSDARG00000068457;ENSDARG00000014196;ENSDARG00000029069;ENSDARG00000023797;ENSDARG00000002589;ENSDARG00000021265;ENSDARG00000035438;ENSDARG00000037789;ENSDARG00000070835;ENSDARG00000040565;ENSDARG00000030270;ENSDARG00000067997;ENSDARG00000002768;ENSDARG00000035458;ENSDARG00000091090;ENSDARG00000013755;ENSDARG00000095930;ENSDARG00000039051;ENSDARG00000038716;ENSDARG00000061249;ENSDARG00000027355;ENSDARG00000057027;ENSDARG00000071445;ENSDARG00000035256;ENSDARG00000012944;ENSDARG00000003081;ENSDARG00000067990;ENSDARG00000097224;ENSDARG00000022101;ENSDARG00000012311;ENSDARG00000012381;ENSDARG00000012269;ENSDARG00000099974;ENSDARG00000071113;ENSDARG00000017246;ENSDARG00000097613;ENSDARG00000077157
C083,1419,1419,mymk;chrng;flncb;myh7ba;mymx;myhb;cdh15;ccsapa;ptprua;ttn.2;casz1;musk;txlnba;cacna1ha;megf10;tmsb;grip2a;kcnq5b;gpc5c;tbx15;fbxl22;myh7;asb12b;desma;inpp4b;akap6;jag2a;arpp21;ttn.1;rbm24a;macf1a;calcrla;ppp2r3b;mef2ca;efemp2a;ryr1a;pdlim3b;shisa2b;sdk2b;xirp1;ablim1b;cnksr2a;nexn;gse1b;itgb6;barx2;limch1a;tpm1;etnppl;fhl1a,gvin1l2;gjb8;atp10b;sack1ha;btr12;cfl1l;dhrs13a.2;rgl3a;esrp1;klf4;a2m1;oclna;spint1a;b4galnt3b;slc38a5a;fam169aa;pawr;stard14;atp8b1;macc1;cldn7b;omc2;abcb5;klf2b;tjp3;atp2a3;epcam;cldnb;ckap4;chs3;creb3l1;icn;nocta;agr1;pkp3a;cd9b;gstp1.2;anxa1a;anxa1b;cst14b.1;dspb;rhpn2;palm3;hsd17b12a;eppk1;ppl;crybg1b;b4galt1;fbxo2;rassf7b,mymk;chrng;flncb;myh7ba;mymx;myhb;cdh15;ccsapa;ptprua;ttn.2;casz1;musk;txlnba;cacna1ha;megf10;tmsb;grip2a;kcnq5b;gpc5c;tbx15;fbxl22;myh7;asb12b;desma;inpp4b;akap6;jag2a;arpp21;ttn.1;rbm24a;macf1a;calcrla;ppp2r3b;mef2ca;efemp2a;ryr1a;pdlim3b;shisa2b;sdk2b;xirp1;ablim1b;cnksr2a;nexn;gse1b;itgb6;barx2;limch1a;tpm1;etnppl;fhl1a,508.3,324.3,3.86,ENSDARG00000103988;ENSDARG00000086647;ENSDARG00000018820;ENSDARG00000076075;ENSDARG00000099437;ENSDARG00000001993;ENSDARG00000068191;ENSDARG00000025325;ENSDARG00000092638;ENSDARG00000028213;ENSDARG00000037030;ENSDARG00000098764;ENSDARG00000020594;ENSDARG00000060496;ENSDARG00000017229;ENSDARG00000054911;ENSDARG00000087187;ENSDARG00000069953;ENSDARG00000074082;ENSDARG00000002582;ENSDARG00000096995;ENSDARG00000079564;ENSDARG00000037558;ENSDARG00000058656;ENSDARG00000075201;ENSDARG00000077295;ENSDARG00000014246;ENSDARG00000061081;ENSDARG00000000563;ENSDARG00000102995;ENSDARG00000028533;ENSDARG00000011473;ENSDARG00000076004;ENSDARG00000029764;ENSDARG00000094324;ENSDARG00000011422;ENSDARG00000014248;ENSDARG00000088232;ENSDARG00000060452;ENSDARG00000030722;ENSDARG00000045064;ENSDARG00000074480;ENSDARG00000057317;ENSDARG00000062020;ENSDARG00000002494;ENSDARG00000041098;ENSDARG00000074275;ENSDARG00000087402;ENSDARG00000035544;ENSDARG00000071498,ENSDARG00000102364;ENSDARG00000042707;ENSDARG00000076230;ENSDARG00000068849;ENSDARG00000051809;ENSDARG00000012972;ENSDARG00000111240;ENSDARG00000071213;ENSDARG00000011245;ENSDARG00000079922;ENSDARG00000104200;ENSDARG00000005108;ENSDARG00000102332;ENSDARG00000058939;ENSDARG00000009901;ENSDARG00000059719;ENSDARG00000045486;ENSDARG00000031929;ENSDARG00000060980;ENSDARG00000040717;ENSDARG00000014047;ENSDARG00000117474;ENSDARG00000021787;ENSDARG00000040432;ENSDARG00000002909;ENSDARG00000060978;ENSDARG00000040534;ENSDARG00000009544;ENSDARG00000032405;ENSDARG00000068947;ENSDARG00000015793;ENSDARG00000009978;ENSDARG00000077726;ENSDARG00000060682;ENSDARG00000051861;ENSDARG00000016691;ENSDARG00000104068;ENSDARG00000026726;ENSDARG00000100095;ENSDARG00000117133;ENSDARG00000076673;ENSDARG00000014577;ENSDARG00000071215;ENSDARG00000015709;ENSDARG00000096359;ENSDARG00000101043;ENSDARG00000006060;ENSDARG00000002634;ENSDARG00000099306;ENSDARG00000003193,ENSDARG00000103988;ENSDARG00000086647;ENSDARG00000018820;ENSDARG00000076075;ENSDARG00000099437;ENSDARG00000001993;ENSDARG00000068191;ENSDARG00000025325;ENSDARG00000092638;ENSDARG00000028213;ENSDARG00000037030;ENSDARG00000098764;ENSDARG00000020594;ENSDARG00000060496;ENSDARG00000017229;ENSDARG00000054911;ENSDARG00000087187;ENSDARG00000069953;ENSDARG00000074082;ENSDARG00000002582;ENSDARG00000096995;ENSDARG00000079564;ENSDARG00000037558;ENSDARG00000058656;ENSDARG00000075201;ENSDARG00000077295;ENSDARG00000014246;ENSDARG00000061081;ENSDARG00000000563;ENSDARG00000102995;ENSDARG00000028533;ENSDARG00000011473;ENSDARG00000076004;ENSDARG00000029764;ENSDARG00000094324;ENSDARG00000011422;ENSDARG00000014248;ENSDARG00000088232;ENSDARG00000060452;ENSDARG00000030722;ENSDARG00000045064;ENSDARG00000074480;ENSDARG00000057317;ENSDARG00000062020;ENSDARG00000002494;ENSDARG00000041098;ENSDARG00000074275;ENSDARG00000087402;ENSDARG00000035544;ENSDARG00000071498
C084,1016,1016,pvalb5;b3gat1b;adcy3b;nwd1;abhd2b;fstl5;otoa;cntn4;rasgrf2b;ebf1b;camk1gb;flrt1b;ano2b;vsig8a;scn5lab;hydin;pde5ab;adgb;s100z;cntnap5a;kcnh1a;hs3st1l2;cadpsa;pex5la;tspan2a;nrxn1a;fgf14;cacna1ba;arl15a;ca16b;hcn4l;nrn1la;ankrd13b;fhdc1;clstn2a;cux2b;pcsk1;ppp1r15ba;igsf9bb;rab40b;efna3a;tmem163b;cfap57;ebf3a;kcnc1a;neurod6a;gnal;map1b;pacrg;rap1gap2a,omc2;gjb8;gvin1l2;klf2b;dspb;stard14;evplb;anxa2a;cst14b.1;a2m1;pnp5a;fbxo2;aldob;creb3l1;cav1;chs3;fut9d;tcnbb;icn2;aep1;bicdl2l;abcb5;b4galt1;hdlbpa;myh9a;anxa1c;krt1-19e;scel;nos1;klf3;lmo7a;cldne;dhrs13a.2;anxa1a;cdh26.2;perp;capn9;znf185;cast;cyp2y3;agr1;ier2b;ppl;spaca4l;fam169aa;cavin2b;evpla;sec23b;capns1a;pleca,pvalb5;b3gat1b;adcy3b;nwd1;abhd2b;fstl5;otoa;cntn4;rasgrf2b;ebf1b;camk1gb;flrt1b;ano2b;vsig8a;scn5lab;hydin;pde5ab;adgb;s100z;cntnap5a;kcnh1a;hs3st1l2;cadpsa;pex5la;tspan2a;nrxn1a;fgf14;cacna1ba;arl15a;ca16b;hcn4l;nrn1la;ankrd13b;fhdc1;clstn2a;cux2b;pcsk1;ppp1r15ba;igsf9bb;rab40b;efna3a;tmem163b;cfap57;ebf3a;kcnc1a;neurod6a;gnal;map1b;pacrg;rap1gap2a,408.9,305.1,2.83,ENSDARG00000032836;ENSDARG00000055279;ENSDARG00000017437;ENSDARG00000076110;ENSDARG00000045804;ENSDARG00000040198;ENSDARG00000080675;ENSDARG00000098161;ENSDARG00000002816;ENSDARG00000069196;ENSDARG00000008788;ENSDARG00000075597;ENSDARG00000101363;ENSDARG00000054050;ENSDARG00000102312;ENSDARG00000056764;ENSDARG00000051915;ENSDARG00000005595;ENSDARG00000038729;ENSDARG00000073920;ENSDARG00000024167;ENSDARG00000035578;ENSDARG00000043661;ENSDARG00000022518;ENSDARG00000003754;ENSDARG00000061647;ENSDARG00000040982;ENSDARG00000021735;ENSDARG00000076040;ENSDARG00000060123;ENSDARG00000074419;ENSDARG00000069368;ENSDARG00000014652;ENSDARG00000074812;ENSDARG00000060637;ENSDARG00000086345;ENSDARG00000002600;ENSDARG00000068128;ENSDARG00000069467;ENSDARG00000042410;ENSDARG00000014675;ENSDARG00000088227;ENSDARG00000058090;ENSDARG00000100244;ENSDARG00000051852;ENSDARG00000040008;ENSDARG00000045415;ENSDARG00000060434;ENSDARG00000087556;ENSDARG00000061551,ENSDARG00000117474;ENSDARG00000042707;ENSDARG00000102364;ENSDARG00000040432;ENSDARG00000076673;ENSDARG00000031929;ENSDARG00000103459;ENSDARG00000003216;ENSDARG00000117133;ENSDARG00000104200;ENSDARG00000078619;ENSDARG00000099306;ENSDARG00000053684;ENSDARG00000015793;ENSDARG00000103747;ENSDARG00000068947;ENSDARG00000028098;ENSDARG00000091996;ENSDARG00000055514;ENSDARG00000039099;ENSDARG00000091669;ENSDARG00000021787;ENSDARG00000002634;ENSDARG00000009830;ENSDARG00000063295;ENSDARG00000104359;ENSDARG00000090268;ENSDARG00000034677;ENSDARG00000068910;ENSDARG00000015495;ENSDARG00000004930;ENSDARG00000043128;ENSDARG00000111240;ENSDARG00000026726;ENSDARG00000087641;ENSDARG00000063572;ENSDARG00000012341;ENSDARG00000103917;ENSDARG00000058693;ENSDARG00000101423;ENSDARG00000060682;ENSDARG00000086881;ENSDARG00000101043;ENSDARG00000116617;ENSDARG00000059719;ENSDARG00000071196;ENSDARG00000019808;ENSDARG00000019360;ENSDARG00000035329;ENSDARG00000062590,ENSDARG00000032836;ENSDARG00000055279;ENSDARG00000017437;ENSDARG00000076110;ENSDARG00000045804;ENSDARG00000040198;ENSDARG00000080675;ENSDARG00000098161;ENSDARG00000002816;ENSDARG00000069196;ENSDARG00000008788;ENSDARG00000075597;ENSDARG00000101363;ENSDARG00000054050;ENSDARG00000102312;ENSDARG00000056764;ENSDARG00000051915;ENSDARG00000005595;ENSDARG00000038729;ENSDARG00000073920;ENSDARG00000024167;ENSDARG00000035578;ENSDARG00000043661;ENSDARG00000022518;ENSDARG00000003754;ENSDARG00000061647;ENSDARG00000040982;ENSDARG00000021735;ENSDARG00000076040;ENSDARG00000060123;ENSDARG00000074419;ENSDARG00000069368;ENSDARG00000014652;ENSDARG00000074812;ENSDARG00000060637;ENSDARG00000086345;ENSDARG00000002600;ENSDARG00000068128;ENSDARG00000069467;ENSDARG00000042410;ENSDARG00000014675;ENSDARG00000088227;ENSDARG00000058090;ENSDARG00000100244;ENSDARG00000051852;ENSDARG00000040008;ENSDARG00000045415;ENSDARG00000060434;ENSDARG00000087556;ENSDARG00000061551
C085,1415,1415,oca2;rgs16;tyrp1b;ocstamp;pmela;dct;opn7b;tyrp1a;slc24a4a;prkar1b;slc45a2;opn4b;mlpha;kita;map7a;cdk18;blk;mc5ra;mtbl;fmn2a;tspan10;spag9;gramd2aa;birc7;slc29a3;pah;cdk15;mmp19;bhlhe41;qdpra;gch2;dipk1ab;drd3;tyr;aadac;slc24a5;slc30a8;yjefn3;arhgef33;lrmda;rab34b;ppfia2;ednrba;plppr5a;trpm1b;stx12l;hnmt;zdhhc2;myo5aa;kirrel3,omc2;sack1ha;klf2b;macc1;bicdl2l;capn2l;scel;cldn7b;fut9d;krt17;abcb5;chs3;cldne;abca12;gvin1l2;gsnb;znf185;pkp3a;tcnbb;dspb;a2m1;f11r.1;atp10b;fam169aa;sec23b;erbb3a;rhpn2;capn9;anxa1b;evplb;creb3l1;anxa1c;ppl;fa2h;agr1;myo18aa;litafd;perp;tmsb1;pawr;cavin2b;foxo1b;elovl7a;spint1a;cyp2y3;myzap;kremen1;cfl1l;cd9b;ckap4,oca2;rgs16;tyrp1b;ocstamp;pmela;dct;opn7b;tyrp1a;slc24a4a;prkar1b;slc45a2;opn4b;mlpha;kita;map7a;cdk18;blk;mc5ra;mtbl;fmn2a;tspan10;spag9;gramd2aa;birc7;slc29a3;pah;cdk15;mmp19;bhlhe41;qdpra;gch2;dipk1ab;drd3;tyr;aadac;slc24a5;slc30a8;yjefn3;arhgef33;lrmda;rab34b;ppfia2;ednrba;plppr5a;trpm1b;stx12l;hnmt;zdhhc2;myo5aa;kirrel3,664.7,446.0,3.35,ENSDARG00000061303;ENSDARG00000040177;ENSDARG00000056151;ENSDARG00000022139;ENSDARG00000091298;ENSDARG00000006008;ENSDARG00000116584;ENSDARG00000029204;ENSDARG00000015425;ENSDARG00000103800;ENSDARG00000002593;ENSDARG00000053929;ENSDARG00000070991;ENSDARG00000043317;ENSDARG00000078241;ENSDARG00000012204;ENSDARG00000007783;ENSDARG00000031348;ENSDARG00000102051;ENSDARG00000023318;ENSDARG00000044767;ENSDARG00000078142;ENSDARG00000103736;ENSDARG00000058082;ENSDARG00000077828;ENSDARG00000020143;ENSDARG00000006093;ENSDARG00000091557;ENSDARG00000041691;ENSDARG00000040190;ENSDARG00000099101;ENSDARG00000061362;ENSDARG00000032131;ENSDARG00000039077;ENSDARG00000063621;ENSDARG00000024771;ENSDARG00000100917;ENSDARG00000061692;ENSDARG00000097964;ENSDARG00000057166;ENSDARG00000010977;ENSDARG00000013000;ENSDARG00000089334;ENSDARG00000057209;ENSDARG00000103476;ENSDARG00000044605;ENSDARG00000012796;ENSDARG00000034757;ENSDARG00000061635;ENSDARG00000115903,ENSDARG00000117474;ENSDARG00000068849;ENSDARG00000040432;ENSDARG00000040717;ENSDARG00000091669;ENSDARG00000034211;ENSDARG00000034677;ENSDARG00000014047;ENSDARG00000028098;ENSDARG00000094041;ENSDARG00000021787;ENSDARG00000068947;ENSDARG00000043128;ENSDARG00000074749;ENSDARG00000102364;ENSDARG00000045262;ENSDARG00000103917;ENSDARG00000051861;ENSDARG00000091996;ENSDARG00000076673;ENSDARG00000104200;ENSDARG00000017320;ENSDARG00000076230;ENSDARG00000059719;ENSDARG00000019360;ENSDARG00000006202;ENSDARG00000014577;ENSDARG00000012341;ENSDARG00000100095;ENSDARG00000103459;ENSDARG00000015793;ENSDARG00000104359;ENSDARG00000101043;ENSDARG00000090063;ENSDARG00000060682;ENSDARG00000075752;ENSDARG00000087093;ENSDARG00000063572;ENSDARG00000104181;ENSDARG00000045486;ENSDARG00000071196;ENSDARG00000061549;ENSDARG00000069279;ENSDARG00000102332;ENSDARG00000101423;ENSDARG00000075017;ENSDARG00000062579;ENSDARG00000012972;ENSDARG00000016691;ENSDARG00000032405,ENSDARG00000061303;ENSDARG00000040177;ENSDARG00000056151;ENSDARG00000022139;ENSDARG00000091298;ENSDARG00000006008;ENSDARG00000116584;ENSDARG00000029204;ENSDARG00000015425;ENSDARG00000103800;ENSDARG00000002593;ENSDARG00000053929;ENSDARG00000070991;ENSDARG00000043317;ENSDARG00000078241;ENSDARG00000012204;ENSDARG00000007783;ENSDARG00000031348;ENSDARG00000102051;ENSDARG00000023318;ENSDARG00000044767;ENSDARG00000078142;ENSDARG00000103736;ENSDARG00000058082;ENSDARG00000077828;ENSDARG00000020143;ENSDARG00000006093;ENSDARG00000091557;ENSDARG00000041691;ENSDARG00000040190;ENSDARG00000099101;ENSDARG00000061362;ENSDARG00000032131;ENSDARG00000039077;ENSDARG00000063621;ENSDARG00000024771;ENSDARG00000100917;ENSDARG00000061692;ENSDARG00000097964;ENSDARG00000057166;ENSDARG00000010977;ENSDARG00000013000;ENSDARG00000089334;ENSDARG00000057209;ENSDARG00000103476;ENSDARG00000044605;ENSDARG00000012796;ENSDARG00000034757;ENSDARG00000061635;ENSDARG00000115903
C086,2746,2746,cdh5;angpt2a;flt1;esm1;fgd5a;notchl;kdrl;mcamb;dll4;arhgef9b;myct1b;pecam1a;aqp1a.1;egfl7;cldn5b;bcl6b;pierce1;clec14a;abcb4;kdr;grapa;rasip1;pdgfbb;esama;she;micall2a;tie1;scarf1;shank3b;ptprb;limch1b;adgrl4;adra1aa;ushbp1;ncam3;tulp4b;sox18;podxl;mpl;mir126b;pecam1b;aqp8a.1;tmem108;yrk;rasgrp3;plvapb;gja5a;pcdh12;cd81b;slco1d1,omc2;osbpl7;chs3;gjb8;gvin1l2;styk1b;rab25a;bicdl2l;dhrs13a.2;elovl7a;spint2;btr12;caspb;erbb3a;f11r.1;stx11b.1;scel;mid1ip1a;anxa3a;atp10b;rab11al;cldnb;aldob;abcb5;rhbg;tmem30b;prkchb;bicdl2;atp8b1;fbp1a;st14a;agr1;anxa1a;evplb;galnt6;hsd17b12a;b4galt1;a2m1;spint1a;fut9d;gpa33a;aep1;capn9;vamp8;cldne;tcnbb;s100w;pkp3a;anxa2a;znf185,cdh5;angpt2a;flt1;esm1;fgd5a;notchl;kdrl;mcamb;dll4;arhgef9b;myct1b;pecam1a;aqp1a.1;egfl7;cldn5b;bcl6b;pierce1;clec14a;abcb4;kdr;grapa;rasip1;pdgfbb;esama;she;micall2a;tie1;scarf1;shank3b;ptprb;limch1b;adgrl4;adra1aa;ushbp1;ncam3;tulp4b;sox18;podxl;mpl;mir126b;pecam1b;aqp8a.1;tmem108;yrk;rasgrp3;plvapb;gja5a;pcdh12;cd81b;slco1d1,661.4,441.7,2.39,ENSDARG00000075549;ENSDARG00000014946;ENSDARG00000019371;ENSDARG00000104370;ENSDARG00000088801;ENSDARG00000088308;ENSDARG00000105215;ENSDARG00000005368;ENSDARG00000070425;ENSDARG00000078624;ENSDARG00000088546;ENSDARG00000060263;ENSDARG00000023713;ENSDARG00000100657;ENSDARG00000014059;ENSDARG00000069335;ENSDARG00000058940;ENSDARG00000103533;ENSDARG00000010936;ENSDARG00000017321;ENSDARG00000005414;ENSDARG00000074829;ENSDARG00000038139;ENSDARG00000077039;ENSDARG00000087956;ENSDARG00000102366;ENSDARG00000004105;ENSDARG00000077285;ENSDARG00000063054;ENSDARG00000076624;ENSDARG00000103774;ENSDARG00000013653;ENSDARG00000028725;ENSDARG00000089071;ENSDARG00000089586;ENSDARG00000063056;ENSDARG00000058598;ENSDARG00000031228;ENSDARG00000039222;ENSDARG00000098981;ENSDARG00000103020;ENSDARG00000045141;ENSDARG00000090230;ENSDARG00000004378;ENSDARG00000077864;ENSDARG00000045003;ENSDARG00000040065;ENSDARG00000076594;ENSDARG00000022437;ENSDARG00000104108,ENSDARG00000117474;ENSDARG00000012981;ENSDARG00000068947;ENSDARG00000042707;ENSDARG00000102364;ENSDARG00000041947;ENSDARG00000058800;ENSDARG00000091669;ENSDARG00000111240;ENSDARG00000069279;ENSDARG00000069476;ENSDARG00000051809;ENSDARG00000052039;ENSDARG00000006202;ENSDARG00000017320;ENSDARG00000029290;ENSDARG00000034677;ENSDARG00000041051;ENSDARG00000009196;ENSDARG00000076230;ENSDARG00000014340;ENSDARG00000009544;ENSDARG00000053684;ENSDARG00000021787;ENSDARG00000009018;ENSDARG00000054122;ENSDARG00000043243;ENSDARG00000052427;ENSDARG00000060980;ENSDARG00000021366;ENSDARG00000061173;ENSDARG00000060682;ENSDARG00000026726;ENSDARG00000103459;ENSDARG00000014386;ENSDARG00000015709;ENSDARG00000002634;ENSDARG00000104200;ENSDARG00000102332;ENSDARG00000028098;ENSDARG00000100223;ENSDARG00000039099;ENSDARG00000012341;ENSDARG00000024116;ENSDARG00000043128;ENSDARG00000091996;ENSDARG00000101181;ENSDARG00000051861;ENSDARG00000003216;ENSDARG00000103917,ENSDARG00000075549;ENSDARG00000014946;ENSDARG00000019371;ENSDARG00000104370;ENSDARG00000088801;ENSDARG00000088308;ENSDARG00000105215;ENSDARG00000005368;ENSDARG00000070425;ENSDARG00000078624;ENSDARG00000088546;ENSDARG00000060263;ENSDARG00000023713;ENSDARG00000100657;ENSDARG00000014059;ENSDARG00000069335;ENSDARG00000058940;ENSDARG00000103533;ENSDARG00000010936;ENSDARG00000017321;ENSDARG00000005414;ENSDARG00000074829;ENSDARG00000038139;ENSDARG00000077039;ENSDARG00000087956;ENSDARG00000102366;ENSDARG00000004105;ENSDARG00000077285;ENSDARG00000063054;ENSDARG00000076624;ENSDARG00000103774;ENSDARG00000013653;ENSDARG00000028725;ENSDARG00000089071;ENSDARG00000089586;ENSDARG00000063056;ENSDARG00000058598;ENSDARG00000031228;ENSDARG00000039222;ENSDARG00000098981;ENSDARG00000103020;ENSDARG00000045141;ENSDARG00000090230;ENSDARG00000004378;ENSDARG00000077864;ENSDARG00000045003;ENSDARG00000040065;ENSDARG00000076594;ENSDARG00000022437;ENSDARG00000104108
C087,143,143,col10a1a;col5a2b;slc8a4b;entpd5a;tnmd;cd81b;smpd3;panx3;col22a1;tnfrsf11a;pltp;plod2;pth1r;itga10;runx3;col11a1b;ano5a;ppfibp2a;runx2b;adgrd1;kremen1;cdh11;runx2a;loxl4;cadm1b;xylt1;rarga;emid1;ltbp3;col11a2;chn2;dchs1a;nectin3a;col1a2;fam20cb;elmo1;adamts18;adgrv1;tcf7;col11a1a;nrp2a;cdh7a;plxna3;megf10;lhfpl6;mef2cb;sema5a;rgs12a;ncam1a;cd82b,pcdh1b;pnp5a;krt5;ppl;evpla;actb1;cyt1;ctnna2;krt4;cast;cyt1l;gse1b;foxp4;actb2;actn4;ahnak,col10a1a;col5a2b;slc8a4b;entpd5a;tnmd;cd81b;smpd3;panx3;col22a1;tnfrsf11a;pltp;plod2;pth1r;itga10;runx3;col11a1b;ano5a;ppfibp2a;runx2b;adgrd1;kremen1;cdh11;runx2a;loxl4;cadm1b;xylt1;rarga;emid1;ltbp3;col11a2;chn2;dchs1a;nectin3a;col1a2;fam20cb;elmo1;adamts18;adgrv1;tcf7;col11a1a;nrp2a;cdh7a;plxna3;megf10;lhfpl6;mef2cb;sema5a;rgs12a;ncam1a;cd82b,359.0,260.4,2.59,ENSDARG00000054753;ENSDARG00000024847;ENSDARG00000037145;ENSDARG00000053481;ENSDARG00000052615;ENSDARG00000022437;ENSDARG00000098226;ENSDARG00000004627;ENSDARG00000101592;ENSDARG00000087804;ENSDARG00000104495;ENSDARG00000011821;ENSDARG00000020957;ENSDARG00000002507;ENSDARG00000052826;ENSDARG00000009014;ENSDARG00000015731;ENSDARG00000061977;ENSDARG00000059233;ENSDARG00000053344;ENSDARG00000062579;ENSDARG00000021442;ENSDARG00000040261;ENSDARG00000025089;ENSDARG00000042677;ENSDARG00000061248;ENSDARG00000034117;ENSDARG00000076119;ENSDARG00000035682;ENSDARG00000012422;ENSDARG00000011845;ENSDARG00000070025;ENSDARG00000103638;ENSDARG00000020007;ENSDARG00000090338;ENSDARG00000098753;ENSDARG00000001999;ENSDARG00000021137;ENSDARG00000038672;ENSDARG00000026165;ENSDARG00000096546;ENSDARG00000023542;ENSDARG00000007172;ENSDARG00000017229;ENSDARG00000004363;ENSDARG00000009418;ENSDARG00000058821;ENSDARG00000009610;ENSDARG00000056181;ENSDARG00000026070,ENSDARG00000036175;ENSDARG00000078619;ENSDARG00000058371;ENSDARG00000101043;ENSDARG00000019808;ENSDARG00000037746;ENSDARG00000092947;ENSDARG00000024785;ENSDARG00000017624;ENSDARG00000058693;ENSDARG00000036832;ENSDARG00000062020;ENSDARG00000076120;ENSDARG00000037870;ENSDARG00000099786;ENSDARG00000061764,ENSDARG00000054753;ENSDARG00000024847;ENSDARG00000037145;ENSDARG00000053481;ENSDARG00000052615;ENSDARG00000022437;ENSDARG00000098226;ENSDARG00000004627;ENSDARG00000101592;ENSDARG00000087804;ENSDARG00000104495;ENSDARG00000011821;ENSDARG00000020957;ENSDARG00000002507;ENSDARG00000052826;ENSDARG00000009014;ENSDARG00000015731;ENSDARG00000061977;ENSDARG00000059233;ENSDARG00000053344;ENSDARG00000062579;ENSDARG00000021442;ENSDARG00000040261;ENSDARG00000025089;ENSDARG00000042677;ENSDARG00000061248;ENSDARG00000034117;ENSDARG00000076119;ENSDARG00000035682;ENSDARG00000012422;ENSDARG00000011845;ENSDARG00000070025;ENSDARG00000103638;ENSDARG00000020007;ENSDARG00000090338;ENSDARG00000098753;ENSDARG00000001999;ENSDARG00000021137;ENSDARG00000038672;ENSDARG00000026165;ENSDARG00000096546;ENSDARG00000023542;ENSDARG00000007172;ENSDARG00000017229;ENSDARG00000004363;ENSDARG00000009418;ENSDARG00000058821;ENSDARG00000009610;ENSDARG00000056181;ENSDARG00000026070
C088,419,419,fga;cfb;fgg;itih3b.2;fgb;c9;dpydb;c3a.1;tfa;apoa2;nr1h4;f5;g6pc1a.2;ambp;pygl;apoa1b;hpda;cyp1a;tfr2;cfh;gys2;sik2a;cldn15lb;apobb.1;c4b;slc38a4;gcgra;ppp1r1b;hs3st3b1a;suclg2;st3gal3b;rcan2;mvb12bb;robo2;nr5a2;dusp22a;fgfrl1a;rxraa;angptl2b;igfbp1a;cdh22;met;stat5a;itpkcb;bop1;bhmt;slc7a3a;gbe1b;pde4a;ivns1abpa,omc2;cd99;abcb5;icn;cldne;crybg1b;lmo7a;evpla;eppk1;myo9aa;fbxo2;abca12;agr1;klf4;tcnbb;icn2;spaca4l;anxa1c;ppl;iqgap1;cast;znf185;sec23b;fam169aa;evplb;cyt1l;aep1;spns2;egfra;cyt1;bnc2;capn9;krt1-19e;tspan9a;ank3a;myh9a;pleca;kremen1;sgcd;pkp3a;cav1;piezo1;etnk1;perp;krt5;col5a1;epas1a;col4a6;dspb;atp11a,fga;cfb;fgg;itih3b.2;fgb;c9;dpydb;c3a.1;tfa;apoa2;nr1h4;f5;g6pc1a.2;ambp;pygl;apoa1b;hpda;cyp1a;tfr2;cfh;gys2;sik2a;cldn15lb;apobb.1;c4b;slc38a4;gcgra;ppp1r1b;hs3st3b1a;suclg2;st3gal3b;rcan2;mvb12bb;robo2;nr5a2;dusp22a;fgfrl1a;rxraa;angptl2b;igfbp1a;cdh22;met;stat5a;itpkcb;bop1;bhmt;slc7a3a;gbe1b;pde4a;ivns1abpa,380.6,290.4,4.73,ENSDARG00000020741;ENSDARG00000055278;ENSDARG00000037281;ENSDARG00000100406;ENSDARG00000008969;ENSDARG00000016319;ENSDARG00000010267;ENSDARG00000012694;ENSDARG00000016771;ENSDARG00000015866;ENSDARG00000057741;ENSDARG00000055705;ENSDARG00000013721;ENSDARG00000004296;ENSDARG00000002197;ENSDARG00000101324;ENSDARG00000018351;ENSDARG00000098315;ENSDARG00000103727;ENSDARG00000100442;ENSDARG00000004904;ENSDARG00000079618;ENSDARG00000100844;ENSDARG00000022767;ENSDARG00000038424;ENSDARG00000018149;ENSDARG00000104022;ENSDARG00000076280;ENSDARG00000099149;ENSDARG00000044914;ENSDARG00000015252;ENSDARG00000021869;ENSDARG00000079478;ENSDARG00000014891;ENSDARG00000100940;ENSDARG00000056396;ENSDARG00000032617;ENSDARG00000057737;ENSDARG00000068369;ENSDARG00000099351;ENSDARG00000098824;ENSDARG00000070903;ENSDARG00000019392;ENSDARG00000067741;ENSDARG00000063627;ENSDARG00000013430;ENSDARG00000020645;ENSDARG00000099524;ENSDARG00000032344;ENSDARG00000031100,ENSDARG00000117474;ENSDARG00000051975;ENSDARG00000021787;ENSDARG00000009978;ENSDARG00000043128;ENSDARG00000006060;ENSDARG00000004930;ENSDARG00000019808;ENSDARG00000096359;ENSDARG00000076729;ENSDARG00000099306;ENSDARG00000074749;ENSDARG00000060682;ENSDARG00000079922;ENSDARG00000091996;ENSDARG00000055514;ENSDARG00000116617;ENSDARG00000104359;ENSDARG00000101043;ENSDARG00000078888;ENSDARG00000058693;ENSDARG00000103917;ENSDARG00000019360;ENSDARG00000059719;ENSDARG00000103459;ENSDARG00000036832;ENSDARG00000039099;ENSDARG00000061017;ENSDARG00000013847;ENSDARG00000092947;ENSDARG00000069989;ENSDARG00000012341;ENSDARG00000090268;ENSDARG00000025299;ENSDARG00000061736;ENSDARG00000063295;ENSDARG00000062590;ENSDARG00000062579;ENSDARG00000098573;ENSDARG00000051861;ENSDARG00000103747;ENSDARG00000076870;ENSDARG00000019420;ENSDARG00000063572;ENSDARG00000058371;ENSDARG00000012593;ENSDARG00000008697;ENSDARG00000052061;ENSDARG00000076673;ENSDARG00000008413,ENSDARG00000020741;ENSDARG00000055278;ENSDARG00000037281;ENSDARG00000100406;ENSDARG00000008969;ENSDARG00000016319;ENSDARG00000010267;ENSDARG00000012694;ENSDARG00000016771;ENSDARG00000015866;ENSDARG00000057741;ENSDARG00000055705;ENSDARG00000013721;ENSDARG00000004296;ENSDARG00000002197;ENSDARG00000101324;ENSDARG00000018351;ENSDARG00000098315;ENSDARG00000103727;ENSDARG00000100442;ENSDARG00000004904;ENSDARG00000079618;ENSDARG00000100844;ENSDARG00000022767;ENSDARG00000038424;ENSDARG00000018149;ENSDARG00000104022;ENSDARG00000076280;ENSDARG00000099149;ENSDARG00000044914;ENSDARG00000015252;ENSDARG00000021869;ENSDARG00000079478;ENSDARG00000014891;ENSDARG00000100940;ENSDARG00000056396;ENSDARG00000032617;ENSDARG00000057737;ENSDARG00000068369;ENSDARG00000099351;ENSDARG00000098824;ENSDARG00000070903;ENSDARG00000019392;ENSDARG00000067741;ENSDARG00000063627;ENSDARG00000013430;ENSDARG00000020645;ENSDARG00000099524;ENSDARG00000032344;ENSDARG00000031100
C089,296,296,mdga1;gfra1b;elavl4;sez6l;prkg2;ntrk1;tmeff2b;asic1b;prkg1b;thsd7bb;ppp1r1c;ank2a;pcbp4;mgat4b;cntn2;kirrel3a;zeb1b;cntfr;cpne7;ndst3;nrxn2a;adgrb1a;kif1aa;gpc3;stum;grm4;myo10l1;nrg3b;ebf1a;cntnap2a;pde5ab;ptprfa;pde4a;kcnip3a;adarb1a;ptprfb;gal3st3;ntrk3a;ret;grm8b;ntng2a;pappaa;adam19b;pex5la;syt2a;lrrk1;cdh10b;b3gat2;eya4;aplp1,omc2;pof1b;hdlbpa;agr1;myh9a;ahnak;cldne;aep1;tcnbb;dspb;piezo1;ubb;znf185;pnp5a;cdh1;cast;pkp3a;nr4a3;crybg1b;kremen1;btg2;evpla;cd99;spaca4l;evplb;adipor2;perp;hspg2;anxa1c;nhsl1b;foxp4;cavin2b;elf1;lmo7a;fgfr2;cyt1;qkia;egfra;cav1;ppl;icn2;krt1-19e;sgcd;pawr;col5a1;capn9;fgfr3;ahr2;krt5;yap1,ntrk1;elavl4;tmeff2b;tlx2;prkg2;thsd7bb;ppp1r1c;mdga1;pcbp4;ntrk2a;prkg1b;ank2a;stmn4l;asic1b;nes;trarg1a;kif26bb;phf24;gfra1b;vim;sez6l;kif1aa;ntng2a;nrn1la;cacna1ba;frmd3;pde5ab;adam19b;ebf3a;mast1a;ankrd13b;arhgap22a;cntn2;anxa13l;scn8ab;stum;nptx1l;ebf1a;ntng2b;prkg1a;gpr158b;b3gat2;npr2;thsd7ba;dscamb;kcnd1;mctp1a;grip2b;rin1b;syt2a,531.8,359.3,1.82,ENSDARG00000074376;ENSDARG00000102564;ENSDARG00000045639;ENSDARG00000100594;ENSDARG00000054741;ENSDARG00000004586;ENSDARG00000058699;ENSDARG00000101866;ENSDARG00000031702;ENSDARG00000061497;ENSDARG00000038941;ENSDARG00000009026;ENSDARG00000024276;ENSDARG00000004115;ENSDARG00000000472;ENSDARG00000075806;ENSDARG00000013207;ENSDARG00000028661;ENSDARG00000102584;ENSDARG00000041776;ENSDARG00000061454;ENSDARG00000075133;ENSDARG00000061817;ENSDARG00000032199;ENSDARG00000041915;ENSDARG00000040156;ENSDARG00000074723;ENSDARG00000089766;ENSDARG00000099849;ENSDARG00000058969;ENSDARG00000051915;ENSDARG00000103479;ENSDARG00000032344;ENSDARG00000034229;ENSDARG00000041609;ENSDARG00000005754;ENSDARG00000073728;ENSDARG00000077228;ENSDARG00000055305;ENSDARG00000076508;ENSDARG00000077367;ENSDARG00000101090;ENSDARG00000067545;ENSDARG00000022518;ENSDARG00000025206;ENSDARG00000007398;ENSDARG00000103903;ENSDARG00000030733;ENSDARG00000012397;ENSDARG00000098368,ENSDARG00000117474;ENSDARG00000054060;ENSDARG00000009830;ENSDARG00000060682;ENSDARG00000063295;ENSDARG00000061764;ENSDARG00000043128;ENSDARG00000039099;ENSDARG00000091996;ENSDARG00000076673;ENSDARG00000076870;ENSDARG00000093313;ENSDARG00000103917;ENSDARG00000078619;ENSDARG00000102750;ENSDARG00000058693;ENSDARG00000051861;ENSDARG00000055854;ENSDARG00000006060;ENSDARG00000062579;ENSDARG00000020298;ENSDARG00000019808;ENSDARG00000051975;ENSDARG00000116617;ENSDARG00000103459;ENSDARG00000101849;ENSDARG00000063572;ENSDARG00000076564;ENSDARG00000104359;ENSDARG00000042627;ENSDARG00000076120;ENSDARG00000071196;ENSDARG00000020759;ENSDARG00000004930;ENSDARG00000058115;ENSDARG00000092947;ENSDARG00000097478;ENSDARG00000013847;ENSDARG00000103747;ENSDARG00000101043;ENSDARG00000055514;ENSDARG00000090268;ENSDARG00000098573;ENSDARG00000045486;ENSDARG00000012593;ENSDARG00000012341;ENSDARG00000004782;ENSDARG00000021833;ENSDARG00000058371;ENSDARG00000068401,ENSDARG00000004586;ENSDARG00000045639;ENSDARG00000058699;ENSDARG00000011273;ENSDARG00000054741;ENSDARG00000061497;ENSDARG00000038941;ENSDARG00000074376;ENSDARG00000024276;ENSDARG00000059897;ENSDARG00000031702;ENSDARG00000009026;ENSDARG00000043932;ENSDARG00000101866;ENSDARG00000088805;ENSDARG00000090481;ENSDARG00000024575;ENSDARG00000077596;ENSDARG00000102564;ENSDARG00000010008;ENSDARG00000100594;ENSDARG00000061817;ENSDARG00000077367;ENSDARG00000069368;ENSDARG00000021735;ENSDARG00000059885;ENSDARG00000051915;ENSDARG00000067545;ENSDARG00000100244;ENSDARG00000027497;ENSDARG00000014652;ENSDARG00000021255;ENSDARG00000000472;ENSDARG00000013613;ENSDARG00000018032;ENSDARG00000041915;ENSDARG00000074671;ENSDARG00000099849;ENSDARG00000087100;ENSDARG00000020656;ENSDARG00000079665;ENSDARG00000030733;ENSDARG00000104393;ENSDARG00000095022;ENSDARG00000028118;ENSDARG00000074746;ENSDARG00000076404;ENSDARG00000027618;ENSDARG00000070100;ENSDARG00000025206
C090,2070,2070,rx1;nr2e1;rorb;ncam1a;foxn4;slc38a3a;ephb6;cadm3;vax2;pax6b;ptprua;sdk1b;slc43a2a;pax6a;ephb2a;ccne2;celsr1b;crb2a;slc6a6b;dclk2a;ctnnd2b;vezf1a;efnb3a;ephb2b;pola1;notch1b;ctdp1;rttn;e2f3;msi1b;celf2;hs6st1a;dtx4a;gal3st3;pcbp4;cdk6;brip1;prim2;tfdp2;pou2f2b;rrm1;cdh2;lig1;tjp2b;zeb2a;baz2ba;tox;kif20a;znf516;zranb3,stx11b.1;btr12;styk1b;omc2;rab25a;elovl7a;klf2b;chs3;gvin1l2;gstp1.2;elovl7b;myo9b;cst14b.1;evplb;a2m1;muc13a;epcam;slc38a5a;rab11al;prkchb;caspb;cd99;fut9d;nfkbiaa;ikzf2;spint2;mid1ip1a;pkp3a;anxa2a;creb3l1;crybg1b;dhrs13a.2;bicdl2;sec23b;abca12;capn2l;fam169aa;bicdl2l;myzap;b4galt1;nfe2l2a;atp10b;gsnb;lmo7a;capn2b;nbeal2;ppl;ftr83;dspb;ahnak,rx1;nr2e1;rorb;ncam1a;foxn4;slc38a3a;ephb6;cadm3;vax2;pax6b;ptprua;sdk1b;slc43a2a;pax6a;ephb2a;ccne2;celsr1b;crb2a;slc6a6b;dclk2a;ctnnd2b;vezf1a;efnb3a;ephb2b;pola1;notch1b;ctdp1;rttn;e2f3;msi1b;celf2;hs6st1a;dtx4a;gal3st3;pcbp4;cdk6;brip1;prim2;tfdp2;pou2f2b;rrm1;cdh2;lig1;tjp2b;zeb2a;baz2ba;tox;kif20a;znf516;zranb3,302.0,242.3,1.9,ENSDARG00000071684;ENSDARG00000017107;ENSDARG00000033498;ENSDARG00000056181;ENSDARG00000010591;ENSDARG00000027065;ENSDARG00000057729;ENSDARG00000057013;ENSDARG00000058702;ENSDARG00000045936;ENSDARG00000092638;ENSDARG00000062854;ENSDARG00000036848;ENSDARG00000103379;ENSDARG00000037373;ENSDARG00000098529;ENSDARG00000058259;ENSDARG00000060106;ENSDARG00000098438;ENSDARG00000034093;ENSDARG00000003779;ENSDARG00000008247;ENSDARG00000112993;ENSDARG00000021539;ENSDARG00000045308;ENSDARG00000052094;ENSDARG00000017522;ENSDARG00000004131;ENSDARG00000070463;ENSDARG00000010710;ENSDARG00000002131;ENSDARG00000054754;ENSDARG00000076302;ENSDARG00000073728;ENSDARG00000024276;ENSDARG00000070228;ENSDARG00000074410;ENSDARG00000052721;ENSDARG00000042835;ENSDARG00000019658;ENSDARG00000014017;ENSDARG00000018693;ENSDARG00000060041;ENSDARG00000023443;ENSDARG00000062338;ENSDARG00000057782;ENSDARG00000032317;ENSDARG00000044491;ENSDARG00000070809;ENSDARG00000091538,ENSDARG00000029290;ENSDARG00000051809;ENSDARG00000041947;ENSDARG00000117474;ENSDARG00000058800;ENSDARG00000069279;ENSDARG00000040432;ENSDARG00000068947;ENSDARG00000102364;ENSDARG00000104068;ENSDARG00000100185;ENSDARG00000077410;ENSDARG00000117133;ENSDARG00000103459;ENSDARG00000104200;ENSDARG00000069559;ENSDARG00000040534;ENSDARG00000009901;ENSDARG00000014340;ENSDARG00000043243;ENSDARG00000052039;ENSDARG00000051975;ENSDARG00000028098;ENSDARG00000005481;ENSDARG00000069111;ENSDARG00000069476;ENSDARG00000041051;ENSDARG00000051861;ENSDARG00000003216;ENSDARG00000015793;ENSDARG00000006060;ENSDARG00000111240;ENSDARG00000052427;ENSDARG00000019360;ENSDARG00000074749;ENSDARG00000034211;ENSDARG00000059719;ENSDARG00000091669;ENSDARG00000075017;ENSDARG00000002634;ENSDARG00000042824;ENSDARG00000076230;ENSDARG00000045262;ENSDARG00000004930;ENSDARG00000055592;ENSDARG00000098641;ENSDARG00000101043;ENSDARG00000025403;ENSDARG00000076673;ENSDARG00000061764,ENSDARG00000071684;ENSDARG00000017107;ENSDARG00000033498;ENSDARG00000056181;ENSDARG00000010591;ENSDARG00000027065;ENSDARG00000057729;ENSDARG00000057013;ENSDARG00000058702;ENSDARG00000045936;ENSDARG00000092638;ENSDARG00000062854;ENSDARG00000036848;ENSDARG00000103379;ENSDARG00000037373;ENSDARG00000098529;ENSDARG00000058259;ENSDARG00000060106;ENSDARG00000098438;ENSDARG00000034093;ENSDARG00000003779;ENSDARG00000008247;ENSDARG00000112993;ENSDARG00000021539;ENSDARG00000045308;ENSDARG00000052094;ENSDARG00000017522;ENSDARG00000004131;ENSDARG00000070463;ENSDARG00000010710;ENSDARG00000002131;ENSDARG00000054754;ENSDARG00000076302;ENSDARG00000073728;ENSDARG00000024276;ENSDARG00000070228;ENSDARG00000074410;ENSDARG00000052721;ENSDARG00000042835;ENSDARG00000019658;ENSDARG00000014017;ENSDARG00000018693;ENSDARG00000060041;ENSDARG00000023443;ENSDARG00000062338;ENSDARG00000057782;ENSDARG00000032317;ENSDARG00000044491;ENSDARG00000070809;ENSDARG00000091538
C091,103,103,he1.1;mctp2b;rapgef4a;ampd3b;esyt1a;sack1fa;stx3b;adrb3a;st6gal2b;adcy6b;apba1a;camk1b;gng12b;plpp3;cadps2;fam13a;unc13b;samd5;tnika;atp2a3;madd;abcc5;oxr1a;itpkcb;dgkza;arhgef25a;foxp1a;camk2d1;plch2a;hivep3b;nt5c2b;dapk1;nav2b;nectin1b;atosa;dedd2;bcas3;daam1b;prkcaa;mast4;pawr;igf1rb;nek7;arhgap33;hdac4;ralgapa2;st6gal2a;ccnd2a;bcl9l;sbno2b,cyt1l;ahnak;krt5;krt4,muc13a;fut9d;tcnbb;tent5ba;gmds;calr3a;dnajb9b;manf;calr3b;kremen1;nucb2b;xbp1;sec61a1b;krt4;mydgf;lef1;pmm2;pdia3;omc2;rad9b;pdia4;slc8a2a;rrbp1a;cnpy1;grin3ba;pgap6;adgrg2a;ssr2;chs3;nbeal2;gad3;dnajb11;dis3l;sack1c;hpse2;apold1b;agr1;rab25a;hdlbpa;gdpd2;sec23b;dnajc3b;tram1;creb3l1;fkbp2;sema4ga;ano9a;kdelr2b;cyt1l;dgkzb,638.3,432.6,1.33,ENSDARG00000023656;ENSDARG00000073970;ENSDARG00000079872;ENSDARG00000032469;ENSDARG00000034714;ENSDARG00000038012;ENSDARG00000001880;ENSDARG00000053646;ENSDARG00000088515;ENSDARG00000027797;ENSDARG00000103848;ENSDARG00000029474;ENSDARG00000098123;ENSDARG00000059933;ENSDARG00000013312;ENSDARG00000075564;ENSDARG00000099113;ENSDARG00000110032;ENSDARG00000056218;ENSDARG00000060978;ENSDARG00000003495;ENSDARG00000061233;ENSDARG00000095865;ENSDARG00000067741;ENSDARG00000014439;ENSDARG00000100606;ENSDARG00000004843;ENSDARG00000043010;ENSDARG00000059960;ENSDARG00000037154;ENSDARG00000058231;ENSDARG00000060093;ENSDARG00000001879;ENSDARG00000086034;ENSDARG00000040452;ENSDARG00000002758;ENSDARG00000090764;ENSDARG00000009689;ENSDARG00000115657;ENSDARG00000078270;ENSDARG00000045486;ENSDARG00000034434;ENSDARG00000056966;ENSDARG00000011333;ENSDARG00000098349;ENSDARG00000005861;ENSDARG00000039335;ENSDARG00000051748;ENSDARG00000055054;ENSDARG00000016188,ENSDARG00000036832;ENSDARG00000061764;ENSDARG00000058371;ENSDARG00000017624,ENSDARG00000069559;ENSDARG00000028098;ENSDARG00000091996;ENSDARG00000039943;ENSDARG00000026629;ENSDARG00000103979;ENSDARG00000016886;ENSDARG00000063177;ENSDARG00000102808;ENSDARG00000062579;ENSDARG00000036291;ENSDARG00000035622;ENSDARG00000005675;ENSDARG00000017624;ENSDARG00000071679;ENSDARG00000031894;ENSDARG00000037654;ENSDARG00000102640;ENSDARG00000117474;ENSDARG00000075632;ENSDARG00000018491;ENSDARG00000008912;ENSDARG00000013763;ENSDARG00000003757;ENSDARG00000005364;ENSDARG00000032795;ENSDARG00000088137;ENSDARG00000005230;ENSDARG00000068947;ENSDARG00000098641;ENSDARG00000055370;ENSDARG00000015088;ENSDARG00000053200;ENSDARG00000075296;ENSDARG00000078163;ENSDARG00000068030;ENSDARG00000060682;ENSDARG00000058800;ENSDARG00000009830;ENSDARG00000073870;ENSDARG00000019360;ENSDARG00000017874;ENSDARG00000019137;ENSDARG00000015793;ENSDARG00000044540;ENSDARG00000076595;ENSDARG00000076320;ENSDARG00000037361;ENSDARG00000036832;ENSDARG00000076025
C092,315,315,sst2;ins;gcgb;gcga;vwa5b2;pcxb;pnoca;scgn;sst1.2;scg3;abcc8;slc5a10;kcnk9;rapgef4a;pcsk1;pcsk2;prlra;slc30a2;bean1;elapor2b;cadm1a;cacna1c;pax6b;spon1b;dpp6a;camk1da;sgsm1a;kcnt2b;pcsk1nl;sdk1a;gabrg3;cpe;syt7a;gria3a;cacna1da;slc2a13a;cacna2d2a;sorcs3a;pde4cb;cadm2a;dgkh;ptprnb;kcnj19a;cacna1bb;rhobtb1;syt1a;ptn;npdc1a;gcgra;dgkg,dspb;sdc4;cd99;ubb;cldne;anxa1c;evpla;crybg1b;crybg1a;tcnbb;ppl;agr1;piezo1;sgcd;omc2;cavin2b;ahnak;cav1;pleca;znf185;pkp3a;krt1-19e;lmo7a;evplb;mvp;pnp5a;icn2;slit3;cast;perp;spaca4l;hdlbpa;cyt1;col1a1a;kidins220a;krt5;yap1;actn4;myh9a;qkia;ywhaz;abca12;actb1;cdh1;agrn;tpm3;xbp1;pfn2b;pard3bb;tob1b,sst2;ins;gcgb;gcga;vwa5b2;pcxb;scgn;pnoca;sst1.2;scg3;kcnk9;slc5a10;abcc8;rapgef4a;pcsk1;pcsk2;prlra;slc30a2;sdk1a;bean1;pax6b;sgsm1a;kcnt2b;camk1da;cacna1c;pcsk1nl;dpp6a;spon1b;gabrg3;cpe;gria3a;npdc1a;cadm1a;syt7a;slc2a13a;cacna1da;sorcs3a;ptprnb;pde4cb;cadm2a;cacna2d2a;rhobtb1;slc1a4;dgkh;cacna1bb;ptn;slc7a2;gcgra;dgkg;cdh4,442.4,314.8,5.12,ENSDARG00000014190;ENSDARG00000035350;ENSDARG00000040907;ENSDARG00000079296;ENSDARG00000075886;ENSDARG00000051939;ENSDARG00000025024;ENSDARG00000058732;ENSDARG00000033161;ENSDARG00000086288;ENSDARG00000051879;ENSDARG00000074212;ENSDARG00000104563;ENSDARG00000079872;ENSDARG00000002600;ENSDARG00000019451;ENSDARG00000016570;ENSDARG00000021305;ENSDARG00000087413;ENSDARG00000004386;ENSDARG00000031075;ENSDARG00000008398;ENSDARG00000045936;ENSDARG00000023694;ENSDARG00000076826;ENSDARG00000074905;ENSDARG00000028857;ENSDARG00000113064;ENSDARG00000076170;ENSDARG00000078866;ENSDARG00000099919;ENSDARG00000055874;ENSDARG00000063568;ENSDARG00000032737;ENSDARG00000102773;ENSDARG00000087867;ENSDARG00000103390;ENSDARG00000103535;ENSDARG00000002411;ENSDARG00000009930;ENSDARG00000018716;ENSDARG00000077047;ENSDARG00000059747;ENSDARG00000079295;ENSDARG00000079468;ENSDARG00000030614;ENSDARG00000102340;ENSDARG00000074697;ENSDARG00000104022;ENSDARG00000062696,ENSDARG00000076673;ENSDARG00000059906;ENSDARG00000051975;ENSDARG00000093313;ENSDARG00000043128;ENSDARG00000104359;ENSDARG00000019808;ENSDARG00000006060;ENSDARG00000031782;ENSDARG00000091996;ENSDARG00000101043;ENSDARG00000060682;ENSDARG00000076870;ENSDARG00000098573;ENSDARG00000117474;ENSDARG00000071196;ENSDARG00000061764;ENSDARG00000103747;ENSDARG00000062590;ENSDARG00000103917;ENSDARG00000051861;ENSDARG00000090268;ENSDARG00000004930;ENSDARG00000103459;ENSDARG00000021242;ENSDARG00000078619;ENSDARG00000055514;ENSDARG00000034268;ENSDARG00000058693;ENSDARG00000063572;ENSDARG00000116617;ENSDARG00000009830;ENSDARG00000092947;ENSDARG00000012405;ENSDARG00000031240;ENSDARG00000058371;ENSDARG00000068401;ENSDARG00000099786;ENSDARG00000063295;ENSDARG00000097478;ENSDARG00000032575;ENSDARG00000074749;ENSDARG00000037746;ENSDARG00000102750;ENSDARG00000079388;ENSDARG00000005162;ENSDARG00000035622;ENSDARG00000003952;ENSDARG00000034555;ENSDARG00000021372,ENSDARG00000014190;ENSDARG00000035350;ENSDARG00000040907;ENSDARG00000079296;ENSDARG00000075886;ENSDARG00000051939;ENSDARG00000058732;ENSDARG00000025024;ENSDARG00000033161;ENSDARG00000086288;ENSDARG00000104563;ENSDARG00000074212;ENSDARG00000051879;ENSDARG00000079872;ENSDARG00000002600;ENSDARG00000019451;ENSDARG00000016570;ENSDARG00000021305;ENSDARG00000078866;ENSDARG00000087413;ENSDARG00000045936;ENSDARG00000028857;ENSDARG00000113064;ENSDARG00000074905;ENSDARG00000008398;ENSDARG00000076170;ENSDARG00000076826;ENSDARG00000023694;ENSDARG00000099919;ENSDARG00000055874;ENSDARG00000032737;ENSDARG00000074697;ENSDARG00000031075;ENSDARG00000063568;ENSDARG00000087867;ENSDARG00000102773;ENSDARG00000103535;ENSDARG00000077047;ENSDARG00000002411;ENSDARG00000009930;ENSDARG00000103390;ENSDARG00000079468;ENSDARG00000000551;ENSDARG00000018716;ENSDARG00000079295;ENSDARG00000102340;ENSDARG00000037097;ENSDARG00000104022;ENSDARG00000062696;ENSDARG00000015002
C093,1073,1073,bscl2l;pax7b;aox5;xdh;slc2a11b;mocos;tmem130;slc2a15a;oacyl;cax1;rasef;pax7a;csf1ra-1;slc22a7a;tat;gch2;slc2a15b;opn8b;lrmda;rab38b;trpm1b;akr1b1.1;mlphb;mocs1;pts;mlpha;mc5ra;fmn2a;dgkza;plin6;plxdc1;myo5aa;bco1;arhgef33;rab34b;qrfpr4;slc24a4a;tmem163a;pax3b;slc23a4;gphna;runx3;cacna1eb;tnfaip8l3;igsf11;pigf;ablim3;prtfdc1b;syngr1a;bace2,rhpn2;chs3;klf2b;dhrs13a.2;bicdl2l;elovl7a;agr1;pkp3a;a2m1;fam169aa;gvin1l2;stard14;fut9d;omc2;cav1;abcb5;calm3b;capn9;znf185;anxa2a;dgkzb;ppl;tcnbb;sec23b;dsc2l;cldnb;anxa1a;oclna;pawr;nr4a1;perp;gsnb;evpla;cd9b;nos1;icn;cd99;abca12;cyp2y3;cavin2b;creb3l1;lmo7a;crybg1b;krt1-19e;tuft1a;scel;cldn7b;myh9a;b4galt1;btg2,bscl2l;pax7b;aox5;xdh;slc2a11b;mocos;tmem130;slc2a15a;oacyl;cax1;rasef;pax7a;csf1ra-1;slc22a7a;tat;gch2;slc2a15b;opn8b;lrmda;rab38b;trpm1b;akr1b1.1;mlphb;mocs1;pts;mlpha;mc5ra;fmn2a;dgkza;plin6;plxdc1;myo5aa;bco1;arhgef33;rab34b;qrfpr4;slc24a4a;tmem163a;pax3b;slc23a4;gphna;runx3;cacna1eb;tnfaip8l3;igsf11;pigf;ablim3;prtfdc1b;syngr1a;bace2,416.2,304.8,1.48,ENSDARG00000025912;ENSDARG00000070818;ENSDARG00000071475;ENSDARG00000055240;ENSDARG00000063288;ENSDARG00000057148;ENSDARG00000103789;ENSDARG00000029894;ENSDARG00000075191;ENSDARG00000045601;ENSDARG00000076250;ENSDARG00000100398;ENSDARG00000102986;ENSDARG00000056028;ENSDARG00000069630;ENSDARG00000099101;ENSDARG00000053269;ENSDARG00000079045;ENSDARG00000057166;ENSDARG00000112889;ENSDARG00000103476;ENSDARG00000006215;ENSDARG00000062481;ENSDARG00000078479;ENSDARG00000045269;ENSDARG00000070991;ENSDARG00000031348;ENSDARG00000023318;ENSDARG00000014439;ENSDARG00000076844;ENSDARG00000078417;ENSDARG00000061635;ENSDARG00000104256;ENSDARG00000097964;ENSDARG00000010977;ENSDARG00000092652;ENSDARG00000015425;ENSDARG00000079858;ENSDARG00000028348;ENSDARG00000052497;ENSDARG00000089076;ENSDARG00000052826;ENSDARG00000095614;ENSDARG00000088709;ENSDARG00000109783;ENSDARG00000032780;ENSDARG00000088168;ENSDARG00000011683;ENSDARG00000002564;ENSDARG00000044781,ENSDARG00000014577;ENSDARG00000068947;ENSDARG00000040432;ENSDARG00000111240;ENSDARG00000091669;ENSDARG00000069279;ENSDARG00000060682;ENSDARG00000051861;ENSDARG00000104200;ENSDARG00000059719;ENSDARG00000102364;ENSDARG00000031929;ENSDARG00000028098;ENSDARG00000117474;ENSDARG00000103747;ENSDARG00000021787;ENSDARG00000074057;ENSDARG00000012341;ENSDARG00000103917;ENSDARG00000003216;ENSDARG00000076025;ENSDARG00000101043;ENSDARG00000091996;ENSDARG00000019360;ENSDARG00000039677;ENSDARG00000009544;ENSDARG00000026726;ENSDARG00000005108;ENSDARG00000045486;ENSDARG00000000796;ENSDARG00000063572;ENSDARG00000045262;ENSDARG00000019808;ENSDARG00000016691;ENSDARG00000068910;ENSDARG00000009978;ENSDARG00000051975;ENSDARG00000074749;ENSDARG00000101423;ENSDARG00000071196;ENSDARG00000015793;ENSDARG00000004930;ENSDARG00000006060;ENSDARG00000090268;ENSDARG00000061242;ENSDARG00000034677;ENSDARG00000014047;ENSDARG00000063295;ENSDARG00000002634;ENSDARG00000020298,ENSDARG00000025912;ENSDARG00000070818;ENSDARG00000071475;ENSDARG00000055240;ENSDARG00000063288;ENSDARG00000057148;ENSDARG00000103789;ENSDARG00000029894;ENSDARG00000075191;ENSDARG00000045601;ENSDARG00000076250;ENSDARG00000100398;ENSDARG00000102986;ENSDARG00000056028;ENSDARG00000069630;ENSDARG00000099101;ENSDARG00000053269;ENSDARG00000079045;ENSDARG00000057166;ENSDARG00000112889;ENSDARG00000103476;ENSDARG00000006215;ENSDARG00000062481;ENSDARG00000078479;ENSDARG00000045269;ENSDARG00000070991;ENSDARG00000031348;ENSDARG00000023318;ENSDARG00000014439;ENSDARG00000076844;ENSDARG00000078417;ENSDARG00000061635;ENSDARG00000104256;ENSDARG00000097964;ENSDARG00000010977;ENSDARG00000092652;ENSDARG00000015425;ENSDARG00000079858;ENSDARG00000028348;ENSDARG00000052497;ENSDARG00000089076;ENSDARG00000052826;ENSDARG00000095614;ENSDARG00000088709;ENSDARG00000109783;ENSDARG00000032780;ENSDARG00000088168;ENSDARG00000011683;ENSDARG00000002564;ENSDARG00000044781
C094,539,539,tm4sf4;cdx1a;adrb3b;cyp1a;igsf5b;mvb12bb;shank3a;ezra;itga3a;anxa4;sh3bp4a;prdm16-2;hs3st3b1a;zfpm1;npnta;dpydb;prxl2b;sdk1a;nav3;lama5;klf5l;fras1;nr5a2;cers2a;bcam;cadps2;tp53bp2b;pard6b;pdlim1;fa2h;pdgfba;stox2a;chsy1;flnba;slc7a3a;efhd2;nab1b;ek1;pard3bb;aopep;pawr;foxp1b;ptprfb;pdlim4;pdgfc;arhgap42b;ugt8;ccdc85cb;rapgef5b;mbnl1,anxa1a;omc2;ank3a;myh14;evpla;evplb;agr1;arhgdig;fam169aa;ppl;ckap4;spaca4l;nos1;abcb5;cav1;cldne;krt5;icn2;aep1;krt1-19e;epas1a;tcnbb;rarga;col1a1b;cyt1l;lmo7a;eppk1;ebf3a;capn9;abca12;anxa1c;piezo1;znf185;fbxo2;sec23b;cd99;col1a1a;hdlbpa;bnc2;celf2;myh9a;cyt1;ubb;sgcd;col1a2;col12a1b;dspb;ctnna2;nrxn1a;pleca,cldn15la;cldn15a;cdx1b;tm4sf21a;ihha;cdx1a;tm4sf4;npc1l1;cldn15lb;anpepb.2;anxa2b;saga;hnf4g;acot19;hnf4a;cldn3d;cyp3c3;dpydb;mvb12bb;myo7ba;c3a.1;cyp1a;ezra;abcb11a;hnf1bb;pcxb;tmc5;sstr5;vil1;cers3a;clic5b;sytl5;col18a1a;itga3a;col14a1a;muc13b;tmprss2;slco1d1;sik2a;ush1c;postna;pxdc1b;pard6b;fa2h;sdk1a;nr5a2;satb2;ugt8;eva1ab;sfrp5,457.5,331.5,4.01,ENSDARG00000040747;ENSDARG00000114554;ENSDARG00000052919;ENSDARG00000098315;ENSDARG00000090953;ENSDARG00000079478;ENSDARG00000063332;ENSDARG00000020944;ENSDARG00000037917;ENSDARG00000036456;ENSDARG00000020000;ENSDARG00000092738;ENSDARG00000099149;ENSDARG00000041572;ENSDARG00000018721;ENSDARG00000010267;ENSDARG00000029795;ENSDARG00000078866;ENSDARG00000005476;ENSDARG00000058543;ENSDARG00000018757;ENSDARG00000054619;ENSDARG00000100940;ENSDARG00000013704;ENSDARG00000090190;ENSDARG00000013312;ENSDARG00000054858;ENSDARG00000003865;ENSDARG00000019845;ENSDARG00000090063;ENSDARG00000086778;ENSDARG00000070162;ENSDARG00000079027;ENSDARG00000098374;ENSDARG00000020645;ENSDARG00000055759;ENSDARG00000040700;ENSDARG00000020080;ENSDARG00000034555;ENSDARG00000068461;ENSDARG00000045486;ENSDARG00000014181;ENSDARG00000005754;ENSDARG00000068973;ENSDARG00000077588;ENSDARG00000010654;ENSDARG00000037455;ENSDARG00000079555;ENSDARG00000074307;ENSDARG00000052978,ENSDARG00000026726;ENSDARG00000117474;ENSDARG00000061736;ENSDARG00000073732;ENSDARG00000019808;ENSDARG00000103459;ENSDARG00000060682;ENSDARG00000004034;ENSDARG00000059719;ENSDARG00000101043;ENSDARG00000032405;ENSDARG00000116617;ENSDARG00000068910;ENSDARG00000021787;ENSDARG00000103747;ENSDARG00000043128;ENSDARG00000058371;ENSDARG00000055514;ENSDARG00000039099;ENSDARG00000090268;ENSDARG00000008697;ENSDARG00000091996;ENSDARG00000034117;ENSDARG00000035809;ENSDARG00000036832;ENSDARG00000004930;ENSDARG00000096359;ENSDARG00000100244;ENSDARG00000012341;ENSDARG00000074749;ENSDARG00000104359;ENSDARG00000076870;ENSDARG00000103917;ENSDARG00000099306;ENSDARG00000019360;ENSDARG00000051975;ENSDARG00000012405;ENSDARG00000009830;ENSDARG00000069989;ENSDARG00000002131;ENSDARG00000063295;ENSDARG00000092947;ENSDARG00000093313;ENSDARG00000098573;ENSDARG00000020007;ENSDARG00000019601;ENSDARG00000076673;ENSDARG00000024785;ENSDARG00000061647;ENSDARG00000062590,ENSDARG00000016081;ENSDARG00000112049;ENSDARG00000116139;ENSDARG00000057706;ENSDARG00000058733;ENSDARG00000114554;ENSDARG00000040747;ENSDARG00000099558;ENSDARG00000100844;ENSDARG00000097285;ENSDARG00000053625;ENSDARG00000012610;ENSDARG00000071565;ENSDARG00000040427;ENSDARG00000021494;ENSDARG00000015955;ENSDARG00000037873;ENSDARG00000010267;ENSDARG00000079478;ENSDARG00000044441;ENSDARG00000012694;ENSDARG00000098315;ENSDARG00000020944;ENSDARG00000011573;ENSDARG00000022295;ENSDARG00000051939;ENSDARG00000013252;ENSDARG00000101655;ENSDARG00000040466;ENSDARG00000078541;ENSDARG00000070584;ENSDARG00000062135;ENSDARG00000036558;ENSDARG00000037917;ENSDARG00000005762;ENSDARG00000079647;ENSDARG00000098686;ENSDARG00000104108;ENSDARG00000079618;ENSDARG00000051876;ENSDARG00000043806;ENSDARG00000040309;ENSDARG00000003865;ENSDARG00000090063;ENSDARG00000078866;ENSDARG00000100940;ENSDARG00000061885;ENSDARG00000037455;ENSDARG00000061405;ENSDARG00000039041
C095,9926,5000,col1a1b;col1a2;col17a1a;postnb;col11a1a;col5a3b;itgb4;col7a1;cxl34b.11;col1a1a;lamb4;kera;col14a1b;rbp4;col28a1a;col4a5;col4a6;cxcl8a;col2a1b;cldni;cxcl-c13b;krt91;col12a1b;col18a1a;lgals1l1;dapk2b;mmp30;itga6b;plek2;col16a1;cpz;aqp3a;abi3bpb;c7a;znf469;itgb3a;vit;paplna;cavin1b;ecrg4b;plecb;padi2;itga2.2;sparc;ch25h;lum;fat2;myh9a;arap2;thy1,oclnb;styk1a;omc2;gvin1l2;muc13a;stx11b.1;adgrf6;cyp17a1;b3gnt3.1;ca2;fut9d;a2m1;ngef;evplb;dhrs13a.2;adgrg2a;myzap;styk1b;atp10b;litafd;selenow2b;gbgt1l4;stard14;mala.2;mgll;rab25a;mgst1.2;agr1;hsd17b12a;chs3;niban1a;erbb3a;osbpl7;cldne;fa2h;evpla;ftr83;tcnbb;slc5a8;rabgap1l2;anxa1c;elovl6l;tmem176l.3b;hip1rb;col27a1b;prkchb;cldn23.1;fryb;myo18aa;lama4,col1a1b;col1a2;col17a1a;postnb;col11a1a;col5a3b;itgb4;col7a1;cxl34b.11;col1a1a;lamb4;kera;col14a1b;rbp4;col28a1a;col4a5;col4a6;cxcl8a;col2a1b;cldni;cxcl-c13b;krt91;col12a1b;col18a1a;lgals1l1;dapk2b;mmp30;itga6b;plek2;col16a1;cpz;aqp3a;abi3bpb;c7a;znf469;itgb3a;vit;paplna;cavin1b;ecrg4b;plecb;padi2;itga2.2;sparc;ch25h;lum;fat2;myh9a;arap2;thy1,418.6,286.2,3.15,ENSDARG00000035809;ENSDARG00000020007;ENSDARG00000069415;ENSDARG00000104267;ENSDARG00000026165;ENSDARG00000101816;ENSDARG00000028507;ENSDARG00000021720;ENSDARG00000092283;ENSDARG00000012405;ENSDARG00000039133;ENSDARG00000056938;ENSDARG00000076623;ENSDARG00000101199;ENSDARG00000077084;ENSDARG00000052063;ENSDARG00000052061;ENSDARG00000104795;ENSDARG00000011407;ENSDARG00000054616;ENSDARG00000114454;ENSDARG00000036830;ENSDARG00000019601;ENSDARG00000036558;ENSDARG00000088711;ENSDARG00000103666;ENSDARG00000045887;ENSDARG00000069946;ENSDARG00000012789;ENSDARG00000009194;ENSDARG00000075521;ENSDARG00000003808;ENSDARG00000071095;ENSDARG00000042172;ENSDARG00000096887;ENSDARG00000056767;ENSDARG00000063631;ENSDARG00000027867;ENSDARG00000059362;ENSDARG00000088717;ENSDARG00000021987;ENSDARG00000044167;ENSDARG00000062974;ENSDARG00000019353;ENSDARG00000045190;ENSDARG00000045580;ENSDARG00000018923;ENSDARG00000063295;ENSDARG00000100518;ENSDARG00000035018,ENSDARG00000003091;ENSDARG00000070950;ENSDARG00000117474;ENSDARG00000102364;ENSDARG00000069559;ENSDARG00000029290;ENSDARG00000042829;ENSDARG00000033566;ENSDARG00000043482;ENSDARG00000014488;ENSDARG00000028098;ENSDARG00000104200;ENSDARG00000076179;ENSDARG00000103459;ENSDARG00000111240;ENSDARG00000088137;ENSDARG00000075017;ENSDARG00000041947;ENSDARG00000076230;ENSDARG00000087093;ENSDARG00000089936;ENSDARG00000068503;ENSDARG00000031929;ENSDARG00000043442;ENSDARG00000036820;ENSDARG00000058800;ENSDARG00000022165;ENSDARG00000060682;ENSDARG00000015709;ENSDARG00000068947;ENSDARG00000042055;ENSDARG00000006202;ENSDARG00000012981;ENSDARG00000043128;ENSDARG00000090063;ENSDARG00000019808;ENSDARG00000025403;ENSDARG00000091996;ENSDARG00000087120;ENSDARG00000060315;ENSDARG00000104359;ENSDARG00000038639;ENSDARG00000096874;ENSDARG00000102458;ENSDARG00000099930;ENSDARG00000043243;ENSDARG00000028096;ENSDARG00000056001;ENSDARG00000075752;ENSDARG00000020785,ENSDARG00000035809;ENSDARG00000020007;ENSDARG00000069415;ENSDARG00000104267;ENSDARG00000026165;ENSDARG00000101816;ENSDARG00000028507;ENSDARG00000021720;ENSDARG00000092283;ENSDARG00000012405;ENSDARG00000039133;ENSDARG00000056938;ENSDARG00000076623;ENSDARG00000101199;ENSDARG00000077084;ENSDARG00000052063;ENSDARG00000052061;ENSDARG00000104795;ENSDARG00000011407;ENSDARG00000054616;ENSDARG00000114454;ENSDARG00000036830;ENSDARG00000019601;ENSDARG00000036558;ENSDARG00000088711;ENSDARG00000103666;ENSDARG00000045887;ENSDARG00000069946;ENSDARG00000012789;ENSDARG00000009194;ENSDARG00000075521;ENSDARG00000003808;ENSDARG00000071095;ENSDARG00000042172;ENSDARG00000096887;ENSDARG00000056767;ENSDARG00000063631;ENSDARG00000027867;ENSDARG00000059362;ENSDARG00000088717;ENSDARG00000021987;ENSDARG00000044167;ENSDARG00000062974;ENSDARG00000019353;ENSDARG00000045190;ENSDARG00000045580;ENSDARG00000018923;ENSDARG00000063295;ENSDARG00000100518;ENSDARG00000035018
C096,556,556,tspearb;col14a1a;fras1;rspo2;flnbb;ecm2;megf6a;unc5b;frem2a;hmcn1;megf6b;itih5;lama5;mmp9;dlx4a;prdm1a;cpa6;frem1a;mxra5a;hapln3;dok4;gpc5a;grip1;nrg2a;bcam;slc23a2;hs3st3b1b;mmp13a.1;ralgps2;slc6a17;col18a1a;apoeb;nid2a;cspg4ba;kremen1;wnt5b;plch2a;sema3e;tiam1b;plekhh1;hs3st3b1a;rapgefl1;adamts17;slc35h1;fstl1a;tcf7;bmp7b;cpne4a;fgf24;htra1b,icn2;evplb;znf185;omc2;sec23b;capn9;abca12;tjp1a;hsd17b12a;fbxo2;epas1a;evpla;nos1;tcnbb;krt1-19e;ppl;ckap4;dspb;myh14;aep1;anxa1c;agr1;dhrs11a;perp;fam169aa;cav1;lmo7a;zbtb16a;krt5;ctnna2;eppk1;sgcd;cyt1l;cd99;cldne;abcb5;efnb3b;ank2b;tjp1b;arvcfb;cavin2b;ywhabl;myo5b;enah;mcf2l2;krt4;ebf3a;slit3;icn;rbfox3a,tspearb;col14a1a;fras1;rspo2;flnbb;ecm2;megf6a;unc5b;frem2a;hmcn1;megf6b;itih5;lama5;mmp9;dlx4a;prdm1a;cpa6;frem1a;mxra5a;hapln3;dok4;gpc5a;grip1;nrg2a;bcam;slc23a2;hs3st3b1b;mmp13a.1;ralgps2;slc6a17;col18a1a;apoeb;nid2a;cspg4ba;kremen1;wnt5b;plch2a;sema3e;tiam1b;plekhh1;hs3st3b1a;rapgefl1;adamts17;slc35h1;fstl1a;tcf7;bmp7b;cpne4a;fgf24;htra1b,434.0,302.0,1.66,ENSDARG00000089235;ENSDARG00000005762;ENSDARG00000054619;ENSDARG00000079570;ENSDARG00000092281;ENSDARG00000071549;ENSDARG00000079199;ENSDARG00000033327;ENSDARG00000076856;ENSDARG00000016936;ENSDARG00000074808;ENSDARG00000045517;ENSDARG00000058543;ENSDARG00000042816;ENSDARG00000011956;ENSDARG00000002445;ENSDARG00000012013;ENSDARG00000069473;ENSDARG00000074815;ENSDARG00000045802;ENSDARG00000073731;ENSDARG00000103647;ENSDARG00000015053;ENSDARG00000077818;ENSDARG00000090190;ENSDARG00000017365;ENSDARG00000086645;ENSDARG00000114451;ENSDARG00000026519;ENSDARG00000068787;ENSDARG00000036558;ENSDARG00000040295;ENSDARG00000075707;ENSDARG00000076735;ENSDARG00000062579;ENSDARG00000102464;ENSDARG00000059960;ENSDARG00000036571;ENSDARG00000025920;ENSDARG00000053835;ENSDARG00000099149;ENSDARG00000079912;ENSDARG00000075555;ENSDARG00000037517;ENSDARG00000015559;ENSDARG00000038672;ENSDARG00000063230;ENSDARG00000101095;ENSDARG00000037677;ENSDARG00000014907,ENSDARG00000055514;ENSDARG00000103459;ENSDARG00000103917;ENSDARG00000117474;ENSDARG00000019360;ENSDARG00000012341;ENSDARG00000074749;ENSDARG00000077506;ENSDARG00000015709;ENSDARG00000099306;ENSDARG00000008697;ENSDARG00000019808;ENSDARG00000068910;ENSDARG00000091996;ENSDARG00000090268;ENSDARG00000101043;ENSDARG00000032405;ENSDARG00000076673;ENSDARG00000073732;ENSDARG00000039099;ENSDARG00000104359;ENSDARG00000060682;ENSDARG00000046090;ENSDARG00000063572;ENSDARG00000059719;ENSDARG00000103747;ENSDARG00000004930;ENSDARG00000007184;ENSDARG00000058371;ENSDARG00000024785;ENSDARG00000096359;ENSDARG00000098573;ENSDARG00000036832;ENSDARG00000051975;ENSDARG00000043128;ENSDARG00000021787;ENSDARG00000042277;ENSDARG00000043313;ENSDARG00000079374;ENSDARG00000061688;ENSDARG00000071196;ENSDARG00000040287;ENSDARG00000062003;ENSDARG00000032049;ENSDARG00000079742;ENSDARG00000017624;ENSDARG00000100244;ENSDARG00000034268;ENSDARG00000009978;ENSDARG00000010083,ENSDARG00000089235;ENSDARG00000005762;ENSDARG00000054619;ENSDARG00000079570;ENSDARG00000092281;ENSDARG00000071549;ENSDARG00000079199;ENSDARG00000033327;ENSDARG00000076856;ENSDARG00000016936;ENSDARG00000074808;ENSDARG00000045517;ENSDARG00000058543;ENSDARG00000042816;ENSDARG00000011956;ENSDARG00000002445;ENSDARG00000012013;ENSDARG00000069473;ENSDARG00000074815;ENSDARG00000045802;ENSDARG00000073731;ENSDARG00000103647;ENSDARG00000015053;ENSDARG00000077818;ENSDARG00000090190;ENSDARG00000017365;ENSDARG00000086645;ENSDARG00000114451;ENSDARG00000026519;ENSDARG00000068787;ENSDARG00000036558;ENSDARG00000040295;ENSDARG00000075707;ENSDARG00000076735;ENSDARG00000062579;ENSDARG00000102464;ENSDARG00000059960;ENSDARG00000036571;ENSDARG00000025920;ENSDARG00000053835;ENSDARG00000099149;ENSDARG00000079912;ENSDARG00000075555;ENSDARG00000037517;ENSDARG00000015559;ENSDARG00000038672;ENSDARG00000063230;ENSDARG00000101095;ENSDARG00000037677;ENSDARG00000014907
C097,692,692,cmlc1;myl7;slc8a1a;tnnc1a;myh7l;tnnt2a;tnni1b;myh7;nppa;nppb;myh6;adprhl1;ryr2b;pln1;dre-mir-736;fhl2a;mybpc3;hspb7;actn2b;lmod2b;csrp3;myh7ba;elapor2a;cacna1g;tmem178a;sorbs2a;kcnh6a;rbpms2b;gata6;popdc2;synpo2lb;tbx20;pdlim3a;clec19a;tbx5a;tpm4a;rbpms2a;fhl1a;acta2;hcn4;ldb3a;myh7bb;cacna1c;tnni4a;cd9a;popdc1;mmel1;smpx;cox6b1;hspb1,aldob;klf2b;cldnb;gsnb;anxa1a;fam169aa;nos1;b4galt1;dhrs13a.2;gvin1l2;agr1;crybg1b;abca12;ppl;spaca4l;tcnbb;pnp5a;evplb;znf185;arhgdig;stard14;epcam;capn9;pkp3a;myo5b;abcb5;cldne;evpla;aep1;fut9d;myh9a;anxa1c;atp8b1;magi3b;ckap4;anxa2a;cfl1l;pard3ba;klf4;cyp2y3;foxo1b;cyt1;icn2;creb3l1;f11r.1;pleca;krt5;nrg1;spire1a;znf385a,cmlc1;myl7;slc8a1a;tnnc1a;myh7l;tnnt2a;tnni1b;myh7;nppa;nppb;myh6;adprhl1;ryr2b;pln1;dre-mir-736;fhl2a;mybpc3;hspb7;actn2b;lmod2b;csrp3;myh7ba;elapor2a;cacna1g;tmem178a;sorbs2a;kcnh6a;rbpms2b;gata6;popdc2;synpo2lb;tbx20;pdlim3a;clec19a;tbx5a;tpm4a;rbpms2a;fhl1a;acta2;hcn4;ldb3a;myh7bb;cacna1c;tnni4a;cd9a;popdc1;mmel1;smpx;cox6b1;hspb1,994.6,512.9,11.72,ENSDARG00000032976;ENSDARG00000019096;ENSDARG00000013422;ENSDARG00000011400;ENSDARG00000079782;ENSDARG00000020610;ENSDARG00000052708;ENSDARG00000079564;ENSDARG00000052960;ENSDARG00000052958;ENSDARG00000090637;ENSDARG00000041589;ENSDARG00000003706;ENSDARG00000069404;ENSDARG00000083623;ENSDARG00000042018;ENSDARG00000011615;ENSDARG00000104441;ENSDARG00000071090;ENSDARG00000045864;ENSDARG00000101706;ENSDARG00000076075;ENSDARG00000042213;ENSDARG00000089913;ENSDARG00000020758;ENSDARG00000003046;ENSDARG00000001803;ENSDARG00000079578;ENSDARG00000103589;ENSDARG00000069922;ENSDARG00000078696;ENSDARG00000005150;ENSDARG00000011023;ENSDARG00000115545;ENSDARG00000024894;ENSDARG00000023963;ENSDARG00000045930;ENSDARG00000071498;ENSDARG00000045180;ENSDARG00000061685;ENSDARG00000056322;ENSDARG00000035322;ENSDARG00000008398;ENSDARG00000099870;ENSDARG00000005842;ENSDARG00000058548;ENSDARG00000105389;ENSDARG00000045302;ENSDARG00000045230;ENSDARG00000041065,ENSDARG00000053684;ENSDARG00000040432;ENSDARG00000009544;ENSDARG00000045262;ENSDARG00000026726;ENSDARG00000059719;ENSDARG00000068910;ENSDARG00000002634;ENSDARG00000111240;ENSDARG00000102364;ENSDARG00000060682;ENSDARG00000006060;ENSDARG00000074749;ENSDARG00000101043;ENSDARG00000116617;ENSDARG00000091996;ENSDARG00000078619;ENSDARG00000103459;ENSDARG00000103917;ENSDARG00000004034;ENSDARG00000031929;ENSDARG00000040534;ENSDARG00000012341;ENSDARG00000051861;ENSDARG00000062003;ENSDARG00000021787;ENSDARG00000043128;ENSDARG00000019808;ENSDARG00000039099;ENSDARG00000028098;ENSDARG00000063295;ENSDARG00000104359;ENSDARG00000060980;ENSDARG00000025974;ENSDARG00000032405;ENSDARG00000003216;ENSDARG00000012972;ENSDARG00000092671;ENSDARG00000079922;ENSDARG00000101423;ENSDARG00000061549;ENSDARG00000092947;ENSDARG00000055514;ENSDARG00000015793;ENSDARG00000017320;ENSDARG00000062590;ENSDARG00000058371;ENSDARG00000104314;ENSDARG00000035868;ENSDARG00000009899,ENSDARG00000032976;ENSDARG00000019096;ENSDARG00000013422;ENSDARG00000011400;ENSDARG00000079782;ENSDARG00000020610;ENSDARG00000052708;ENSDARG00000079564;ENSDARG00000052960;ENSDARG00000052958;ENSDARG00000090637;ENSDARG00000041589;ENSDARG00000003706;ENSDARG00000069404;ENSDARG00000083623;ENSDARG00000042018;ENSDARG00000011615;ENSDARG00000104441;ENSDARG00000071090;ENSDARG00000045864;ENSDARG00000101706;ENSDARG00000076075;ENSDARG00000042213;ENSDARG00000089913;ENSDARG00000020758;ENSDARG00000003046;ENSDARG00000001803;ENSDARG00000079578;ENSDARG00000103589;ENSDARG00000069922;ENSDARG00000078696;ENSDARG00000005150;ENSDARG00000011023;ENSDARG00000115545;ENSDARG00000024894;ENSDARG00000023963;ENSDARG00000045930;ENSDARG00000071498;ENSDARG00000045180;ENSDARG00000061685;ENSDARG00000056322;ENSDARG00000035322;ENSDARG00000008398;ENSDARG00000099870;ENSDARG00000005842;ENSDARG00000058548;ENSDARG00000105389;ENSDARG00000045302;ENSDARG00000045230;ENSDARG00000041065
C098,137,137,nphs2;ptprq;nphs1;il2rb;ptprh;fxyd5;magi2a;wt1a;iqgap2;lmx1bb;zbtb46;podxl;pard3bb;kirrel1b;grid2ipb;dachc;vegfba;stc2a;dacha;fam49ba;iqsec1b;dock9b;hdac9b;chrm3a;itga3b;b3gat2;map3k15;slco5a1a;kirrel2;cdc14ab;col4a4;lama5;usp54b;abca1b;galntl6;sema4ga;ripor1;plce1;rbms3;plekhg5b;linc-mir30e-2;iqsec2a;vegfaa;fgf11a;edil3a;niban2a;pdpn;aopep;arhgef10la;tmem132e,ppl;pleca;krt5;evpla;cyt1;ahnak;foxp4;cast;cyt1l;meis1b;ptprfb;plecb;krt4;jmjd1cb,nphs2;ptprq;nphs1;il2rb;ptprh;fxyd5;magi2a;wt1a;iqgap2;lmx1bb;zbtb46;podxl;pard3bb;kirrel1b;grid2ipb;dachc;vegfba;stc2a;dacha;fam49ba;iqsec1b;dock9b;hdac9b;chrm3a;itga3b;b3gat2;map3k15;slco5a1a;kirrel2;cdc14ab;col4a4;lama5;usp54b;abca1b;galntl6;sema4ga;ripor1;plce1;rbms3;plekhg5b;linc-mir30e-2;iqsec2a;vegfaa;fgf11a;edil3a;niban2a;pdpn;aopep;arhgef10la;tmem132e,425.1,274.3,2.49,ENSDARG00000042850;ENSDARG00000008849;ENSDARG00000060758;ENSDARG00000075720;ENSDARG00000079560;ENSDARG00000089838;ENSDARG00000021590;ENSDARG00000031420;ENSDARG00000060010;ENSDARG00000068365;ENSDARG00000078191;ENSDARG00000031228;ENSDARG00000034555;ENSDARG00000056998;ENSDARG00000095603;ENSDARG00000003142;ENSDARG00000090997;ENSDARG00000056680;ENSDARG00000010132;ENSDARG00000020929;ENSDARG00000016551;ENSDARG00000016311;ENSDARG00000056642;ENSDARG00000071091;ENSDARG00000012824;ENSDARG00000030733;ENSDARG00000013310;ENSDARG00000071685;ENSDARG00000104665;ENSDARG00000057016;ENSDARG00000002831;ENSDARG00000058543;ENSDARG00000077749;ENSDARG00000079009;ENSDARG00000040048;ENSDARG00000076595;ENSDARG00000062178;ENSDARG00000087921;ENSDARG00000044574;ENSDARG00000101752;ENSDARG00000102040;ENSDARG00000102125;ENSDARG00000103542;ENSDARG00000069662;ENSDARG00000093413;ENSDARG00000062970;ENSDARG00000092035;ENSDARG00000068461;ENSDARG00000088630;ENSDARG00000090830,ENSDARG00000101043;ENSDARG00000062590;ENSDARG00000058371;ENSDARG00000019808;ENSDARG00000092947;ENSDARG00000061764;ENSDARG00000076120;ENSDARG00000058693;ENSDARG00000036832;ENSDARG00000012078;ENSDARG00000005754;ENSDARG00000021987;ENSDARG00000017624;ENSDARG00000079939,ENSDARG00000042850;ENSDARG00000008849;ENSDARG00000060758;ENSDARG00000075720;ENSDARG00000079560;ENSDARG00000089838;ENSDARG00000021590;ENSDARG00000031420;ENSDARG00000060010;ENSDARG00000068365;ENSDARG00000078191;ENSDARG00000031228;ENSDARG00000034555;ENSDARG00000056998;ENSDARG00000095603;ENSDARG00000003142;ENSDARG00000090997;ENSDARG00000056680;ENSDARG00000010132;ENSDARG00000020929;ENSDARG00000016551;ENSDARG00000016311;ENSDARG00000056642;ENSDARG00000071091;ENSDARG00000012824;ENSDARG00000030733;ENSDARG00000013310;ENSDARG00000071685;ENSDARG00000104665;ENSDARG00000057016;ENSDARG00000002831;ENSDARG00000058543;ENSDARG00000077749;ENSDARG00000079009;ENSDARG00000040048;ENSDARG00000076595;ENSDARG00000062178;ENSDARG00000087921;ENSDARG00000044574;ENSDARG00000101752;ENSDARG00000102040;ENSDARG00000102125;ENSDARG00000103542;ENSDARG00000069662;ENSDARG00000093413;ENSDARG00000062970;ENSDARG00000092035;ENSDARG00000068461;ENSDARG00000088630;ENSDARG00000090830
C099,1106,1106,fndc7a;krt1-c5;moxd1l;fat1b;mcf2lb;igsf9a;cd109;eya1;muc5.7;efna2b-1;mcama;capn8;ptprub;sdk1b;ptprfa;wnt3;grhl2a;unc5db;kremen1;creb5b;caskin2a;aopep;eya4;six1b;sfrp1a;eya2;tmem132e;col18a1a;itsn2a;dachb;krt18b;pcdh12;dacha;igsf3;tent5bb;sack1b;met;arhgap32a;znf385a;zfp36l1b;nedd9;celsr1b;cacna1ia;arhgap24;bcl2a;gpc3;col4a6;slc12a7a;lgr6;plxnb2b,a2m1;gvin1l2;evplb;fut9d;scel;gstp1.2;gjb8;abcb5;elovl7a;omc2;tcnbb;cldne;cst14b.1;anxa1a;agr1;nos1;anxa1c;dhrs13a.2;ckap4;ppl;cyp2y3;litafd;aep1;icn2;fbxo2;stard14;epas1a;anxa2a;cast;fam169aa;chs3;znf185;lmo7a;icn;erbb4b;bicdl2l;capn9;eppk1;evpla;erbb3a;aldob;nrg1;capns1a;cyt1;matn4;arhgdig;klf2b;sgcd;krt1-19e;sec23b,fndc7a;krt1-c5;moxd1l;fat1b;mcf2lb;igsf9a;cd109;eya1;muc5.7;efna2b-1;mcama;capn8;ptprub;sdk1b;ptprfa;wnt3;grhl2a;unc5db;kremen1;creb5b;caskin2a;aopep;eya4;six1b;sfrp1a;eya2;tmem132e;col18a1a;itsn2a;dachb;krt18b;pcdh12;dacha;igsf3;tent5bb;sack1b;met;arhgap32a;znf385a;zfp36l1b;nedd9;celsr1b;cacna1ia;arhgap24;bcl2a;gpc3;col4a6;slc12a7a;lgr6;plxnb2b,370.8,283.4,2.47,ENSDARG00000077096;ENSDARG00000026979;ENSDARG00000069296;ENSDARG00000019063;ENSDARG00000076480;ENSDARG00000075864;ENSDARG00000060609;ENSDARG00000014259;ENSDARG00000089429;ENSDARG00000099220;ENSDARG00000089643;ENSDARG00000055715;ENSDARG00000101081;ENSDARG00000062854;ENSDARG00000103479;ENSDARG00000038990;ENSDARG00000058342;ENSDARG00000061541;ENSDARG00000062579;ENSDARG00000070536;ENSDARG00000043818;ENSDARG00000068461;ENSDARG00000012397;ENSDARG00000026473;ENSDARG00000035521;ENSDARG00000018984;ENSDARG00000090830;ENSDARG00000036558;ENSDARG00000000161;ENSDARG00000034785;ENSDARG00000028618;ENSDARG00000076594;ENSDARG00000010132;ENSDARG00000077002;ENSDARG00000011797;ENSDARG00000078309;ENSDARG00000070903;ENSDARG00000075334;ENSDARG00000009899;ENSDARG00000021443;ENSDARG00000089878;ENSDARG00000058259;ENSDARG00000070522;ENSDARG00000100973;ENSDARG00000094704;ENSDARG00000032199;ENSDARG00000052061;ENSDARG00000073756;ENSDARG00000098308;ENSDARG00000036985,ENSDARG00000104200;ENSDARG00000102364;ENSDARG00000103459;ENSDARG00000028098;ENSDARG00000034677;ENSDARG00000104068;ENSDARG00000042707;ENSDARG00000021787;ENSDARG00000069279;ENSDARG00000117474;ENSDARG00000091996;ENSDARG00000043128;ENSDARG00000117133;ENSDARG00000026726;ENSDARG00000060682;ENSDARG00000068910;ENSDARG00000104359;ENSDARG00000111240;ENSDARG00000032405;ENSDARG00000101043;ENSDARG00000101423;ENSDARG00000087093;ENSDARG00000039099;ENSDARG00000055514;ENSDARG00000099306;ENSDARG00000031929;ENSDARG00000008697;ENSDARG00000003216;ENSDARG00000058693;ENSDARG00000059719;ENSDARG00000068947;ENSDARG00000103917;ENSDARG00000004930;ENSDARG00000009978;ENSDARG00000089536;ENSDARG00000091669;ENSDARG00000012341;ENSDARG00000096359;ENSDARG00000019808;ENSDARG00000006202;ENSDARG00000053684;ENSDARG00000104314;ENSDARG00000035329;ENSDARG00000092947;ENSDARG00000015947;ENSDARG00000004034;ENSDARG00000040432;ENSDARG00000098573;ENSDARG00000090268;ENSDARG00000019360,ENSDARG00000077096;ENSDARG00000026979;ENSDARG00000069296;ENSDARG00000019063;ENSDARG00000076480;ENSDARG00000075864;ENSDARG00000060609;ENSDARG00000014259;ENSDARG00000089429;ENSDARG00000099220;ENSDARG00000089643;ENSDARG00000055715;ENSDARG00000101081;ENSDARG00000062854;ENSDARG00000103479;ENSDARG00000038990;ENSDARG00000058342;ENSDARG00000061541;ENSDARG00000062579;ENSDARG00000070536;ENSDARG00000043818;ENSDARG00000068461;ENSDARG00000012397;ENSDARG00000026473;ENSDARG00000035521;ENSDARG00000018984;ENSDARG00000090830;ENSDARG00000036558;ENSDARG00000000161;ENSDARG00000034785;ENSDARG00000028618;ENSDARG00000076594;ENSDARG00000010132;ENSDARG00000077002;ENSDARG00000011797;ENSDARG00000078309;ENSDARG00000070903;ENSDARG00000075334;ENSDARG00000009899;ENSDARG00000021443;ENSDARG00000089878;ENSDARG00000058259;ENSDARG00000070522;ENSDARG00000100973;ENSDARG00000094704;ENSDARG00000032199;ENSDARG00000052061;ENSDARG00000073756;ENSDARG00000098308;ENSDARG00000036985
C100,652,652,slc12a1;slc12a3;cdh17;clcnk;ahcyl2a;atp1a1a.4;c1qtnf9;gucy2ca;glis3;esrrb;slc43a2b;atp1a1a.3;slc9a3.1;ptprjb.1-1;gng12b;ppargc1a;prdm16-2;ttll10;prkag2a;ndrg1a;cldn3c;hnf1bb;tnfaip8l3;arhgap42b;slc24a2b;sat1a.1;vipr2;exoc3l2b;sstr5;depdc7a;linc-mir30e-2;dnah5l;zbbx;prlrb;atp1b1a;cadps2;cox4i1l;mctp2b;adcy2b;dio3b;tspan34b;abtb3b;tinagl1;raly;mavs;ptprfa;mvb12bb;tmprss2;ezra;eps8l2,omc2;tcnbb;dhrs13a.2;anxa2a;hsd17b12a;evplb;arhgdig;anxa1c;abca12;cd99;ip6k2a;evpla;cav1;tgfbr3;agr1;icn;fbxo2;spaca4l;aep1;icn2;krt1-19e;ppl;anxa1a;capns1a;creb3l1;capn9;znf185;abcb5;fgfr3;sec23b;crybg1b;dspb;myh14;cyt1;pcdh2g28.1;kremen1;kif26ab;cyt1l;cldne;col5a1;ank3a;ckap4;tjp1a;meis1b;krt5;col1a1a;nos1;bnc2;cast;arvcfb,slc12a1;slc12a3;cdh17;clcnk;ahcyl2a;atp1a1a.4;c1qtnf9;gucy2ca;glis3;esrrb;slc43a2b;atp1a1a.3;slc9a3.1;ptprjb.1-1;gng12b;ppargc1a;prdm16-2;ttll10;prkag2a;ndrg1a;cldn3c;hnf1bb;tnfaip8l3;arhgap42b;slc24a2b;sat1a.1;vipr2;exoc3l2b;sstr5;depdc7a;linc-mir30e-2;dnah5l;zbbx;prlrb;atp1b1a;cadps2;cox4i1l;mctp2b;adcy2b;dio3b;tspan34b;abtb3b;tinagl1;raly;mavs;ptprfa;mvb12bb;tmprss2;ezra;eps8l2,504.0,341.2,9.68,ENSDARG00000098096;ENSDARG00000013855;ENSDARG00000005112;ENSDARG00000022560;ENSDARG00000051873;ENSDARG00000001870;ENSDARG00000058318;ENSDARG00000014320;ENSDARG00000069726;ENSDARG00000100847;ENSDARG00000061120;ENSDARG00000039131;ENSDARG00000058498;ENSDARG00000117406;ENSDARG00000098123;ENSDARG00000067829;ENSDARG00000092738;ENSDARG00000090472;ENSDARG00000012625;ENSDARG00000032849;ENSDARG00000069503;ENSDARG00000022295;ENSDARG00000088709;ENSDARG00000010654;ENSDARG00000042988;ENSDARG00000035652;ENSDARG00000012353;ENSDARG00000030782;ENSDARG00000101655;ENSDARG00000055043;ENSDARG00000102040;ENSDARG00000056888;ENSDARG00000069723;ENSDARG00000045955;ENSDARG00000013144;ENSDARG00000013312;ENSDARG00000012388;ENSDARG00000073970;ENSDARG00000014588;ENSDARG00000095767;ENSDARG00000025757;ENSDARG00000063040;ENSDARG00000061231;ENSDARG00000059972;ENSDARG00000069733;ENSDARG00000103479;ENSDARG00000079478;ENSDARG00000098686;ENSDARG00000020944;ENSDARG00000058108,ENSDARG00000117474;ENSDARG00000091996;ENSDARG00000111240;ENSDARG00000003216;ENSDARG00000015709;ENSDARG00000103459;ENSDARG00000004034;ENSDARG00000104359;ENSDARG00000074749;ENSDARG00000051975;ENSDARG00000008310;ENSDARG00000019808;ENSDARG00000103747;ENSDARG00000099979;ENSDARG00000060682;ENSDARG00000009978;ENSDARG00000099306;ENSDARG00000116617;ENSDARG00000039099;ENSDARG00000055514;ENSDARG00000090268;ENSDARG00000101043;ENSDARG00000026726;ENSDARG00000035329;ENSDARG00000015793;ENSDARG00000012341;ENSDARG00000103917;ENSDARG00000021787;ENSDARG00000004782;ENSDARG00000019360;ENSDARG00000006060;ENSDARG00000076673;ENSDARG00000073732;ENSDARG00000092947;ENSDARG00000098788;ENSDARG00000062579;ENSDARG00000015016;ENSDARG00000036832;ENSDARG00000043128;ENSDARG00000012593;ENSDARG00000061736;ENSDARG00000032405;ENSDARG00000077506;ENSDARG00000012078;ENSDARG00000058371;ENSDARG00000012405;ENSDARG00000068910;ENSDARG00000069989;ENSDARG00000058693;ENSDARG00000061688,ENSDARG00000098096;ENSDARG00000013855;ENSDARG00000005112;ENSDARG00000022560;ENSDARG00000051873;ENSDARG00000001870;ENSDARG00000058318;ENSDARG00000014320;ENSDARG00000069726;ENSDARG00000100847;ENSDARG00000061120;ENSDARG00000039131;ENSDARG00000058498;ENSDARG00000117406;ENSDARG00000098123;ENSDARG00000067829;ENSDARG00000092738;ENSDARG00000090472;ENSDARG00000012625;ENSDARG00000032849;ENSDARG00000069503;ENSDARG00000022295;ENSDARG00000088709;ENSDARG00000010654;ENSDARG00000042988;ENSDARG00000035652;ENSDARG00000012353;ENSDARG00000030782;ENSDARG00000101655;ENSDARG00000055043;ENSDARG00000102040;ENSDARG00000056888;ENSDARG00000069723;ENSDARG00000045955;ENSDARG00000013144;ENSDARG00000013312;ENSDARG00000012388;ENSDARG00000073970;ENSDARG00000014588;ENSDARG00000095767;ENSDARG00000025757;ENSDARG00000063040;ENSDARG00000061231;ENSDARG00000059972;ENSDARG00000069733;ENSDARG00000103479;ENSDARG00000079478;ENSDARG00000098686;ENSDARG00000020944;ENSDARG00000058108
C101,480,480,cps1;tkta;slc7a11;col28a1b;sparcl1;prox2;trpm3;col4a3;spon1b;kcnq5b;ivns1abpa;pitx3;col4a4;slc7a8a;metrnlb;adamts6;tinagl1;fgfrl1b;ace;plat;col28a1a;bcar3;tox2;dacha;crb2a;vav3b;pax6a;galnt14;tgfb3;pax6b;adka;rbm24a;slc38a2;kif26ba;adamts18;sema5a;col4a6;scinla;relt;hspg2;rgmb;fam13a;lamb2l;lrrc7;azin1a;veph1;dok6;capn1;slc7a3a;atp13a3,fbxo2;cldnb;evplb;abca12;agr1;epas1a;cd99;icn2;sec23b;eppk1;klf4;cav1;omc2;myh9a;ppl;anxa1c;spaca4l;crybg1b;abcb5;pkp3a;ahnak;piezo1;cldne;evpla;aep1;krt1-19e;myo1cb;tcnbb;krt5;dhrs11a;znf185;perp;lmo7a;icn;capn9;cyt1;crybg1a;plecb;etnk1;ywhaz;dspb;nos1;hdlbpa;pof1b;cdh1;pnp5a;spns2;sgcd;cyt1l;atp11a,cps1;mipa;crygmx;cryba1l2;lim2.1;lim2.4;mipb;capn3a;lctla;lim2.3;bfsp2;crybb1l2;lim2.5;cryba2b;crygn2;cryba1b;endou2;crybb1l1;crybb1;cryba4;crygm2d16;cryba2a;crygm2d4;gpx9;cryba1l1;crygm2d12;crygm2d10;crygm2d7;crygm2d18;crygm2d3;crygm2d19;ggt1a;crygm2d17;lctlb;crygm2d21;crygm2d8;crygm2d5;tkta;crygm2d20;crygmxl2;crygm2d13;prox2;crygm2d1;fip1l1a;sparcl1;slc7a11;col28a1b;crygm2d2;tdh2;misp,425.9,317.5,3.02,ENSDARG00000020028;ENSDARG00000029689;ENSDARG00000071384;ENSDARG00000087087;ENSDARG00000074989;ENSDARG00000041952;ENSDARG00000039181;ENSDARG00000003395;ENSDARG00000023694;ENSDARG00000069953;ENSDARG00000031100;ENSDARG00000070069;ENSDARG00000002831;ENSDARG00000075831;ENSDARG00000007289;ENSDARG00000041982;ENSDARG00000061231;ENSDARG00000052556;ENSDARG00000079166;ENSDARG00000062707;ENSDARG00000077084;ENSDARG00000016981;ENSDARG00000100055;ENSDARG00000010132;ENSDARG00000060106;ENSDARG00000075962;ENSDARG00000103379;ENSDARG00000023448;ENSDARG00000019367;ENSDARG00000045936;ENSDARG00000039429;ENSDARG00000102995;ENSDARG00000045886;ENSDARG00000013343;ENSDARG00000001999;ENSDARG00000058821;ENSDARG00000052061;ENSDARG00000102415;ENSDARG00000099724;ENSDARG00000076564;ENSDARG00000079323;ENSDARG00000075564;ENSDARG00000033950;ENSDARG00000079670;ENSDARG00000052789;ENSDARG00000031095;ENSDARG00000063032;ENSDARG00000045199;ENSDARG00000020645;ENSDARG00000076622,ENSDARG00000099306;ENSDARG00000009544;ENSDARG00000103459;ENSDARG00000074749;ENSDARG00000060682;ENSDARG00000008697;ENSDARG00000051975;ENSDARG00000055514;ENSDARG00000019360;ENSDARG00000096359;ENSDARG00000079922;ENSDARG00000103747;ENSDARG00000117474;ENSDARG00000063295;ENSDARG00000101043;ENSDARG00000104359;ENSDARG00000116617;ENSDARG00000006060;ENSDARG00000021787;ENSDARG00000051861;ENSDARG00000061764;ENSDARG00000076870;ENSDARG00000043128;ENSDARG00000019808;ENSDARG00000039099;ENSDARG00000090268;ENSDARG00000061579;ENSDARG00000091996;ENSDARG00000058371;ENSDARG00000046090;ENSDARG00000103917;ENSDARG00000063572;ENSDARG00000004930;ENSDARG00000009978;ENSDARG00000012341;ENSDARG00000092947;ENSDARG00000031782;ENSDARG00000021987;ENSDARG00000019420;ENSDARG00000032575;ENSDARG00000076673;ENSDARG00000068910;ENSDARG00000009830;ENSDARG00000054060;ENSDARG00000102750;ENSDARG00000078619;ENSDARG00000061017;ENSDARG00000098573;ENSDARG00000036832;ENSDARG00000008413,ENSDARG00000020028;ENSDARG00000037285;ENSDARG00000053862;ENSDARG00000014803;ENSDARG00000068974;ENSDARG00000015445;ENSDARG00000013963;ENSDARG00000041864;ENSDARG00000036139;ENSDARG00000037402;ENSDARG00000011998;ENSDARG00000016793;ENSDARG00000041295;ENSDARG00000041925;ENSDARG00000030411;ENSDARG00000053875;ENSDARG00000020122;ENSDARG00000007576;ENSDARG00000068507;ENSDARG00000024548;ENSDARG00000076790;ENSDARG00000030349;ENSDARG00000087164;ENSDARG00000003077;ENSDARG00000032929;ENSDARG00000069801;ENSDARG00000087765;ENSDARG00000076572;ENSDARG00000073750;ENSDARG00000088823;ENSDARG00000109861;ENSDARG00000023526;ENSDARG00000069817;ENSDARG00000016337;ENSDARG00000086658;ENSDARG00000116164;ENSDARG00000069792;ENSDARG00000029689;ENSDARG00000091148;ENSDARG00000074001;ENSDARG00000057460;ENSDARG00000041952;ENSDARG00000087324;ENSDARG00000043328;ENSDARG00000074989;ENSDARG00000071384;ENSDARG00000087087;ENSDARG00000086917;ENSDARG00000001463;ENSDARG00000104047
C102,164,164,prl;pou1f1;scg3;vwa5b2;gfra4a;cadpsa;pitx3;camk1da;asic2;map3k15;ptprn2;cacna1ia;cacna1bb;olfm2a;whrna;carmil3;unc5da;dlg2;tsnare1;myripb;csmd3a;ncam1b;tmeff2b;doc2b;nalcn;gfra1a;ndrg3b;stxbp5a;iqsec3a;kcnma1a;mcf2l2;slc38a3b;hs2st1b;ece2b;sorcs2;rnf123;cacna2d2a;nrxn1a;hsp90aa1.2;camta1a;adcy5;sdk1a;eya1;dscama;csrnp3;nexmifb;nfasca;crhr1;galntl6;negr1,crybg1b;anxa1c;evpla;cast;pnp5a;ppl;ahnak;hdlbpa;actb2;pleca;meis1b;plecb;krt5;fgfr2;actb1;cyt1l;qkia;jupa;cyt1;krt4;eef1a1l1;btg2;foxp4;actn4;eef2b;neo1a,prl;pou1f1;dbh;th;vwa5b2;scg3;ddc;vipr2;gfra4a;cadpsa;ptprn2;cacna1bb;whrna;camk1da;doc2b;eml5;asic2;map3k15;adcy5;cacna1ia;syt1a;carmil3;unc5da;olfm2a;kcnh3;dpp6b;cacna1c;dlg2;kcnma1a;nalcn;tsnare1;tub;ntrk3b;kcnd2;hs2st1b;dclk1a;ttll7;stxbp5a;mcf2l2;kcnb2b;csmd3a;cacna1ba;ece2b;stxbp5l;iqsec3a;cacna2d2a;ndrg3b;ncam1b;gfra1a;erc1b-1,353.7,274.2,2.21,ENSDARG00000037946;ENSDARG00000058924;ENSDARG00000086288;ENSDARG00000075886;ENSDARG00000056651;ENSDARG00000043661;ENSDARG00000070069;ENSDARG00000074905;ENSDARG00000006849;ENSDARG00000013310;ENSDARG00000035970;ENSDARG00000070522;ENSDARG00000079295;ENSDARG00000077847;ENSDARG00000075362;ENSDARG00000086990;ENSDARG00000092722;ENSDARG00000099323;ENSDARG00000088650;ENSDARG00000038814;ENSDARG00000077905;ENSDARG00000007220;ENSDARG00000058699;ENSDARG00000088293;ENSDARG00000001835;ENSDARG00000099732;ENSDARG00000010052;ENSDARG00000002656;ENSDARG00000099850;ENSDARG00000079840;ENSDARG00000079742;ENSDARG00000091061;ENSDARG00000062008;ENSDARG00000102142;ENSDARG00000077465;ENSDARG00000031269;ENSDARG00000103390;ENSDARG00000061647;ENSDARG00000024746;ENSDARG00000077428;ENSDARG00000091342;ENSDARG00000078866;ENSDARG00000014259;ENSDARG00000024865;ENSDARG00000079741;ENSDARG00000029296;ENSDARG00000061099;ENSDARG00000003989;ENSDARG00000040048;ENSDARG00000021607,ENSDARG00000006060;ENSDARG00000104359;ENSDARG00000019808;ENSDARG00000058693;ENSDARG00000078619;ENSDARG00000101043;ENSDARG00000061764;ENSDARG00000009830;ENSDARG00000037870;ENSDARG00000062590;ENSDARG00000012078;ENSDARG00000021987;ENSDARG00000058371;ENSDARG00000058115;ENSDARG00000037746;ENSDARG00000036832;ENSDARG00000097478;ENSDARG00000070787;ENSDARG00000092947;ENSDARG00000017624;ENSDARG00000020850;ENSDARG00000020298;ENSDARG00000076120;ENSDARG00000099786;ENSDARG00000100371;ENSDARG00000102855,ENSDARG00000037946;ENSDARG00000058924;ENSDARG00000069446;ENSDARG00000030621;ENSDARG00000075886;ENSDARG00000086288;ENSDARG00000016494;ENSDARG00000012353;ENSDARG00000056651;ENSDARG00000043661;ENSDARG00000035970;ENSDARG00000079295;ENSDARG00000075362;ENSDARG00000074905;ENSDARG00000088293;ENSDARG00000053517;ENSDARG00000006849;ENSDARG00000013310;ENSDARG00000091342;ENSDARG00000070522;ENSDARG00000030614;ENSDARG00000086990;ENSDARG00000092722;ENSDARG00000077847;ENSDARG00000069560;ENSDARG00000024744;ENSDARG00000008398;ENSDARG00000099323;ENSDARG00000079840;ENSDARG00000001835;ENSDARG00000088650;ENSDARG00000062165;ENSDARG00000086214;ENSDARG00000032799;ENSDARG00000062008;ENSDARG00000018856;ENSDARG00000062973;ENSDARG00000002656;ENSDARG00000079742;ENSDARG00000088842;ENSDARG00000077905;ENSDARG00000021735;ENSDARG00000102142;ENSDARG00000006383;ENSDARG00000099850;ENSDARG00000103390;ENSDARG00000010052;ENSDARG00000007220;ENSDARG00000099732;ENSDARG00000076014
C103,190,190,myl2a;mybpc1;myhz1.1l;myh7;obscna;myhb;smyhc2;myl4;dre-mir-736;ryr1a;myh7bb;xirp1;agbl1;tnnt2c;chrng;fhl1a;ttn.2;gja5a;actc2;tpm2;ttn.1;tnni1b;alpk3b;arpp21;flnca;actn2b;myh7ba;acta1a;pitx2;neb;pdlim3b;txlnba;desma;musk;flncb;mef2ca;ampd3a;ablim1b;rbm24a;casz1;smyhc1;myoz2b;ccdc141;hspb1;myl10;nexn;nr5a2;trdn;sdk2b;hsp90aa1.1,evpla;aep1;spaca4l;pkp3a;krt1-19e;myh9a;cldne;anxa1c;agr1;znf185;pcdh1b;ppl;pnp5a;ank3a;cd99;krt5;cadm4;crybg1b;jupa;cyt1;krt4;nr4a3;perp;cyt1l;fgfr2;coro1ca;macrod2;cast;meis1b;sema6cb;actb2;midn;actn4;foxp4;pleca;malat1,myl2a;mybpc1;myhz1.1l;myh7;obscna;myhb;smyhc2;myl4;dre-mir-736;ryr1a;myh7bb;xirp1;agbl1;tnnt2c;chrng;fhl1a;ttn.2;gja5a;actc2;tpm2;ttn.1;tnni1b;alpk3b;arpp21;flnca;actn2b;myh7ba;acta1a;pitx2;neb;pdlim3b;txlnba;desma;musk;flncb;mef2ca;ampd3a;ablim1b;rbm24a;casz1;smyhc1;myoz2b;ccdc141;hspb1;myl10;nexn;nr5a2;trdn;sdk2b;hsp90aa1.1,878.4,470.2,8.22,ENSDARG00000104722;ENSDARG00000045560;ENSDARG00000102414;ENSDARG00000079564;ENSDARG00000043309;ENSDARG00000001993;ENSDARG00000103969;ENSDARG00000011519;ENSDARG00000083623;ENSDARG00000011422;ENSDARG00000035322;ENSDARG00000030722;ENSDARG00000104384;ENSDARG00000032242;ENSDARG00000086647;ENSDARG00000071498;ENSDARG00000028213;ENSDARG00000040065;ENSDARG00000057911;ENSDARG00000104682;ENSDARG00000000563;ENSDARG00000052708;ENSDARG00000105630;ENSDARG00000061081;ENSDARG00000018566;ENSDARG00000071090;ENSDARG00000076075;ENSDARG00000036371;ENSDARG00000036194;ENSDARG00000032630;ENSDARG00000014248;ENSDARG00000020594;ENSDARG00000058656;ENSDARG00000098764;ENSDARG00000018820;ENSDARG00000029764;ENSDARG00000005800;ENSDARG00000045064;ENSDARG00000102995;ENSDARG00000037030;ENSDARG00000099959;ENSDARG00000037266;ENSDARG00000095675;ENSDARG00000041065;ENSDARG00000062592;ENSDARG00000057317;ENSDARG00000100940;ENSDARG00000041779;ENSDARG00000060452;ENSDARG00000010478,ENSDARG00000019808;ENSDARG00000039099;ENSDARG00000116617;ENSDARG00000051861;ENSDARG00000090268;ENSDARG00000063295;ENSDARG00000043128;ENSDARG00000104359;ENSDARG00000060682;ENSDARG00000103917;ENSDARG00000036175;ENSDARG00000101043;ENSDARG00000078619;ENSDARG00000061736;ENSDARG00000051975;ENSDARG00000058371;ENSDARG00000040291;ENSDARG00000006060;ENSDARG00000070787;ENSDARG00000092947;ENSDARG00000017624;ENSDARG00000055854;ENSDARG00000063572;ENSDARG00000036832;ENSDARG00000058115;ENSDARG00000035598;ENSDARG00000032601;ENSDARG00000058693;ENSDARG00000012078;ENSDARG00000000189;ENSDARG00000037870;ENSDARG00000018524;ENSDARG00000099786;ENSDARG00000076120;ENSDARG00000062590;ENSDARG00000099970,ENSDARG00000104722;ENSDARG00000045560;ENSDARG00000102414;ENSDARG00000079564;ENSDARG00000043309;ENSDARG00000001993;ENSDARG00000103969;ENSDARG00000011519;ENSDARG00000083623;ENSDARG00000011422;ENSDARG00000035322;ENSDARG00000030722;ENSDARG00000104384;ENSDARG00000032242;ENSDARG00000086647;ENSDARG00000071498;ENSDARG00000028213;ENSDARG00000040065;ENSDARG00000057911;ENSDARG00000104682;ENSDARG00000000563;ENSDARG00000052708;ENSDARG00000105630;ENSDARG00000061081;ENSDARG00000018566;ENSDARG00000071090;ENSDARG00000076075;ENSDARG00000036371;ENSDARG00000036194;ENSDARG00000032630;ENSDARG00000014248;ENSDARG00000020594;ENSDARG00000058656;ENSDARG00000098764;ENSDARG00000018820;ENSDARG00000029764;ENSDARG00000005800;ENSDARG00000045064;ENSDARG00000102995;ENSDARG00000037030;ENSDARG00000099959;ENSDARG00000037266;ENSDARG00000095675;ENSDARG00000041065;ENSDARG00000062592;ENSDARG00000057317;ENSDARG00000100940;ENSDARG00000041779;ENSDARG00000060452;ENSDARG00000010478
C104,10301,5000,nrxn2a;nrxn1a;unc5a;celf5a;adgrl1a;nrxn3a;csmd3b;elavl4;celf4;dscamb;rbfox1;dpf1;camta1a;gria3b;tenm2a;srcin1a;csmd2;grik2;luzp2;gas7a;brinp1;sez6b;cacna1ab;cacng2a;fam131bb;gabrb4;ntrk3a;astn1;aplp1;ctnnd2a;phactr3a;camta1b;enox1;ctnna2;grik3;dab1a;stx1b;pou2f2b;cacna1bb;basp1;evlb;ncanb;syt1a;ralylb;iqsec3a;rai1;fgf13a;pbx3b;spock1;galntl6,ppp2r5a;gna14;styk1a;omc2;sack1ha;stx11b.1;elovl7b;gna12a;capgb;rab11al;mhc1zba;s100w;capn2l;oclna;pkp3a;tcima;chs3;elovl6l;b4galt1;ehd1a;nr4a1;rbp4;mgst3b;macc1;oclnb;a2m1;bzw1b;il17rc;stard14;tmem176l.3b;sik1;foxq1a;baiap2l1a;mnmip1;dhrs13a.2;adgrg2a;tmem263;dusp5;soul2;sec23b;rab25a;plekhg6;nfe2l2a;sqstm1;casp3b;adam9b;slc26a2;slc38a5a;mknk1;abcb5,nrxn2a;nrxn1a;unc5a;celf5a;adgrl1a;nrxn3a;csmd3b;elavl4;celf4;dscamb;rbfox1;dpf1;camta1a;gria3b;tenm2a;srcin1a;csmd2;grik2;luzp2;gas7a;brinp1;sez6b;cacna1ab;cacng2a;fam131bb;gabrb4;ntrk3a;astn1;aplp1;ctnnd2a;phactr3a;camta1b;enox1;ctnna2;grik3;dab1a;stx1b;pou2f2b;cacna1bb;basp1;evlb;ncanb;syt1a;ralylb;iqsec3a;rai1;fgf13a;pbx3b;spock1;galntl6,342.8,252.2,0.88,ENSDARG00000061454;ENSDARG00000061647;ENSDARG00000099034;ENSDARG00000071375;ENSDARG00000089292;ENSDARG00000043746;ENSDARG00000077920;ENSDARG00000045639;ENSDARG00000070045;ENSDARG00000028118;ENSDARG00000014746;ENSDARG00000099927;ENSDARG00000077428;ENSDARG00000037498;ENSDARG00000037122;ENSDARG00000059773;ENSDARG00000001559;ENSDARG00000113771;ENSDARG00000068247;ENSDARG00000074443;ENSDARG00000078302;ENSDARG00000079414;ENSDARG00000006923;ENSDARG00000032565;ENSDARG00000070575;ENSDARG00000099096;ENSDARG00000077228;ENSDARG00000068323;ENSDARG00000098368;ENSDARG00000062415;ENSDARG00000058243;ENSDARG00000007824;ENSDARG00000060243;ENSDARG00000024785;ENSDARG00000077715;ENSDARG00000059939;ENSDARG00000000503;ENSDARG00000019658;ENSDARG00000079295;ENSDARG00000053358;ENSDARG00000099720;ENSDARG00000005783;ENSDARG00000030614;ENSDARG00000089193;ENSDARG00000099850;ENSDARG00000076679;ENSDARG00000035056;ENSDARG00000013615;ENSDARG00000074644;ENSDARG00000040048,ENSDARG00000027017;ENSDARG00000035178;ENSDARG00000070950;ENSDARG00000117474;ENSDARG00000068849;ENSDARG00000029290;ENSDARG00000100185;ENSDARG00000025826;ENSDARG00000099672;ENSDARG00000014340;ENSDARG00000036588;ENSDARG00000101181;ENSDARG00000034211;ENSDARG00000005108;ENSDARG00000051861;ENSDARG00000079497;ENSDARG00000068947;ENSDARG00000038639;ENSDARG00000002634;ENSDARG00000098853;ENSDARG00000000796;ENSDARG00000101199;ENSDARG00000033364;ENSDARG00000040717;ENSDARG00000003091;ENSDARG00000104200;ENSDARG00000099148;ENSDARG00000099902;ENSDARG00000031929;ENSDARG00000096874;ENSDARG00000058606;ENSDARG00000030896;ENSDARG00000029305;ENSDARG00000099448;ENSDARG00000111240;ENSDARG00000088137;ENSDARG00000030465;ENSDARG00000019307;ENSDARG00000039499;ENSDARG00000019360;ENSDARG00000058800;ENSDARG00000086056;ENSDARG00000042824;ENSDARG00000075014;ENSDARG00000055045;ENSDARG00000057138;ENSDARG00000011618;ENSDARG00000009901;ENSDARG00000018411;ENSDARG00000021787,ENSDARG00000061454;ENSDARG00000061647;ENSDARG00000099034;ENSDARG00000071375;ENSDARG00000089292;ENSDARG00000043746;ENSDARG00000077920;ENSDARG00000045639;ENSDARG00000070045;ENSDARG00000028118;ENSDARG00000014746;ENSDARG00000099927;ENSDARG00000077428;ENSDARG00000037498;ENSDARG00000037122;ENSDARG00000059773;ENSDARG00000001559;ENSDARG00000113771;ENSDARG00000068247;ENSDARG00000074443;ENSDARG00000078302;ENSDARG00000079414;ENSDARG00000006923;ENSDARG00000032565;ENSDARG00000070575;ENSDARG00000099096;ENSDARG00000077228;ENSDARG00000068323;ENSDARG00000098368;ENSDARG00000062415;ENSDARG00000058243;ENSDARG00000007824;ENSDARG00000060243;ENSDARG00000024785;ENSDARG00000077715;ENSDARG00000059939;ENSDARG00000000503;ENSDARG00000019658;ENSDARG00000079295;ENSDARG00000053358;ENSDARG00000099720;ENSDARG00000005783;ENSDARG00000030614;ENSDARG00000089193;ENSDARG00000099850;ENSDARG00000076679;ENSDARG00000035056;ENSDARG00000013615;ENSDARG00000074644;ENSDARG00000040048
C105,1886,1886,mrc1a;stab2;stab1;mrc1b;lyve1a;fgd5a;sele;flt4;egfl7;prcp;tnfaip2b;calcrlb;dennd2db;ackr5;plvapb;rasip1;tie1;exoc3l2a;grapa;npr1a;dab2;esama;adam12b;cdh5;pecam1b;fli1rs;mfng;meox2a;etsrp;tll1;kdr;yrk;shank3b;sh3tc1;micall2a;ptprb;sox18;iqsec2a;fli1;plekhg5a;mrasa;adcy2b;mcamb;afap1l1b;pierce1;adgrl4;kdrl;spns2;ramp2;ldb2a,gvin1l2;bicdl2;cldn23.1;omc2;fut9d;mid1ip1a;a2m1;gjb8;dhrs13a.2;stx11b.1;selenow2b;il17rc;evplb;erbb3a;rhpn2;abcb5;crybg1b;cldnb;tmsb1;stard14;cyp2y3;icn2;capn2l;chs3;caspb;myo18aa;cldne;rab11al;styk1b;btr12;tcnbb;scel;cavin2a;b4galt1;macc1;rhbg;spint2;icn;bicdl2l;abca12;evpla;anxa1a;atp10b;atp8b1;epcam;nos1;elovl7b;ppl;hip1rb;pkp3a,mrc1a;stab2;stab1;mrc1b;lyve1a;fgd5a;sele;flt4;egfl7;prcp;tnfaip2b;calcrlb;dennd2db;ackr5;plvapb;rasip1;tie1;exoc3l2a;grapa;npr1a;dab2;esama;adam12b;cdh5;pecam1b;fli1rs;mfng;meox2a;etsrp;tll1;kdr;yrk;shank3b;sh3tc1;micall2a;ptprb;sox18;iqsec2a;fli1;plekhg5a;mrasa;adcy2b;mcamb;afap1l1b;pierce1;adgrl4;kdrl;spns2;ramp2;ldb2a,570.5,395.6,2.53,ENSDARG00000102100;ENSDARG00000045748;ENSDARG00000076484;ENSDARG00000038822;ENSDARG00000075833;ENSDARG00000088801;ENSDARG00000009123;ENSDARG00000104453;ENSDARG00000100657;ENSDARG00000037883;ENSDARG00000058160;ENSDARG00000011571;ENSDARG00000030250;ENSDARG00000036616;ENSDARG00000045003;ENSDARG00000074829;ENSDARG00000004105;ENSDARG00000008414;ENSDARG00000005414;ENSDARG00000031751;ENSDARG00000031761;ENSDARG00000077039;ENSDARG00000079068;ENSDARG00000075549;ENSDARG00000103020;ENSDARG00000040080;ENSDARG00000042925;ENSDARG00000040911;ENSDARG00000053868;ENSDARG00000037429;ENSDARG00000017321;ENSDARG00000004378;ENSDARG00000063054;ENSDARG00000077330;ENSDARG00000102366;ENSDARG00000076624;ENSDARG00000058598;ENSDARG00000102125;ENSDARG00000054632;ENSDARG00000025902;ENSDARG00000075285;ENSDARG00000014588;ENSDARG00000005368;ENSDARG00000056453;ENSDARG00000058940;ENSDARG00000013653;ENSDARG00000105215;ENSDARG00000061017;ENSDARG00000037895;ENSDARG00000019579,ENSDARG00000102364;ENSDARG00000052427;ENSDARG00000028096;ENSDARG00000117474;ENSDARG00000028098;ENSDARG00000041051;ENSDARG00000104200;ENSDARG00000042707;ENSDARG00000111240;ENSDARG00000029290;ENSDARG00000089936;ENSDARG00000099902;ENSDARG00000103459;ENSDARG00000006202;ENSDARG00000014577;ENSDARG00000021787;ENSDARG00000006060;ENSDARG00000009544;ENSDARG00000104181;ENSDARG00000031929;ENSDARG00000101423;ENSDARG00000055514;ENSDARG00000034211;ENSDARG00000068947;ENSDARG00000052039;ENSDARG00000075752;ENSDARG00000043128;ENSDARG00000014340;ENSDARG00000041947;ENSDARG00000051809;ENSDARG00000091996;ENSDARG00000034677;ENSDARG00000027611;ENSDARG00000002634;ENSDARG00000040717;ENSDARG00000009018;ENSDARG00000069476;ENSDARG00000009978;ENSDARG00000091669;ENSDARG00000074749;ENSDARG00000019808;ENSDARG00000026726;ENSDARG00000076230;ENSDARG00000060980;ENSDARG00000040534;ENSDARG00000068910;ENSDARG00000100185;ENSDARG00000101043;ENSDARG00000102458;ENSDARG00000051861,ENSDARG00000102100;ENSDARG00000045748;ENSDARG00000076484;ENSDARG00000038822;ENSDARG00000075833;ENSDARG00000088801;ENSDARG00000009123;ENSDARG00000104453;ENSDARG00000100657;ENSDARG00000037883;ENSDARG00000058160;ENSDARG00000011571;ENSDARG00000030250;ENSDARG00000036616;ENSDARG00000045003;ENSDARG00000074829;ENSDARG00000004105;ENSDARG00000008414;ENSDARG00000005414;ENSDARG00000031751;ENSDARG00000031761;ENSDARG00000077039;ENSDARG00000079068;ENSDARG00000075549;ENSDARG00000103020;ENSDARG00000040080;ENSDARG00000042925;ENSDARG00000040911;ENSDARG00000053868;ENSDARG00000037429;ENSDARG00000017321;ENSDARG00000004378;ENSDARG00000063054;ENSDARG00000077330;ENSDARG00000102366;ENSDARG00000076624;ENSDARG00000058598;ENSDARG00000102125;ENSDARG00000054632;ENSDARG00000025902;ENSDARG00000075285;ENSDARG00000014588;ENSDARG00000005368;ENSDARG00000056453;ENSDARG00000058940;ENSDARG00000013653;ENSDARG00000105215;ENSDARG00000061017;ENSDARG00000037895;ENSDARG00000019579
C106,3070,3070,tnn;col5a1;col11a1b;col1a1b;col5a2a;col1a2;cilp;cxcl12b;comp;bicc1a;tgfbi;emilin1a;loxl2a;egfem1;itga11a;tncb;matn4;mylka;anpepa;hgfb;tnca;gfra4b;fap;ebf3a;col1a1a;pdgfra;apoltp;pdgfrb;col12a1a;col12a1b;lamc3;sh3pxd2ab;rin3;pde3a;fgfrl1b;hmcn1;mxra5a;cdh11;klf12a;ccbe1;aebp1b;colec12;ebf1a;ednraa;pmp22a;fmoda;gulp1a;col4a1;lrp1aa;dcn,tcima;bicdl2;s100w;cd9b;a2m1;omc2;paqr5b;prkchb;il17rc;gvin1l2;bicdl2l;btr12;foxq1a;tjp3;cldn23.1;gsnb;slc38a5a;rab11al;galnt6;b4galt1;anxa3a;st14;elovl7b;fut9d;klf2b;abcb5;anxa2a;crybg1b;chs3;capn2l;dhrs13a.2;selenow2b;cyp17a1;hsd17b12a;rgl3a;styk1b;abca12;ftr83;serpinb14;st14a;nfkbiaa;evplb;osbpl7;cldn7b;pnp5a;elovl7a;epcam;baiap2l1a;b4galnt3b;mid1ip1a,tnn;col5a1;col11a1b;col1a1b;col5a2a;col1a2;cilp;cxcl12b;comp;bicc1a;tgfbi;emilin1a;loxl2a;egfem1;itga11a;tncb;matn4;mylka;anpepa;hgfb;tnca;gfra4b;fap;ebf3a;col1a1a;pdgfra;apoltp;pdgfrb;col12a1a;col12a1b;lamc3;sh3pxd2ab;rin3;pde3a;fgfrl1b;hmcn1;mxra5a;cdh11;klf12a;ccbe1;aebp1b;colec12;ebf1a;ednraa;pmp22a;fmoda;gulp1a;col4a1;lrp1aa;dcn,319.3,247.4,2.73,ENSDARG00000024829;ENSDARG00000012593;ENSDARG00000009014;ENSDARG00000035809;ENSDARG00000031678;ENSDARG00000020007;ENSDARG00000053362;ENSDARG00000055100;ENSDARG00000098431;ENSDARG00000061682;ENSDARG00000071586;ENSDARG00000024537;ENSDARG00000044010;ENSDARG00000005216;ENSDARG00000036086;ENSDARG00000021948;ENSDARG00000015947;ENSDARG00000034801;ENSDARG00000036809;ENSDARG00000079076;ENSDARG00000078362;ENSDARG00000074582;ENSDARG00000078468;ENSDARG00000100244;ENSDARG00000012405;ENSDARG00000070494;ENSDARG00000090623;ENSDARG00000100897;ENSDARG00000078322;ENSDARG00000019601;ENSDARG00000093572;ENSDARG00000061758;ENSDARG00000077618;ENSDARG00000004227;ENSDARG00000052556;ENSDARG00000016936;ENSDARG00000074815;ENSDARG00000021442;ENSDARG00000015312;ENSDARG00000086158;ENSDARG00000006901;ENSDARG00000061140;ENSDARG00000099849;ENSDARG00000011876;ENSDARG00000105223;ENSDARG00000044895;ENSDARG00000001733;ENSDARG00000055009;ENSDARG00000097827;ENSDARG00000012066,ENSDARG00000079497;ENSDARG00000052427;ENSDARG00000101181;ENSDARG00000016691;ENSDARG00000104200;ENSDARG00000117474;ENSDARG00000052688;ENSDARG00000043243;ENSDARG00000099902;ENSDARG00000102364;ENSDARG00000091669;ENSDARG00000051809;ENSDARG00000030896;ENSDARG00000002909;ENSDARG00000028096;ENSDARG00000045262;ENSDARG00000009901;ENSDARG00000014340;ENSDARG00000014386;ENSDARG00000002634;ENSDARG00000009196;ENSDARG00000100088;ENSDARG00000100185;ENSDARG00000028098;ENSDARG00000040432;ENSDARG00000021787;ENSDARG00000003216;ENSDARG00000006060;ENSDARG00000068947;ENSDARG00000034211;ENSDARG00000111240;ENSDARG00000089936;ENSDARG00000033566;ENSDARG00000015709;ENSDARG00000071213;ENSDARG00000041947;ENSDARG00000074749;ENSDARG00000025403;ENSDARG00000091801;ENSDARG00000061173;ENSDARG00000005481;ENSDARG00000103459;ENSDARG00000012981;ENSDARG00000014047;ENSDARG00000078619;ENSDARG00000069279;ENSDARG00000040534;ENSDARG00000029305;ENSDARG00000058939;ENSDARG00000041051,ENSDARG00000024829;ENSDARG00000012593;ENSDARG00000009014;ENSDARG00000035809;ENSDARG00000031678;ENSDARG00000020007;ENSDARG00000053362;ENSDARG00000055100;ENSDARG00000098431;ENSDARG00000061682;ENSDARG00000071586;ENSDARG00000024537;ENSDARG00000044010;ENSDARG00000005216;ENSDARG00000036086;ENSDARG00000021948;ENSDARG00000015947;ENSDARG00000034801;ENSDARG00000036809;ENSDARG00000079076;ENSDARG00000078362;ENSDARG00000074582;ENSDARG00000078468;ENSDARG00000100244;ENSDARG00000012405;ENSDARG00000070494;ENSDARG00000090623;ENSDARG00000100897;ENSDARG00000078322;ENSDARG00000019601;ENSDARG00000093572;ENSDARG00000061758;ENSDARG00000077618;ENSDARG00000004227;ENSDARG00000052556;ENSDARG00000016936;ENSDARG00000074815;ENSDARG00000021442;ENSDARG00000015312;ENSDARG00000086158;ENSDARG00000006901;ENSDARG00000061140;ENSDARG00000099849;ENSDARG00000011876;ENSDARG00000105223;ENSDARG00000044895;ENSDARG00000001733;ENSDARG00000055009;ENSDARG00000097827;ENSDARG00000012066
C107,293,293,frem2b;plch2a;col5a3a;col14a1a;fras1;kremen1;bcam;lama5;lima1a;ptprub;col18a1a;creb5b;tiam1b;col4a6;col1a1b;nrg2a;fam20cb;cldni;col11a1a;ptprfa;col12a1b;postnb;cdon;col1a2;frem2a;lamc1;agrn;rarga;notch1a;actn1;znf385a;yap1;hs6st1a;col12a1a;col4a5;stat3;slit2;nectin1b;alcama;tmem132e;flna;plekha6;bnc2;jupa;pcdh7b;cdh1;foxp4;agap3;dag1;znrf3,tcnbb;evpla;aep1;evplb;znf185;agr1;abca12;ppl;cav1;anxa1c;cast;cldne;cyt1l;tob1b;hdlbpa;pnp5a;kcnma1a;ctnna2;cyt1;eef1a1l1;magi1b;pcdh1b;mef2d;actb2;krt5;cadm4;hspa8;actb1;krt4,frem2b;plch2a;col5a3a;col14a1a;fras1;kremen1;bcam;lama5;lima1a;ptprub;col18a1a;creb5b;tiam1b;col4a6;col1a1b;nrg2a;fam20cb;cldni;col11a1a;ptprfa;col12a1b;postnb;cdon;col1a2;frem2a;lamc1;agrn;rarga;notch1a;actn1;znf385a;yap1;hs6st1a;col12a1a;col4a5;stat3;slit2;nectin1b;alcama;tmem132e;flna;plekha6;bnc2;jupa;pcdh7b;cdh1;foxp4;agap3;dag1;znrf3,341.5,266.2,2.91,ENSDARG00000102626;ENSDARG00000059960;ENSDARG00000098294;ENSDARG00000005762;ENSDARG00000054619;ENSDARG00000062579;ENSDARG00000090190;ENSDARG00000058543;ENSDARG00000101441;ENSDARG00000101081;ENSDARG00000036558;ENSDARG00000070536;ENSDARG00000025920;ENSDARG00000052061;ENSDARG00000035809;ENSDARG00000077818;ENSDARG00000090338;ENSDARG00000054616;ENSDARG00000026165;ENSDARG00000103479;ENSDARG00000019601;ENSDARG00000104267;ENSDARG00000061328;ENSDARG00000020007;ENSDARG00000076856;ENSDARG00000036279;ENSDARG00000079388;ENSDARG00000034117;ENSDARG00000103554;ENSDARG00000007219;ENSDARG00000009899;ENSDARG00000068401;ENSDARG00000054754;ENSDARG00000078322;ENSDARG00000052063;ENSDARG00000022712;ENSDARG00000004246;ENSDARG00000086034;ENSDARG00000026531;ENSDARG00000090830;ENSDARG00000074201;ENSDARG00000020328;ENSDARG00000069989;ENSDARG00000070787;ENSDARG00000060610;ENSDARG00000102750;ENSDARG00000076120;ENSDARG00000087822;ENSDARG00000016153;ENSDARG00000062573,ENSDARG00000091996;ENSDARG00000019808;ENSDARG00000039099;ENSDARG00000103459;ENSDARG00000103917;ENSDARG00000060682;ENSDARG00000074749;ENSDARG00000101043;ENSDARG00000103747;ENSDARG00000104359;ENSDARG00000058693;ENSDARG00000043128;ENSDARG00000036832;ENSDARG00000021372;ENSDARG00000009830;ENSDARG00000078619;ENSDARG00000079840;ENSDARG00000024785;ENSDARG00000092947;ENSDARG00000020850;ENSDARG00000003169;ENSDARG00000036175;ENSDARG00000040237;ENSDARG00000037870;ENSDARG00000058371;ENSDARG00000040291;ENSDARG00000068992;ENSDARG00000037746;ENSDARG00000017624,ENSDARG00000102626;ENSDARG00000059960;ENSDARG00000098294;ENSDARG00000005762;ENSDARG00000054619;ENSDARG00000062579;ENSDARG00000090190;ENSDARG00000058543;ENSDARG00000101441;ENSDARG00000101081;ENSDARG00000036558;ENSDARG00000070536;ENSDARG00000025920;ENSDARG00000052061;ENSDARG00000035809;ENSDARG00000077818;ENSDARG00000090338;ENSDARG00000054616;ENSDARG00000026165;ENSDARG00000103479;ENSDARG00000019601;ENSDARG00000104267;ENSDARG00000061328;ENSDARG00000020007;ENSDARG00000076856;ENSDARG00000036279;ENSDARG00000079388;ENSDARG00000034117;ENSDARG00000103554;ENSDARG00000007219;ENSDARG00000009899;ENSDARG00000068401;ENSDARG00000054754;ENSDARG00000078322;ENSDARG00000052063;ENSDARG00000022712;ENSDARG00000004246;ENSDARG00000086034;ENSDARG00000026531;ENSDARG00000090830;ENSDARG00000074201;ENSDARG00000020328;ENSDARG00000069989;ENSDARG00000070787;ENSDARG00000060610;ENSDARG00000102750;ENSDARG00000076120;ENSDARG00000087822;ENSDARG00000016153;ENSDARG00000062573
C108,1591,1591,rrm2l;krcp;rrm2;esco2;krt4;chaf1b;pcna;atad2;atad5a;e2f8;cyt1l;dnmt1;brca2;dek;mybl2b;rpa2;rbbp4;ercc6l;smc2;fen1;nasp;cyt1;chtf18;cldne;mcm3;krt15;tubb2b;adssl;mcm6;mis18bp1;evpla;pkhd1l1.1;tuba8l4;mcm5;ranbp1;ncapg;kif15;noxo1a;arhgef39;anln2;chaf1a;smc4;irg1l;dnmt3bb.2;h3f3a;rfc1;mcm2;ncapd2;rpa1;abca12,matn4;sema5a;serpinh1b;fhl3a;tns2a;adgrl3.1;spock1;sparc;pxna;eef2l2;arhgap24;wnt5b;col5a1;sox5;entrep2;usta;sgcd;sema4ba;lin28b;sptbn1;itgb4;septin12;ptprea;itga5;ptprsa;dgkh;tcf12;gli3;pde10a;ror2;jph1b;scarb2a;ldb3b;fbn3;prkd3;bmp1a;dachd;celf5a;mtss2b;znf385a;efna2b-1;bcam;sorbs2b;agrn;rtn1a;cd81a;pbx1a;myh10;cldni;loxl3b,cyt1l;krt4;evpla;ppl;cyt1;znf185;anxa1c;evplb;capn9;cldne;abca12;icn2;pkhd1l1.1;agr1;krt5;litafd;a2m1;nos1;abcb5;cast;krt17;icn;aep1;omc2;cldn23.1;s100w;duox;cyp2y3;il17rc;dhrs13a.2;ftr86;gvin1l2;selenow2b;fbxo2;prkchb;aldob;arap1a;anxa2a;elovl7b;stard14;tspo;gjb8;bicdl2l;anxa1a;anxa1b;scel;elovl7a;pcdh20l;stx11b.1;ftr83,919.4,530.6,14.18,ENSDARG00000078069;ENSDARG00000040224;ENSDARG00000020711;ENSDARG00000014685;ENSDARG00000017624;ENSDARG00000056473;ENSDARG00000054155;ENSDARG00000076590;ENSDARG00000070568;ENSDARG00000057323;ENSDARG00000036832;ENSDARG00000030756;ENSDARG00000079015;ENSDARG00000070108;ENSDARG00000032264;ENSDARG00000037188;ENSDARG00000029058;ENSDARG00000002479;ENSDARG00000017744;ENSDARG00000011404;ENSDARG00000039208;ENSDARG00000092947;ENSDARG00000058480;ENSDARG00000043128;ENSDARG00000024204;ENSDARG00000036840;ENSDARG00000098591;ENSDARG00000012399;ENSDARG00000057683;ENSDARG00000042563;ENSDARG00000019808;ENSDARG00000091116;ENSDARG00000006260;ENSDARG00000019507;ENSDARG00000014817;ENSDARG00000070109;ENSDARG00000012073;ENSDARG00000041294;ENSDARG00000013476;ENSDARG00000088130;ENSDARG00000062152;ENSDARG00000038882;ENSDARG00000062788;ENSDARG00000057830;ENSDARG00000020504;ENSDARG00000054799;ENSDARG00000102798;ENSDARG00000005058;ENSDARG00000003938;ENSDARG00000074749,ENSDARG00000015947;ENSDARG00000058821;ENSDARG00000019949;ENSDARG00000034643;ENSDARG00000076292;ENSDARG00000061121;ENSDARG00000074644;ENSDARG00000019353;ENSDARG00000088590;ENSDARG00000035256;ENSDARG00000100973;ENSDARG00000102464;ENSDARG00000012593;ENSDARG00000011582;ENSDARG00000053380;ENSDARG00000006044;ENSDARG00000098573;ENSDARG00000074414;ENSDARG00000052511;ENSDARG00000102883;ENSDARG00000028507;ENSDARG00000019191;ENSDARG00000015891;ENSDARG00000006353;ENSDARG00000059738;ENSDARG00000018716;ENSDARG00000004714;ENSDARG00000052131;ENSDARG00000003449;ENSDARG00000076227;ENSDARG00000038826;ENSDARG00000098312;ENSDARG00000099974;ENSDARG00000098237;ENSDARG00000079967;ENSDARG00000028071;ENSDARG00000069440;ENSDARG00000071375;ENSDARG00000087260;ENSDARG00000009899;ENSDARG00000099220;ENSDARG00000090190;ENSDARG00000061603;ENSDARG00000079388;ENSDARG00000006497;ENSDARG00000036080;ENSDARG00000100494;ENSDARG00000000103;ENSDARG00000054616;ENSDARG00000039563,ENSDARG00000036832;ENSDARG00000017624;ENSDARG00000019808;ENSDARG00000101043;ENSDARG00000092947;ENSDARG00000103917;ENSDARG00000104359;ENSDARG00000103459;ENSDARG00000012341;ENSDARG00000043128;ENSDARG00000074749;ENSDARG00000055514;ENSDARG00000091116;ENSDARG00000060682;ENSDARG00000058371;ENSDARG00000087093;ENSDARG00000104200;ENSDARG00000068910;ENSDARG00000021787;ENSDARG00000058693;ENSDARG00000094041;ENSDARG00000009978;ENSDARG00000039099;ENSDARG00000117474;ENSDARG00000028096;ENSDARG00000101181;ENSDARG00000062632;ENSDARG00000101423;ENSDARG00000099902;ENSDARG00000111240;ENSDARG00000076839;ENSDARG00000102364;ENSDARG00000089936;ENSDARG00000099306;ENSDARG00000043243;ENSDARG00000053684;ENSDARG00000062221;ENSDARG00000003216;ENSDARG00000100185;ENSDARG00000031929;ENSDARG00000026655;ENSDARG00000042707;ENSDARG00000091669;ENSDARG00000026726;ENSDARG00000100095;ENSDARG00000034677;ENSDARG00000069279;ENSDARG00000101910;ENSDARG00000029290;ENSDARG00000025403
C109,1639,1639,chata;slc18a3a;sv2ca;slit3;mmp17a;lhx4;kcnn2;arhgap22a;gfra1b;ret;tmem121aa;rbfox1;cntn2;agrn;onecut3b;gabra3;cntn4;glra1;gfra3;kcnb2b;enox1;elavl4;eml5;csmd2;ptprfa;dab1a;cplx2b;neto1l;nlgn3a;nwd2;cacna1ab;fam163ba;kcnc3a;ngfra;nrg2b;unc5a;megf11;nyap2a;qkib;ctnna2;xpr1a;l1cama;znf804a;frmpd3;kcnq3;adam19b;myo10l1;aplp1;iqsec3a;elavl3,elovl7a;sack1ha;tent5ba;omc2;nfkbiaa;capn2l;caspb;prkchb;gvin1l2;elovl7b;dhrs13a.2;junbb;klf3;myl12.1;hk2;tcnbb;rhpn2;sik1;zfp36l1a;mid1ip1a;tnks1bp1;gjb8;scel;klf2b;gfpt2;icn;nectin4a;stard14;lmo7a;pkp3a;f11r.1;piezo1;fut9d;esrp1;chs3;tjp3;slc38a5a;serpinb14;gsnb;anxa2a;rgl3a;gstp1.2;nr4a1;anxa1a;usp43a;nocta;znf185;ppl;spint2;dspb,chata;slc18a3a;sv2ca;slit3;mmp17a;lhx4;kcnn2;arhgap22a;gfra1b;ret;tmem121aa;rbfox1;cntn2;agrn;onecut3b;gabra3;cntn4;glra1;gfra3;kcnb2b;enox1;elavl4;eml5;csmd2;ptprfa;dab1a;cplx2b;neto1l;nlgn3a;nwd2;cacna1ab;fam163ba;kcnc3a;ngfra;nrg2b;unc5a;megf11;nyap2a;qkib;ctnna2;xpr1a;l1cama;znf804a;frmpd3;kcnq3;adam19b;myo10l1;aplp1;iqsec3a;elavl3,349.1,259.7,1.37,ENSDARG00000015854;ENSDARG00000006356;ENSDARG00000059997;ENSDARG00000034268;ENSDARG00000078915;ENSDARG00000039458;ENSDARG00000014939;ENSDARG00000021255;ENSDARG00000102564;ENSDARG00000055305;ENSDARG00000061562;ENSDARG00000014746;ENSDARG00000000472;ENSDARG00000079388;ENSDARG00000091059;ENSDARG00000090883;ENSDARG00000098161;ENSDARG00000012019;ENSDARG00000087704;ENSDARG00000088842;ENSDARG00000060243;ENSDARG00000045639;ENSDARG00000053517;ENSDARG00000001559;ENSDARG00000103479;ENSDARG00000059939;ENSDARG00000061918;ENSDARG00000071596;ENSDARG00000104786;ENSDARG00000077162;ENSDARG00000006923;ENSDARG00000073914;ENSDARG00000055855;ENSDARG00000088708;ENSDARG00000086585;ENSDARG00000099034;ENSDARG00000062686;ENSDARG00000079581;ENSDARG00000002026;ENSDARG00000024785;ENSDARG00000062449;ENSDARG00000007149;ENSDARG00000027079;ENSDARG00000074865;ENSDARG00000060085;ENSDARG00000067545;ENSDARG00000074723;ENSDARG00000098368;ENSDARG00000099850;ENSDARG00000014420,ENSDARG00000069279;ENSDARG00000068849;ENSDARG00000039943;ENSDARG00000117474;ENSDARG00000005481;ENSDARG00000034211;ENSDARG00000052039;ENSDARG00000043243;ENSDARG00000102364;ENSDARG00000100185;ENSDARG00000111240;ENSDARG00000104773;ENSDARG00000015495;ENSDARG00000099766;ENSDARG00000101482;ENSDARG00000091996;ENSDARG00000014577;ENSDARG00000058606;ENSDARG00000016154;ENSDARG00000041051;ENSDARG00000068760;ENSDARG00000042707;ENSDARG00000034677;ENSDARG00000040432;ENSDARG00000044094;ENSDARG00000009978;ENSDARG00000077419;ENSDARG00000031929;ENSDARG00000004930;ENSDARG00000051861;ENSDARG00000017320;ENSDARG00000076870;ENSDARG00000028098;ENSDARG00000011245;ENSDARG00000068947;ENSDARG00000002909;ENSDARG00000009901;ENSDARG00000091801;ENSDARG00000045262;ENSDARG00000003216;ENSDARG00000071213;ENSDARG00000104068;ENSDARG00000000796;ENSDARG00000026726;ENSDARG00000103494;ENSDARG00000077726;ENSDARG00000103917;ENSDARG00000101043;ENSDARG00000069476;ENSDARG00000076673,ENSDARG00000015854;ENSDARG00000006356;ENSDARG00000059997;ENSDARG00000034268;ENSDARG00000078915;ENSDARG00000039458;ENSDARG00000014939;ENSDARG00000021255;ENSDARG00000102564;ENSDARG00000055305;ENSDARG00000061562;ENSDARG00000014746;ENSDARG00000000472;ENSDARG00000079388;ENSDARG00000091059;ENSDARG00000090883;ENSDARG00000098161;ENSDARG00000012019;ENSDARG00000087704;ENSDARG00000088842;ENSDARG00000060243;ENSDARG00000045639;ENSDARG00000053517;ENSDARG00000001559;ENSDARG00000103479;ENSDARG00000059939;ENSDARG00000061918;ENSDARG00000071596;ENSDARG00000104786;ENSDARG00000077162;ENSDARG00000006923;ENSDARG00000073914;ENSDARG00000055855;ENSDARG00000088708;ENSDARG00000086585;ENSDARG00000099034;ENSDARG00000062686;ENSDARG00000079581;ENSDARG00000002026;ENSDARG00000024785;ENSDARG00000062449;ENSDARG00000007149;ENSDARG00000027079;ENSDARG00000074865;ENSDARG00000060085;ENSDARG00000067545;ENSDARG00000074723;ENSDARG00000098368;ENSDARG00000099850;ENSDARG00000014420
C110,3204,3204,smyhc1;ryr1a;tnnt2d;myh7bb;notum2;mybpc3;myl13;myl10;tpm2;kcnmb2a;smyhc2;tnni4b.2;tnnt2e;bpgm;tnni1c;tnnc1b;smyhc3;tnni1d;myoz2b;chrnb1l;kcnab2b;rnf207b;hhatlb;s100p;ampd3a;acte1;pvalb4;arxa;atp2a1;myl4;ttn.2;sfrp2;mybpc1;mylk3;psme4a;ttn.1;neb;kcnab1a;tnnt2c;myom1b;ppp1r3aa;prkg1a;kcnh2a;myoz3a;mef2cb;agbl1;uts2r1;tacr1a;mylk4a;tpm3,rab25a;omc2;styk1b;slc38a5a;stard14;sack1ha;anxa1a;cyp17a1;mid1ip1a;osbpl7;rgl3a;gsnb;gvin1l2;abcb5;dhrs13a.2;adgrg2a;klf2b;elovl7a;btr12;atp10b;muc13a;s100w;a2m1;nectin4a;caspb;rhbg;cldnb;osbpl3a;st14;scel;capgb;stx11b.1;evplb;ppl;arpc5a;tnks1bp1;erbb3a;bicdl2;tmem30b;icn2;tmsb1;tjp3;dsg2.1;fut9d;tcima;chs3;b4galt1;klf3;paqr5b;klf5l,smyhc1;tnnt2d;myl13;myl10;ryr1a;smyhc3;notum2;tnni1c;tnni4b.2;tnnc1b;kcnmb2a;tnni1d;mybpc3;smyhc2;myh7bb;acte1;tpm2;tnnt2e;myoz2b;rnf207b;bpgm;pvalb4;hhatlb;arxa;chrnb1l;kcnab2b;atp2a1;s100p;ampd3a;myoz3a;ttn.2;tnnt2c;myl4;ppp1r3aa;neb;ttn.1;sfrp2;myom1b;mylk3;coxfa4b;mybpc1;psme4a;frmd5b;tpm3;xirp2a;nme2b.2;smpx;kcnab1a;mylk4a;uts2r1,948.9,477.4,11.83,ENSDARG00000099959;ENSDARG00000011422;ENSDARG00000002988;ENSDARG00000035322;ENSDARG00000088411;ENSDARG00000011615;ENSDARG00000042245;ENSDARG00000062592;ENSDARG00000104682;ENSDARG00000006568;ENSDARG00000103969;ENSDARG00000036671;ENSDARG00000045822;ENSDARG00000070826;ENSDARG00000042559;ENSDARG00000037539;ENSDARG00000114031;ENSDARG00000073766;ENSDARG00000037266;ENSDARG00000022532;ENSDARG00000062134;ENSDARG00000012409;ENSDARG00000005139;ENSDARG00000001712;ENSDARG00000005800;ENSDARG00000079111;ENSDARG00000024433;ENSDARG00000058011;ENSDARG00000020574;ENSDARG00000011519;ENSDARG00000028213;ENSDARG00000070050;ENSDARG00000045560;ENSDARG00000076348;ENSDARG00000087911;ENSDARG00000000563;ENSDARG00000032630;ENSDARG00000008140;ENSDARG00000032242;ENSDARG00000104836;ENSDARG00000090468;ENSDARG00000020656;ENSDARG00000029881;ENSDARG00000067701;ENSDARG00000009418;ENSDARG00000104384;ENSDARG00000009624;ENSDARG00000035533;ENSDARG00000091260;ENSDARG00000005162,ENSDARG00000058800;ENSDARG00000117474;ENSDARG00000041947;ENSDARG00000009901;ENSDARG00000031929;ENSDARG00000068849;ENSDARG00000026726;ENSDARG00000033566;ENSDARG00000041051;ENSDARG00000012981;ENSDARG00000071213;ENSDARG00000045262;ENSDARG00000102364;ENSDARG00000021787;ENSDARG00000111240;ENSDARG00000088137;ENSDARG00000040432;ENSDARG00000069279;ENSDARG00000051809;ENSDARG00000076230;ENSDARG00000069559;ENSDARG00000101181;ENSDARG00000104200;ENSDARG00000077419;ENSDARG00000052039;ENSDARG00000009018;ENSDARG00000009544;ENSDARG00000033251;ENSDARG00000100088;ENSDARG00000034677;ENSDARG00000099672;ENSDARG00000029290;ENSDARG00000103459;ENSDARG00000101043;ENSDARG00000039142;ENSDARG00000068760;ENSDARG00000006202;ENSDARG00000052427;ENSDARG00000054122;ENSDARG00000055514;ENSDARG00000104181;ENSDARG00000002909;ENSDARG00000076945;ENSDARG00000028098;ENSDARG00000079497;ENSDARG00000068947;ENSDARG00000002634;ENSDARG00000015495;ENSDARG00000052688;ENSDARG00000018757,ENSDARG00000099959;ENSDARG00000002988;ENSDARG00000042245;ENSDARG00000062592;ENSDARG00000011422;ENSDARG00000114031;ENSDARG00000088411;ENSDARG00000042559;ENSDARG00000036671;ENSDARG00000037539;ENSDARG00000006568;ENSDARG00000073766;ENSDARG00000011615;ENSDARG00000103969;ENSDARG00000035322;ENSDARG00000079111;ENSDARG00000104682;ENSDARG00000045822;ENSDARG00000037266;ENSDARG00000012409;ENSDARG00000070826;ENSDARG00000024433;ENSDARG00000005139;ENSDARG00000058011;ENSDARG00000022532;ENSDARG00000062134;ENSDARG00000020574;ENSDARG00000001712;ENSDARG00000005800;ENSDARG00000067701;ENSDARG00000028213;ENSDARG00000032242;ENSDARG00000011519;ENSDARG00000090468;ENSDARG00000032630;ENSDARG00000000563;ENSDARG00000070050;ENSDARG00000104836;ENSDARG00000076348;ENSDARG00000056108;ENSDARG00000045560;ENSDARG00000087911;ENSDARG00000079622;ENSDARG00000005162;ENSDARG00000071113;ENSDARG00000099420;ENSDARG00000045302;ENSDARG00000008140;ENSDARG00000091260;ENSDARG00000009624
C111,196,196,ngs;sncga;vimr1;cftr;slc26a6l2;adgrd1;vimr2;plcl1;pacsin3;cavin1b;map1lc3cl;ihhb;ppfibp2a;trim35-39;cobll1a;syngr3b;slc36a1;tspan7;ehd3;susd5;znf385b;lmx1ba;ltbp4;flnca;tmem163b;slc7a6;ezra;rap1gap2b;pald1b;cntn3b;lyst;qki2;lgals1l1;cd34;lgals2a;znf385a;plch2a;palmda;tbxta;lmo7b;wwp2;agtrap;unc5ca;sptb;pkp3b;prx;ablim3;ntn2;wscd2;ablim2,anxa1c;evplb;cldne;ppl;evpla;znf185;cyt1;pnp5a;krt4;krt5;ank3a;cyt1l;hdlbpa;robo1;ptprfb;actb2;gse1b;actb1;foxp4,col9a1b;cmn;col2a1a;epyc;col11a2;otos2;col9a2;igsf10;chad;col9a3;matn3b;matn3a;paqr4b;cnmd;tbxta;tgm2l;col11a1a;gas2b;col8a1a;ucmab;acanb;colgalt2a;loxl1;chadla;plxdc2a;susd5;tppp3;vimr1;sncga;krt94;egf;drd2b;ngs;mmp23bb;hsd17b8;mmp11b;ehd2b;ddr2b;col27a1b;mxra8a;acana;znf385a;cpxm1b;golim4b;wwp2;agtrap;matn4;krt18a.1;shha;sparc,803.2,472.3,2.7,ENSDARG00000054321;ENSDARG00000034423;ENSDARG00000068589;ENSDARG00000041107;ENSDARG00000058738;ENSDARG00000053344;ENSDARG00000105188;ENSDARG00000067676;ENSDARG00000099339;ENSDARG00000059362;ENSDARG00000075727;ENSDARG00000058815;ENSDARG00000061977;ENSDARG00000071241;ENSDARG00000089858;ENSDARG00000025034;ENSDARG00000075618;ENSDARG00000008407;ENSDARG00000007869;ENSDARG00000088277;ENSDARG00000006065;ENSDARG00000104815;ENSDARG00000099137;ENSDARG00000018566;ENSDARG00000088227;ENSDARG00000054423;ENSDARG00000020944;ENSDARG00000074222;ENSDARG00000039352;ENSDARG00000053454;ENSDARG00000008575;ENSDARG00000010018;ENSDARG00000088711;ENSDARG00000095268;ENSDARG00000054942;ENSDARG00000009899;ENSDARG00000059960;ENSDARG00000001913;ENSDARG00000101576;ENSDARG00000053535;ENSDARG00000061345;ENSDARG00000077082;ENSDARG00000099133;ENSDARG00000030490;ENSDARG00000079438;ENSDARG00000017246;ENSDARG00000088168;ENSDARG00000076748;ENSDARG00000061819;ENSDARG00000055223,ENSDARG00000104359;ENSDARG00000103459;ENSDARG00000043128;ENSDARG00000101043;ENSDARG00000019808;ENSDARG00000103917;ENSDARG00000092947;ENSDARG00000078619;ENSDARG00000017624;ENSDARG00000058371;ENSDARG00000061736;ENSDARG00000036832;ENSDARG00000009830;ENSDARG00000026784;ENSDARG00000005754;ENSDARG00000037870;ENSDARG00000062020;ENSDARG00000037746;ENSDARG00000076120,ENSDARG00000031483;ENSDARG00000055527;ENSDARG00000069093;ENSDARG00000056950;ENSDARG00000012422;ENSDARG00000096905;ENSDARG00000024492;ENSDARG00000077497;ENSDARG00000045071;ENSDARG00000037845;ENSDARG00000069265;ENSDARG00000069245;ENSDARG00000074160;ENSDARG00000100133;ENSDARG00000101576;ENSDARG00000093381;ENSDARG00000026165;ENSDARG00000036152;ENSDARG00000077403;ENSDARG00000005485;ENSDARG00000045799;ENSDARG00000078299;ENSDARG00000054451;ENSDARG00000055160;ENSDARG00000077219;ENSDARG00000088277;ENSDARG00000030463;ENSDARG00000068589;ENSDARG00000034423;ENSDARG00000044975;ENSDARG00000052739;ENSDARG00000011091;ENSDARG00000054321;ENSDARG00000009825;ENSDARG00000001169;ENSDARG00000016718;ENSDARG00000040362;ENSDARG00000058695;ENSDARG00000099930;ENSDARG00000062222;ENSDARG00000035891;ENSDARG00000009899;ENSDARG00000098158;ENSDARG00000014545;ENSDARG00000061345;ENSDARG00000077082;ENSDARG00000015947;ENSDARG00000018404;ENSDARG00000068567;ENSDARG00000019353
C112,1153,1153,krt4;cyt1l;cyt1;abca12;foxn1;evpla;ugt1ab;pou2f3;slc5a8;omc2;nos1;znf185;kidins220a;krt5;abcb5;naaladl2;ppl;pitpnm3;dhrs11a;card14;rhbg;ikzf2;arhgap27;cast;krt1-19e;pcdh1b;nos2b;cav1;ces2b;paqr6;grhl1;dgkzb;agr1;ahnak;cd99;arhgef18a;cldne;tnks1bp1;crybg1b;adgrf6;nrg1;cmah;cyp2y3;prdm1b;flrt2;duox;chl1a;fam169aa;aep1;cacng6a,dgkh;glra4a;nfatc1;serpinh1b;usta;tln1;mef2ca;xirp2b;cdh11;bcar1;wnt5b;aplp1;lrp1ab;nhsl2;fstl1b;slc20a2;chsy3;nedd9;magi2a;col2a1b;robo2;tns1b;col1a1a;syt1a;pcdh2g28.1;matn4;postnb;cd81a;itgb4;znf385b;col18a1a;sorcs2;agrn;fndc3ba;bcam;plpp3;atrnl1b;prkd3;elavl3;bnc2;col1a2;col4a5;plxnb1a;pbx1a;ehbp1;sema4ba;tns2a;msna;col4a6;sema4c,cyt1l;krt4;evpla;ppl;cyt1;znf185;anxa1c;evplb;capn9;cldne;abca12;icn2;pkhd1l1.1;agr1;krt5;litafd;a2m1;nos1;abcb5;cast;krt17;icn;aep1;omc2;cldn23.1;s100w;duox;cyp2y3;il17rc;dhrs13a.2;ftr86;gvin1l2;selenow2b;fbxo2;prkchb;aldob;arap1a;anxa2a;elovl7b;stard14;tspo;gjb8;bicdl2l;anxa1a;anxa1b;scel;elovl7a;pcdh20l;stx11b.1;ftr83,561.4,348.4,8.24,ENSDARG00000017624;ENSDARG00000036832;ENSDARG00000092947;ENSDARG00000074749;ENSDARG00000011879;ENSDARG00000019808;ENSDARG00000006220;ENSDARG00000052387;ENSDARG00000087120;ENSDARG00000117474;ENSDARG00000068910;ENSDARG00000103917;ENSDARG00000031240;ENSDARG00000058371;ENSDARG00000021787;ENSDARG00000086489;ENSDARG00000101043;ENSDARG00000055255;ENSDARG00000046090;ENSDARG00000103485;ENSDARG00000009018;ENSDARG00000069111;ENSDARG00000104255;ENSDARG00000058693;ENSDARG00000090268;ENSDARG00000036175;ENSDARG00000031976;ENSDARG00000103747;ENSDARG00000101726;ENSDARG00000041483;ENSDARG00000061391;ENSDARG00000076025;ENSDARG00000060682;ENSDARG00000061764;ENSDARG00000051975;ENSDARG00000011157;ENSDARG00000043128;ENSDARG00000068760;ENSDARG00000006060;ENSDARG00000042829;ENSDARG00000104314;ENSDARG00000057714;ENSDARG00000101423;ENSDARG00000098777;ENSDARG00000079355;ENSDARG00000062632;ENSDARG00000077881;ENSDARG00000059719;ENSDARG00000039099;ENSDARG00000036457,ENSDARG00000018716;ENSDARG00000006865;ENSDARG00000036168;ENSDARG00000019949;ENSDARG00000006044;ENSDARG00000100729;ENSDARG00000029764;ENSDARG00000091090;ENSDARG00000021442;ENSDARG00000056525;ENSDARG00000102464;ENSDARG00000098368;ENSDARG00000029146;ENSDARG00000089066;ENSDARG00000039576;ENSDARG00000060796;ENSDARG00000069472;ENSDARG00000089878;ENSDARG00000021590;ENSDARG00000011407;ENSDARG00000014891;ENSDARG00000020845;ENSDARG00000012405;ENSDARG00000030614;ENSDARG00000098788;ENSDARG00000015947;ENSDARG00000104267;ENSDARG00000036080;ENSDARG00000028507;ENSDARG00000006065;ENSDARG00000036558;ENSDARG00000077465;ENSDARG00000079388;ENSDARG00000078179;ENSDARG00000090190;ENSDARG00000059933;ENSDARG00000006420;ENSDARG00000079967;ENSDARG00000014420;ENSDARG00000069989;ENSDARG00000020007;ENSDARG00000052063;ENSDARG00000075821;ENSDARG00000100494;ENSDARG00000043643;ENSDARG00000074414;ENSDARG00000076292;ENSDARG00000058128;ENSDARG00000052061;ENSDARG00000079611,ENSDARG00000036832;ENSDARG00000017624;ENSDARG00000019808;ENSDARG00000101043;ENSDARG00000092947;ENSDARG00000103917;ENSDARG00000104359;ENSDARG00000103459;ENSDARG00000012341;ENSDARG00000043128;ENSDARG00000074749;ENSDARG00000055514;ENSDARG00000091116;ENSDARG00000060682;ENSDARG00000058371;ENSDARG00000087093;ENSDARG00000104200;ENSDARG00000068910;ENSDARG00000021787;ENSDARG00000058693;ENSDARG00000094041;ENSDARG00000009978;ENSDARG00000039099;ENSDARG00000117474;ENSDARG00000028096;ENSDARG00000101181;ENSDARG00000062632;ENSDARG00000101423;ENSDARG00000099902;ENSDARG00000111240;ENSDARG00000076839;ENSDARG00000102364;ENSDARG00000089936;ENSDARG00000099306;ENSDARG00000043243;ENSDARG00000053684;ENSDARG00000062221;ENSDARG00000003216;ENSDARG00000100185;ENSDARG00000031929;ENSDARG00000026655;ENSDARG00000042707;ENSDARG00000091669;ENSDARG00000026726;ENSDARG00000100095;ENSDARG00000034677;ENSDARG00000069279;ENSDARG00000101910;ENSDARG00000029290;ENSDARG00000025403
