id	name	kind	depth	is_a	part_of	start_stage	end_stage	synonyms
ZFA:0000000	Brachet's cleft	structure	3	ZFA:0001105		ZFS:0000020	ZFS:0000024	
ZFA:0000001	Kupffer's vesicle	structure	3	ZFA:0001105	ZFA:0000077	ZFS:0000023	ZFS:0000029	ciliated organ of asymmetry [EXACT]
ZFA:0000003	adaxial cell	cell	3	ZFA:0009000	ZFA:0000279	ZFS:0000022	ZFS:0000029	adaxial cells [EXACT]
ZFA:0000004	anterior axial hypoblast	structure	3	ZFA:0001477	ZFA:0001378	ZFS:0000020	ZFS:0000022	pre-polster [EXACT]
ZFA:0000005	artery	structure	4	ZFA:0005314	ZFA:0001079	ZFS:0000028	ZFS:0000044	arterial system [RELATED]
ZFA:0000006	ball	structure	3	ZFA:0001308	ZFA:0000084	ZFS:0000025	ZFS:0000036	yolk ball [EXACT]
ZFA:0000007	blood	structure	2	ZFA:0001487	ZFA:0005023	ZFS:0000028	ZFS:0000044	
ZFA:0000008	brain	structure	4	ZFA:0001490	ZFA:0000012	ZFS:0000025	ZFS:0000044	brain structure [RELATED]
ZFA:0000009	cardiac ventricle	structure	4	ZFA:0001490	ZFA:0000114	ZFS:0000032	ZFS:0000044	ventricle [EXACT]
ZFA:0000010	cardiovascular system	structure	4	ZFA:0001439		ZFS:0000024	ZFS:0000044	
ZFA:0000011	caudal artery	structure	5	ZFA:0000005	ZFA:0005037;ZFA:0005295	ZFS:0000028	ZFS:0000044	CA [EXACT]
ZFA:0000012	central nervous system	structure	5	ZFA:0000396		ZFS:0000022	ZFS:0000044	cns [EXACT]
ZFA:0000013	cranial ganglion	structure	4	ZFA:0000190		ZFS:0000023	ZFS:0000044	cranial ganglia [EXACT] | presumptive cranial ganglia [RELATED]
ZFA:0000014	dorsal aorta	structure	5	ZFA:0000005	ZFA:0005024;ZFA:0005295	ZFS:0000028	ZFS:0000044	DA [EXACT] | dorsal aortic root [EXACT]
ZFA:0000016	ectoderm	structure	4	ZFA:0001122		ZFS:0000020	ZFS:0000038	
ZFA:0000017	endoderm	structure	4	ZFA:0001122		ZFS:0000020	ZFS:0000035	
ZFA:0000018	epiblast	structure	3	ZFA:0001105	ZFA:0000111	ZFS:0000018	ZFS:0000022	
ZFA:0000019	epiphysis	structure	3	ZFA:0001488	ZFA:0001127;ZFA:0001158;ZFA:0001359	ZFS:0000025	ZFS:0000044	corpus pineale [EXACT] | pineal gland [EXACT] | pineal organ [EXACT]
ZFA:0000020	extraembryonic structure	structure	2	ZFA:0000037		ZFS:0000001	ZFS:0000032	extraembryonic structures [EXACT]
ZFA:0000022	floor plate	structure	3	ZFA:0001488	ZFA:0000012	ZFS:0000024	ZFS:0000044	floorplate [EXACT] | fp [EXACT]
ZFA:0000023	forerunner cell group	structure	3	ZFA:0001105		ZFS:0000017	ZFS:0000023	DFCs [EXACT] | dorsal forerunner cells [EXACT] | forerunner cells [EXACT]
ZFA:0000024	retinal ganglion cell layer	structure	3	ZFA:0001477	ZFA:0000046	ZFS:0000030	ZFS:0000044	ganglion cell layer [EXACT]
ZFA:0000026	hatching gland	structure	3	ZFA:0001105		ZFS:0000025	ZFS:0000034	hgg [EXACT]
ZFA:0000027	paired fin skeleton	structure	5	ZFA:0000434	ZFA:0005596	ZFS:0000000	ZFS:0000044	appendicular skeleton [EXACT]
ZFA:0000028	heart primordium	structure	3	ZFA:0001477	ZFA:0000010	ZFS:0000024	ZFS:0000027	cardiac field [EXACT] | heart primordia [EXACT]
ZFA:0000029	hindbrain	structure	3	ZFA:0001488	ZFA:0000008	ZFS:0000025	ZFS:0000044	rhombencephalon [EXACT]
ZFA:0000030	macula utricle	structure	4	ZFA:0000386	ZFA:0000700	ZFS:0000000	ZFS:0000044	maculae utricle [EXACT]
ZFA:0000031	hypochord	structure	3	ZFA:0001477	ZFA:0000017	ZFS:0000025	ZFS:0000035	
ZFA:0000032	hypothalamus	structure	3	ZFA:0001488	ZFA:0000101	ZFS:0000028	ZFS:0000044	
ZFA:0000033	intermediate cell mass of mesoderm	structure	3	ZFA:0001477	ZFA:0005023	ZFS:0000026	ZFS:0000033	ICM [EXACT] | intermediate cell mass of Oellacher [EXACT] | posterior intermediate cell mass [EXACT]
ZFA:0000034	lateral line system	structure	5	ZFA:0000282	ZFA:0000142	ZFS:0000025	ZFS:0000044	ll [EXACT]
ZFA:0000035	lens	structure	3	ZFA:0001477	ZFA:0005566	ZFS:0000030	ZFS:0000044	lenses [EXACT]
ZFA:0000036	liver and biliary system	structure	4	ZFA:0001439		ZFS:0000029	ZFS:0000044	
ZFA:0000037	anatomical structure	structure	1	ZFA:0100000		ZFS:0000001	ZFS:0000044	anatomical structures [EXACT]
ZFA:0000038	margin	structure	3	ZFA:0001105		ZFS:0000016	ZFS:0000022	
ZFA:0000039	median axial vein	structure	5	ZFA:0000082		ZFS:0000029	ZFS:0000044	
ZFA:0000040	median fin fold	structure	4	ZFA:0000292		ZFS:0000028	ZFS:0000037	median fin [RELATED]
ZFA:0000041	mesoderm	structure	4	ZFA:0001122		ZFS:0000020	ZFS:0000034	
ZFA:0000042	midbrain hindbrain boundary	structure	2	ZFA:0001689	ZFA:0000008	ZFS:0000026	ZFS:0000044	isthmus [EXACT] | mhb [EXACT] | midbrain-hindbrain boundary [EXACT]
ZFA:0000043	muscle pioneer somite 1	cell	5	ZFA:0001086	ZFA:0000072	ZFS:0000024	ZFS:0000034	muscle pioneers somite 1 [EXACT]
ZFA:0000044	myotome somite 14	structure	5	ZFA:0001056	ZFA:0000726	ZFS:0000026	ZFS:0000034	
ZFA:0000045	neural crest	structure	3	ZFA:0001477		ZFS:0000023	ZFS:0000031	
ZFA:0000046	retinal neural layer	structure	3	ZFA:0001477	ZFA:0000152	ZFS:0000030	ZFS:0000044	neural retina [EXACT] | neuroretina [EXACT]
ZFA:0000047	peripheral olfactory organ	structure	4	ZFA:0001490	ZFA:0001149	ZFS:0000030	ZFS:0000044	nasal sac [EXACT] | nose [RELATED]
ZFA:0000048	olfactory placode	structure	4	ZFA:0001309	ZFA:0001149	ZFS:0000025	ZFS:0000029	olfactory placodes [EXACT]
ZFA:0000049	optic recess	structure	2	ZFA:0001643	ZFA:0000079	ZFS:0000029	ZFS:0000044	optic recesses [EXACT]
ZFA:0000050	optic vesicle	structure	3	ZFA:0001477	ZFA:0001678	ZFS:0000024	ZFS:0000027	optic vesicles [EXACT]
ZFA:0000051	otic vesicle	structure	3	ZFA:0001105		ZFS:0000026	ZFS:0000000	otic capsule [RELATED] | otocyst [EXACT] | ov [EXACT]
ZFA:0000052	dorsal actinotrichium	structure	4	ZFA:0000089	ZFA:0000102	ZFS:0000029	ZFS:0000034	dorsal actinotrichia [EXACT]
ZFA:0000053	presumptive segmental plate	structure	3	ZFA:0001105	ZFA:0000041	ZFS:0000020	ZFS:0000022	presumptive segmental plates [EXACT]
ZFA:0000054	pericardium	structure	4	ZFA:0005425	ZFA:0007115	ZFS:0000028	ZFS:0000044	pericardial sac [EXACT]
ZFA:0000056	pharynx	structure	3	ZFA:0001488	ZFA:0000339	ZFS:0000025	ZFS:0000044	
ZFA:0000058	polster	structure	3	ZFA:0001105	ZFA:0000060	ZFS:0000022	ZFS:0000029	pillow [EXACT]
ZFA:0000059	postoptic commissure	structure	5	ZFA:0000338		ZFS:0000029	ZFS:0000044	POC [EXACT] | post optic commissure [EXACT] | post-optic commissure [EXACT]
ZFA:0000060	prechordal plate	structure	3	ZFA:0001477	ZFA:0001204	ZFS:0000020	ZFS:0000029	
ZFA:0000062	presumptive forebrain	structure	3	ZFA:0001105	ZFA:0000146;ZFA:0007014	ZFS:0000019	ZFS:0000020	presumptive prosencephalon [EXACT]
ZFA:0000063	presumptive neural plate	structure	4	ZFA:0001116		ZFS:0000014	ZFS:0000021	neurectoderm [RELATED] | presumptive central nervous system [EXACT] | prospective neuroectoderm [EXACT] | prospective vegetal ectoderm [EXACT]
ZFA:0000064	presumptive retinal pigmented epithelium	structure	3	ZFA:0001477	ZFA:0001202	ZFS:0000028	ZFS:0000029	outer layer optic cup [EXACT] | presumptive pigmented epithelia [EXACT]
ZFA:0000066	proctodeum	structure	4	ZFA:0000292	ZFA:0000112	ZFS:0000028	ZFS:0000029	anus [RELATED]
ZFA:0000067	pronephric mesoderm	structure	5	ZFA:0000041	ZFA:0001206	ZFS:0000023	ZFS:0000024	pronephric primordium [EXACT]
ZFA:0000068	proneural cluster	structure	3	ZFA:0001105	ZFA:0000132	ZFS:0000023	ZFS:0000024	proneural clusters [EXACT]
ZFA:0000069	rhombomere 6	structure	5	ZFA:0001064		ZFS:0000025	ZFS:0000000	r6 [EXACT]
ZFA:0000071	shield	structure	3	ZFA:0001105	ZFA:0000111	ZFS:0000019	ZFS:0000019	dorsal organizer [EXACT] | organizer [EXACT] | Spemann Mangold organizer [EXACT] | Spemann's organizer [EXACT]
ZFA:0000072	somite 1	structure	4	ZFA:0000155		ZFS:0000023	ZFS:0000034	
ZFA:0000073	somite 5	structure	4	ZFA:0000155		ZFS:0000024	ZFS:0000034	
ZFA:0000074	somite 26	structure	4	ZFA:0000155		ZFS:0000028	ZFS:0000034	
ZFA:0000075	spinal cord	structure	4	ZFA:0001490	ZFA:0000012	ZFS:0000029	ZFS:0000044	medulla spinalis [EXACT] | spinal cord structure [RELATED]
ZFA:0000076	swim bladder	structure	4	ZFA:0001490	ZFA:0007116	ZFS:0000034	ZFS:0000044	gas bladder [EXACT]
ZFA:0000077	tail bud	structure	3	ZFA:0001105		ZFS:0000022	ZFS:0000029	tail bud mesenchyme [RELATED] | tailbud [EXACT]
ZFA:0000078	ventral actinotrichium	structure	4	ZFA:0000089	ZFA:0001069	ZFS:0000029	ZFS:0000034	ventral actinotrichia [EXACT]
ZFA:0000079	telencephalon	structure	3	ZFA:0001488	ZFA:0000109	ZFS:0000025	ZFS:0000044	
ZFA:0000080	trigeminal neural crest	structure	5	ZFA:0001194		ZFS:0000023	ZFS:0000028	
ZFA:0000081	trunk mesenchyme	structure	4	ZFA:0000393		ZFS:0000022	ZFS:0000034	
ZFA:0000082	vein	structure	4	ZFA:0005314	ZFA:0001079	ZFS:0000027	ZFS:0000044	venous system [RELATED]
ZFA:0000083	ventral mesoderm	structure	5	ZFA:0000041		ZFS:0000020	ZFS:0000029	
ZFA:0000084	yolk	cell	3	ZFA:0009000		ZFS:0000001	ZFS:0000037	yolk cell [EXACT]
ZFA:0000085	apical ectodermal ridge pectoral fin bud	structure	6	ZFA:0001702	ZFA:0000141	ZFS:0000030	ZFS:0000032	AER pectoral fin [EXACT] | apical ectodermal ridge pectoral fin [EXACT] | apical ectodermal ridge pectoral fin buds [EXACT] | apical ectodermal ridge pectoral fins [EXACT] | apical fold pectoral fin [EXACT]
ZFA:0000086	EVL	structure	3	ZFA:0001105	ZFA:0001176	ZFS:0000016	ZFS:0000021	enveloping layer [EXACT]
ZFA:0000088	yolk syncytial layer	structure	3	ZFA:0001105		ZFS:0000011	ZFS:0000037	periblast [EXACT] | yolk sac [RELATED] | YSL [EXACT]
ZFA:0000089	fin fold actinotrichium	structure	5	ZFA:0005435	ZFA:0000040	ZFS:0000029	ZFS:0000034	fin fold actinotrichia [EXACT] | median fin fold actinotrichium [EXACT]
ZFA:0000090	apical ectodermal ridge dorsal fin	structure	6	ZFA:0001702	ZFA:0001173	ZFS:0000030	ZFS:0000035	
ZFA:0000091	axial chorda mesoderm	structure	4	ZFA:0001116	ZFA:0001204	ZFS:0000020	ZFS:0000022	chorda mesoderm [EXACT] | chordamesoderm [EXACT] | presumptive notochord [EXACT]
ZFA:0000092	axis	structure	3	ZFA:0001308		ZFS:0000017	ZFS:0000024	midline [EXACT]
ZFA:0000093	blastomere	cell	3	ZFA:0009000	ZFA:0001175	ZFS:0000001	ZFS:0000015	blastomeres [EXACT]
ZFA:0000094	blood island	structure	3	ZFA:0001477	ZFA:0000033	ZFS:0000028	ZFS:0000029	blood islands [EXACT] | caudal hematopoietic tissue [RELATED] | posterior blood island [RELATED] | posterior ICM [EXACT]
ZFA:0000095	pharyngeal arch 3-7 skeleton	structure	4	ZFA:0001478	ZFA:0001216;ZFA:0001613	ZFS:0000025	ZFS:0000044	branchial arch skeleton [EXACT] | gill arches 1-5 skeleton [EXACT]
ZFA:0000096	cardinal system	structure	5	ZFA:0001079		ZFS:0000027	ZFS:0000044	
ZFA:0000097	carotid artery	structure	5	ZFA:0000005		ZFS:0000029	ZFS:0000044	
ZFA:0000098	proliferative region	structure	4	ZFA:0001478		ZFS:0000012	ZFS:0000044	cell cycle [RELATED] | cell division [RELATED] | proliferation [RELATED]
ZFA:0000099	brain vasculature	structure	5	ZFA:0001267	ZFA:0000008	ZFS:0000029	ZFS:0000044	
ZFA:0000100	cerebellum	structure	3	ZFA:0001488	ZFA:0000029	ZFS:0000028	ZFS:0000044	
ZFA:0000101	diencephalon	structure	3	ZFA:0001488	ZFA:0000109	ZFS:0000025	ZFS:0000044	
ZFA:0000102	dorsal fin fold	structure	3	ZFA:0001488	ZFA:0000040	ZFS:0000028	ZFS:0000037	
ZFA:0000105	epidermis	structure	4	ZFA:0001486	ZFA:0000368	ZFS:0000029	ZFS:0000044	
ZFA:0000106	extension	structure	3	ZFA:0001308	ZFA:0000084	ZFS:0000025	ZFS:0000036	yolk extension [EXACT]
ZFA:0000107	eye	structure	4	ZFA:0001490	ZFA:0001114;ZFA:0001127	ZFS:0000029	ZFS:0000044	eyes [EXACT]
ZFA:0000108	fin	structure	4	ZFA:0000292		ZFS:0000028	ZFS:0000044	fins [EXACT]
ZFA:0000109	forebrain	structure	3	ZFA:0001488	ZFA:0000008	ZFS:0000025	ZFS:0000044	prosencephalon [EXACT]
ZFA:0000110	fourth ventricle	structure	3	ZFA:0001488	ZFA:0000029;ZFA:0001261	ZFS:0000026	ZFS:0000044	4th ventricle [EXACT] | hindbrain ventricle [EXACT] | rhombencephalic ventricle [EXACT] | rhombencephalic vesicle [EXACT] | ventricle IV [EXACT] | ventriculus rhombencephali [EXACT]
ZFA:0000111	germ ring	structure	3	ZFA:0001105		ZFS:0000018	ZFS:0000022	
ZFA:0000112	gut	structure	3	ZFA:0001512	ZFA:0000339	ZFS:0000025	ZFS:0000044	alimentary canal [EXACT] | enteric tract [EXACT] | gut tube [EXACT]
ZFA:0000113	head mesenchyme	structure	4	ZFA:0000393		ZFS:0000023	ZFS:0000044	
ZFA:0000114	heart	structure	4	ZFA:0001490	ZFA:0000010;ZFA:0007115	ZFS:0000032	ZFS:0000044	
ZFA:0000115	heart rudiment	structure	3	ZFA:0001477	ZFA:0000010	ZFS:0000027	ZFS:0000028	heart cone [EXACT] | rudimentary heart [EXACT]
ZFA:0000116	macula lagena	structure	4	ZFA:0000386	ZFA:0000374	ZFS:0000000	ZFS:0000044	maculae lagena [EXACT]
ZFA:0000117	hypoblast	structure	3	ZFA:0001105	ZFA:0000111	ZFS:0000018	ZFS:0000022	mesendoderm [EXACT]
ZFA:0000118	hypophysis	structure	3	ZFA:0000496	ZFA:0000101;ZFA:0001158	ZFS:0000027	ZFS:0000044	pituitary [EXACT]
ZFA:0000119	retinal inner nuclear layer	structure	3	ZFA:0001477	ZFA:0000046	ZFS:0000030	ZFS:0000044	inner nuclear layer [EXACT] | intermediate cell layer [EXACT]
ZFA:0000120	lateral line ganglion	structure	5	ZFA:0000013	ZFA:0000034	ZFS:0000029	ZFS:0000044	lateral line ganglia [EXACT] | llg [EXACT]
ZFA:0000121	lateral plate mesoderm	structure	5	ZFA:0000041		ZFS:0000023	ZFS:0000029	lateral plate [EXACT] | LPM [EXACT]
ZFA:0000122	lens placode	structure	3	ZFA:0001477	ZFA:0000016;ZFA:0001678	ZFS:0000024	ZFS:0000026	lens placodes [EXACT]
ZFA:0000123	liver	structure	4	ZFA:0001491	ZFA:0000036;ZFA:0000339	ZFS:0000030	ZFS:0000044	
ZFA:0000124	liver primordium	structure	3	ZFA:0001105	ZFA:0000036	ZFS:0000029	ZFS:0000029	liver bud [EXACT]
ZFA:0000125	mandibular lateral line neuromast	structure	5	ZFA:0000243	ZFA:0000259	ZFS:0000036	ZFS:0000044	neuromast mandibular [EXACT] | neuromasts mandibular [EXACT]
ZFA:0000126	centrum	structure	6	ZFA:0001591	ZFA:0001189	ZFS:0000035	ZFS:0000044	autocentrum [EXACT]
ZFA:0000128	midbrain	structure	3	ZFA:0001488	ZFA:0000008	ZFS:0000025	ZFS:0000044	mesencephalon [EXACT]
ZFA:0000130	olfactory pit	structure	2	ZFA:0001643	ZFA:0000047	ZFS:0000030	ZFS:0000044	nasal canal [EXACT] | nasal cavity [EXACT] | nasal pit [EXACT] | olfactory cavity [EXACT]
ZFA:0000131	neural keel	structure	3	ZFA:0001477		ZFS:0000022	ZFS:0000025	presumptive central nervous system [RELATED]
ZFA:0000132	neural plate	structure	3	ZFA:0001477		ZFS:0000020	ZFS:0000024	presumptive central nervous system [RELATED]
ZFA:0000133	neural rod	structure	3	ZFA:0001477		ZFS:0000024	ZFS:0000026	presumptive central nervous system [RELATED]
ZFA:0000135	notochord	structure	3	ZFA:0001477		ZFS:0000022	ZFS:0000044	notocord [EXACT]
ZFA:0000136	otic lateral line neuromast	structure	5	ZFA:0000243	ZFA:0000464	ZFS:0000036	ZFS:0000044	neuromast otic [EXACT] | neuromasts otic [EXACT]
ZFA:0000137	optic stalk	structure	3	ZFA:0001477	ZFA:0000101	ZFS:0000025	ZFS:0000037	optic stalks [EXACT]
ZFA:0000138	otic placode	structure	5	ZFA:0001310	ZFA:0001138	ZFS:0000022	ZFS:0000028	
ZFA:0000140	pancreas	structure	3	ZFA:0000496	ZFA:0001371;ZFA:0007116	ZFS:0000033	ZFS:0000044	
ZFA:0000141	pectoral fin bud	structure	5	ZFA:0001383		ZFS:0000029	ZFS:0000033	pectoral fin buds [EXACT]
ZFA:0000142	peripheral nervous system	structure	5	ZFA:0000396		ZFS:0000023	ZFS:0000044	pns [EXACT]
ZFA:0000143	retinal photoreceptor layer	structure	3	ZFA:0001477	ZFA:0000046	ZFS:0000030	ZFS:0000044	retinal photoreceptor layers [EXACT]
ZFA:0000144	retinal pigmented epithelium	structure	4	ZFA:0001486	ZFA:0000152	ZFS:0000030	ZFS:0000044	pigmented epithelium [EXACT] | pigmented retina [EXACT] | pigmented retinal epithelium [EXACT] | PRE [EXACT] | RPE [EXACT]
ZFA:0000146	presumptive brain	structure	3	ZFA:0001105	ZFA:0000063	ZFS:0000014	ZFS:0000020	brain rudiment [EXACT]
ZFA:0000148	presumptive midbrain	structure	3	ZFA:0001105	ZFA:0000146;ZFA:0007014	ZFS:0000019	ZFS:0000020	presumptive mesencephalon [EXACT]
ZFA:0000149	primitive heart tube	structure	3	ZFA:0001488	ZFA:0000010;ZFA:0007115	ZFS:0000028	ZFS:0000029	
ZFA:0000150	pronephric duct	structure	4	ZFA:0005171	ZFA:0000151	ZFS:0000025	ZFS:0000039	pronephric ducts [EXACT]
ZFA:0000151	pronephros	structure	4	ZFA:0001490	ZFA:0000163;ZFA:0007116	ZFS:0000025	ZFS:0000039	embryonic kidney [EXACT] | pronephric nephron [EXACT]
ZFA:0000152	retina	structure	3	ZFA:0001488	ZFA:0005567	ZFS:0000030	ZFS:0000044	retinas [EXACT]
ZFA:0000153	rhombomere 8	structure	5	ZFA:0001064		ZFS:0000025	ZFS:0000000	r8 [EXACT]
ZFA:0000154	sinus venosus	structure	3	ZFA:0001488	ZFA:0000114	ZFS:0000032	ZFS:0000044	inflow tract [EXACT]
ZFA:0000155	somite	structure	3	ZFA:0001477	ZFA:0001115	ZFS:0000023	ZFS:0000034	somitic mesoderm [RELATED]
ZFA:0000156	somite 20	structure	4	ZFA:0000155		ZFS:0000027	ZFS:0000034	
ZFA:0000157	somite 30	structure	4	ZFA:0000155		ZFS:0000028	ZFS:0000034	
ZFA:0000158	urostyle	structure	6	ZFA:0001591	ZFA:0000862	ZFS:0000040	ZFS:0000044	compound centrum [EXACT] | last vertebra [EXACT] | ultimate vertebra [EXACT]
ZFA:0000159	tectal ventricle	structure	3	ZFA:0001488	ZFA:0000128;ZFA:0001261	ZFS:0000025	ZFS:0000044	cerebral aqueduct [EXACT] | medial tectal ventricle [EXACT] | mesencephalic ventricle [EXACT] | mesencephalic vesicle [EXACT] | midbrain ventricle [EXACT] | ventriculus mesencephali [EXACT]
ZFA:0000160	tegmentum	structure	3	ZFA:0001488	ZFA:0000128;ZFA:0001707	ZFS:0000029	ZFS:0000044	mesencephalic tegmentum [EXACT] | midbrain tegmentum [EXACT]
ZFA:0000161	third ventricle	structure	3	ZFA:0001488	ZFA:0000101;ZFA:0001261	ZFS:0000000	ZFS:0000044	3rd ventricle [EXACT] | diencephalic ventricle [EXACT] | diencephalic vesicle [EXACT] | ventriculus diencephali [EXACT]
ZFA:0000162	trigeminal placode	structure	5	ZFA:0001310		ZFS:0000023	ZFS:0000026	trigeminal placodes [EXACT]
ZFA:0000163	renal system	structure	4	ZFA:0001439		ZFS:0000025	ZFS:0000044	urinary system [RELATED]
ZFA:0000164	ventral mesenchyme	structure	4	ZFA:0000393		ZFS:0000029	ZFS:0000034	
ZFA:0000165	inferior lobe	structure	3	ZFA:0001488	ZFA:0000347	ZFS:0000000	ZFS:0000044	inferior lobe of hypothalamus [EXACT] | inferior lobes [EXACT] | lateral lobe of hypothalamus [EXACT] | lobus inferior hypothalami [EXACT]
ZFA:0000166	lateral crista	structure	5	ZFA:0007068	ZFA:0000220	ZFS:0000035	ZFS:0000044	lateral crista ampullaris [EXACT] | lateral cristae [EXACT] | lateral semicircular canal sensory patch [EXACT] | lateral semicircular canal sensory patches [EXACT] | lc [EXACT] | medial crista [RELATED]
ZFA:0000167	anal fin skeleton	structure	5	ZFA:0001123	ZFA:0001162	ZFS:0000000	ZFS:0000044	
ZFA:0000168	anterior macula	structure	4	ZFA:0000386	ZFA:0001671	ZFS:0000029	ZFS:0000000	am [EXACT] | anterior sensory patch [EXACT]
ZFA:0000170	basibranchial	structure	5	ZFA:0001591	ZFA:0000095	ZFS:0000000	ZFS:0000044	basibranchials [EXACT]
ZFA:0000172	branchial muscle	structure	5	ZFA:0001652	ZFA:0001307;ZFA:0001613	ZFS:0000000	ZFS:0000044	branchial muscles [EXACT]
ZFA:0000173	bulbus arteriosus	structure	3	ZFA:0001488	ZFA:0000114	ZFS:0000032	ZFS:0000044	cardiac outflow tract [EXACT] | outflow tract [EXACT] | truncus [EXACT]
ZFA:0000174	cerebellovestibular tract	structure	4	ZFA:0001708	ZFA:0000100	ZFS:0000000	ZFS:0000044	caudal cerebellar tract [EXACT] | caudal cerebellar tracts [EXACT] | cerebellovestibular tracts [EXACT]
ZFA:0000175	posterior lateral line nerve	structure	5	ZFA:0000641;ZFA:0001479	ZFA:0001471	ZFS:0000000	ZFS:0000044	caudal lateral line nerve [EXACT]
ZFA:0000176	lateral nucleus of ventral telencephalon	structure	5	ZFA:0001667		ZFS:0000000	ZFS:0000044	area ventralis telencephali, nucleus lateralis [EXACT]
ZFA:0000177	caudal oblique	structure	6	ZFA:0000172		ZFS:0000000	ZFS:0000044	caudal obliques [EXACT]
ZFA:0000178	caudal peduncle	structure	3	ZFA:0001308	ZFA:0001117	ZFS:0000000	ZFS:0000044	
ZFA:0000179	caudal root of abducens nerve	structure	4	ZFA:0001663	ZFA:0000310;ZFA:0000545	ZFS:0000000	ZFS:0000044	radix caudalis nervi abducentis [EXACT]
ZFA:0000180	caudal vein	structure	5	ZFA:0000082	ZFA:0005037;ZFA:0005295	ZFS:0000036	ZFS:0000044	CV [EXACT]
ZFA:0000181	caudal zone of dorsal telencephalon	structure	4	ZFA:0001660	ZFA:0000505	ZFS:0000000	ZFS:0000044	area dorsalis telencephali, zona posterior [EXACT] | caudal zone of D [EXACT] | Dp [EXACT] | posterior zone of dorsal telencephalic area [EXACT]
ZFA:0000182	central caudal thalamic nucleus	structure	4	ZFA:0001659	ZFA:0000653	ZFS:0000000	ZFS:0000044	central posterior thalamic nucleus [EXACT] | nucleus centralis posterior thalami [EXACT]
ZFA:0000183	central pretectum	structure	3	ZFA:0001488	ZFA:0000418	ZFS:0000000	ZFS:0000044	
ZFA:0000184	cleithrum	structure	5	ZFA:0001590	ZFA:0000407	ZFS:0000032	ZFS:0000044	cleithra [EXACT]
ZFA:0000185	commissura rostral, pars ventralis	structure	6	ZFA:0001108		ZFS:0000000	ZFS:0000044	commissura anterior, pars ventralis [EXACT]
ZFA:0000186	common cardinal vein	structure	5	ZFA:0000082	ZFA:0000096;ZFA:0005024	ZFS:0000027	ZFS:0000044	duct of Cuvier [EXACT]
ZFA:0000188	corpus cerebelli	structure	3	ZFA:0001488	ZFA:0000100	ZFS:0000000	ZFS:0000044	cerebellar corpus [EXACT] | corpus cerebelli granular layer [EXACT] | corpus cerebellum [EXACT]
ZFA:0000189	otic region	structure	4	ZFA:0001478	ZFA:0000737	ZFS:0000000	ZFS:0000044	cranial vault [RELATED]
ZFA:0000190	ganglion	structure	3	ZFA:0001477	ZFA:0000142	ZFS:0000023	ZFS:0000044	ganglia [EXACT]
ZFA:0000191	dentary	structure	5	ZFA:0001590	ZFA:0000863;ZFA:0001273	ZFS:0000000	ZFS:0000044	dentary bone [EXACT]
ZFA:0000192	descending trigeminal root	structure	4	ZFA:0001663	ZFA:0000545	ZFS:0000000	ZFS:0000044	radix descendens nervi trigemini [EXACT]
ZFA:0000193	diffuse nucleus inferior lobe	structure	4	ZFA:0001659	ZFA:0000165	ZFS:0000000	ZFS:0000044	diffuse nuclei [EXACT] | DIL [EXACT]
ZFA:0000194	dorsal accessory optic nucleus	structure	4	ZFA:0001659	ZFA:0000183	ZFS:0000000	ZFS:0000044	nucleus opticus accessorius dorsalis [EXACT]
ZFA:0000195	dorsal depressor	structure	6	ZFA:0005270	ZFA:0000648	ZFS:0000000	ZFS:0000044	depressor dorsalis [EXACT] | dorsal depressors [EXACT]
ZFA:0000196	dorsal hypohyal bone	structure	6	ZFA:0001381		ZFS:0000000	ZFS:0000044	dorsal hypohyals [EXACT]
ZFA:0000197	dorsal habenular nucleus	structure	4	ZFA:0005575	ZFA:0000213	ZFS:0000000	ZFS:0000044	dorsal habenular nuclei [EXACT] | dorsal nuclei [EXACT]
ZFA:0000199	dorsal periventricular hypothalamus	structure	3	ZFA:0001488	ZFA:0000347	ZFS:0000000	ZFS:0000044	
ZFA:0000200	dorsal root ganglion	structure	5	ZFA:0001573		ZFS:0000029	ZFS:0000044	dorsal root ganglia [EXACT] | DRG [EXACT]
ZFA:0000201	dorsal transverse	structure	6	ZFA:0000172		ZFS:0000000	ZFS:0000044	
ZFA:0000202	efferent branchial artery	structure	4	ZFA:0000005	ZFA:0000354;ZFA:0005003	ZFS:0000000	ZFS:0000044	EBA [EXACT]
ZFA:0000204	esophagus	structure	3	ZFA:0001488	ZFA:0000112	ZFS:0000030	ZFS:0000044	oesophagus [EXACT]
ZFA:0000205	external lateral ventral muscle	structure	5	ZFA:0005277	ZFA:0005818	ZFS:0000040	ZFS:0000044	external ventral flexor [RELATED] | lateralis superficialis ventralis [EXACT] | LSV [RELATED]
ZFA:0000206	facial nerve motor nucleus	structure	4	ZFA:0001658	ZFA:0000545	ZFS:0000000	ZFS:0000044	facial motor nucleus [EXACT] | motor nucleus VII [EXACT] | nucleus motorius nervi facialis [EXACT] | nVII [EXACT]
ZFA:0000207	fin musculature	structure	5	ZFA:0000548		ZFS:0000030	ZFS:0000044	
ZFA:0000208	gall bladder	structure	3	ZFA:0000496	ZFA:0000036;ZFA:0000339;ZFA:0007116	ZFS:0000033	ZFS:0000044	
ZFA:0000209	lateral preglomerular nucleus	structure	5	ZFA:0001662		ZFS:0000000	ZFS:0000044	lateral preglomerular nuclei [EXACT]
ZFA:0000210	gigantocellular part of magnocellular preoptic nucleus	structure	3	ZFA:0001477	ZFA:0000248	ZFS:0000000	ZFS:0000044	nucleus praeopticus magnocellularis, pars gigantocellularis [EXACT]
ZFA:0000211	gill lamella	structure	3	ZFA:0001488	ZFA:0000354	ZFS:0000000	ZFS:0000044	gill lamellae [EXACT]
ZFA:0000212	granular eminence	structure	3	ZFA:0001488	ZFA:0000307	ZFS:0000000	ZFS:0000044	EG [RELATED] | eminentia granularis [EXACT] | lateral granular eminence [EXACT]
ZFA:0000213	habenula	structure	3	ZFA:0001488	ZFA:0000509	ZFS:0000033	ZFS:0000044	habenulae [EXACT] | habenular nucleus [EXACT]
ZFA:0000215	inferior olive	structure	4	ZFA:0001658	ZFA:0000545	ZFS:0000000	ZFS:0000044	
ZFA:0000216	infracarinalis	structure	4	ZFA:0005145	ZFA:0000473	ZFS:0000000	ZFS:0000044	
ZFA:0000217	inner ear	structure	4	ZFA:0001478	ZFA:0001138	ZFS:0000027	ZFS:0000044	ear [EXACT] | otic capsule [RELATED] | otocyst [RELATED]
ZFA:0000219	intermediate reticular formation	structure	5	ZFA:0001658	ZFA:0000542	ZFS:0000000	ZFS:0000044	intermediate reticular formations [EXACT]
ZFA:0000220	lateral semicircular canal	structure	4	ZFA:0000431		ZFS:0000033	ZFS:0000044	horizontal semicircular canal [EXACT] | lateral semicircular canals [EXACT] | lateral semicircular duct [EXACT]
ZFA:0000221	internal levator	structure	6	ZFA:0000172		ZFS:0000000	ZFS:0000044	internal levators [EXACT]
ZFA:0000222	isthmic primary nucleus	structure	5	ZFA:0000433		ZFS:0000000	ZFS:0000044	isthmic primary nuclei [EXACT] | isthmic primary sensory trigeminal nucleus [EXACT]
ZFA:0000223	infraorbital 1	structure	5	ZFA:0000376	ZFA:0001649	ZFS:0000040	ZFS:0000044	lachrymal bone [EXACT] | lacrimal [EXACT] | lacrymal bone [EXACT]
ZFA:0000225	lateral crista primordium	structure	5	ZFA:0007068	ZFA:0000220	ZFS:0000033	ZFS:0000035	lateral crista primordia [EXACT]
ZFA:0000226	lateral ethmoid	structure	5	ZFA:0001591	ZFA:0000351;ZFA:0001424;ZFA:0001580	ZFS:0000040	ZFS:0000044	lateral ethmoids [EXACT]
ZFA:0000227	lateral hypothalamic nucleus	structure	4	ZFA:0001659	ZFA:0000707	ZFS:0000000	ZFS:0000044	arcuate nucleus [RELATED] | lateral hypothalamic nuclei [EXACT] | lateral tuberal nucleus [EXACT]
ZFA:0000228	lateral line primordium	structure	3	ZFA:0001477	ZFA:0000034	ZFS:0000027	ZFS:0000036	lateral line primordia [EXACT] | llp [EXACT]
ZFA:0000229	lateral olfactory tract	structure	5	ZFA:0000597		ZFS:0000000	ZFS:0000044	tractus olfactorius lateralis [EXACT]
ZFA:0000230	longitudinal hypochordal	structure	4	ZFA:0005145	ZFA:0000628	ZFS:0000000	ZFS:0000044	hypochordal longitudinalis [EXACT]
ZFA:0000231	lateral recess	structure	2	ZFA:0001643	ZFA:0000161	ZFS:0000000	ZFS:0000044	lateral recess of diencephalic ventricle [EXACT] | lateral recesses [EXACT] | recessus lateralis [EXACT]
ZFA:0000232	otic vesicle lateral protrusion	structure	4	ZFA:0001715		ZFS:0000032	ZFS:0000034	lateral semicircular canal primordia [RELATED] | lateral semicircular canal primordium [RELATED]
ZFA:0000233	lower oral valve	structure	3	ZFA:0001477	ZFA:0000590	ZFS:0000000	ZFS:0000044	breathing valve [RELATED] | buccal valve [RELATED] | lower internal lip [EXACT] | lower semilunar valve [EXACT] | mandibular valve [EXACT]
ZFA:0000234	macula neglecta	structure	4	ZFA:0000386	ZFA:0000559	ZFS:0000040	ZFS:0000044	maculae neglecta [EXACT]
ZFA:0000235	magnocellular superficial pretectal nucleus	structure	4	ZFA:0001659	ZFA:0000687	ZFS:0000000	ZFS:0000044	magnocellular superficial pretectal nuclei [EXACT]
ZFA:0000236	mandibular muscle	structure	5	ZFA:0001652	ZFA:0001307;ZFA:0001612	ZFS:0000000	ZFS:0000044	mandibular muscles [EXACT]
ZFA:0000237	medial forebrain bundle diencephalon	structure	5	ZFA:0000338	ZFA:0005111	ZFS:0000000	ZFS:0000044	medial forebrain bundles diencephalon [EXACT]
ZFA:0000238	medial olfactory tract	structure	5	ZFA:0000597		ZFS:0000000	ZFS:0000044	tractus olfactorius medialis [EXACT]
ZFA:0000239	mesocoracoid bone	structure	5	ZFA:0001591	ZFA:0000407	ZFS:0000041	ZFS:0000044	mesocoracoid bones [EXACT]
ZFA:0000240	metapterygoid	structure	5	ZFA:0001591	ZFA:0001272;ZFA:0005509	ZFS:0000040	ZFS:0000044	metapterygoids [EXACT]
ZFA:0000241	midline column	structure	4	ZFA:0001478	ZFA:0000421	ZFS:0000000	ZFS:0000044	
ZFA:0000242	male organism	structure	3	ZFA:0001094		ZFS:0000041	ZFS:0000044	
ZFA:0000243	neuromast	structure	4	ZFA:0001478	ZFA:0000034	ZFS:0000029	ZFS:0000044	lateral line neuromast [EXACT] | lateral line organ [EXACT] | neuromasts [EXACT]
ZFA:0000244	nucleus Edinger-Westphal	structure	4	ZFA:0005577	ZFA:0000160	ZFS:0000000	ZFS:0000044	Edinger-Westphal nucleus [EXACT]
ZFA:0000245	nucleus of the descending root	structure	5	ZFA:0000433		ZFS:0000000	ZFS:0000044	sensory nucleus of the descending trigeminal root [EXACT]
ZFA:0000246	nucleus taeniae	structure	4	ZFA:0001660	ZFA:0000505	ZFS:0000000	ZFS:0000044	
ZFA:0000247	cranial nerve VIII	structure	5	ZFA:0000641		ZFS:0000000	ZFS:0000044	auditory nerve [EXACT] | CN-VIII [EXACT] | cochleovestibular nerve [RELATED] | octaval nerve [EXACT] | statoacoustic nerve [EXACT]
ZFA:0000248	magnocellular preoptic nucleus	structure	4	ZFA:0001659	ZFA:0000470	ZFS:0000000	ZFS:0000044	magnocellular preoptic nuclei [EXACT]
ZFA:0000249	cranial nerve I	structure	5	ZFA:0000641	ZFA:0001149	ZFS:0000000	ZFS:0000044	CN-I [EXACT] | olfactory nerve [EXACT]
ZFA:0000250	opercle	structure	5	ZFA:0001590	ZFA:0000555;ZFA:0000863;ZFA:0001401	ZFS:0000000	ZFS:0000044	opercles [EXACT]
ZFA:0000252	optic tract	structure	5	ZFA:0000338		ZFS:0000033	ZFS:0000044	optic tracts [EXACT] | tractus opticus [EXACT]
ZFA:0000253	orbitosphenoid	structure	5	ZFA:0001591	ZFA:0000290;ZFA:0001424;ZFA:0001580;ZFA:0005509	ZFS:0000000	ZFS:0000044	orbitosphenoids [EXACT]
ZFA:0000254	pancreas primordium	structure	3	ZFA:0001105	ZFA:0001371	ZFS:0000025	ZFS:0000029	pancreatic anlage [EXACT]
ZFA:0000255	paraxial mesoderm	structure	5	ZFA:0000041;ZFA:0000081		ZFS:0000022	ZFS:0000034	paraxial mesenchyme [RELATED]
ZFA:0000256	pars subcommissuralis of ventral telencephalon	structure	4	ZFA:0001660	ZFA:0000304	ZFS:0000000	ZFS:0000044	pars subcommissuralis of V [EXACT]
ZFA:0000257	pectoral fin cartilage	structure	6	ZFA:0001543	ZFA:0000943	ZFS:0000032	ZFS:0000044	pectoral fin cartilages [EXACT]
ZFA:0000258	pelvic fin musculature	structure	6	ZFA:0000207	ZFA:0001184	ZFS:0000000	ZFS:0000044	
ZFA:0000259	mandibular lateral line	structure	4	ZFA:0001469	ZFA:0001470	ZFS:0000033	ZFS:0000044	mandibular lateral lines [EXACT] | mandibular line [EXACT]
ZFA:0000260	periventricular nucleus	structure	4	ZFA:0001659	ZFA:0000707	ZFS:0000000	ZFS:0000044	periventricular nuclei [EXACT] | ventral zone of periventricular hypothalamus [EXACT]
ZFA:0000261	pharyngohyoid	structure	6	ZFA:0000172		ZFS:0000000	ZFS:0000044	
ZFA:0000262	posterior semicircular canal	structure	4	ZFA:0000431		ZFS:0000032	ZFS:0000044	caudal vertical semicircular canal [EXACT] | posterior semicircular canals [EXACT] | posterior semicircular duct [EXACT]
ZFA:0000263	precaudal vertebra	structure	4	ZFA:0001189	ZFA:0001115	ZFS:0000000	ZFS:0000044	abdominal vertebra [RELATED] | precaudal vertebrae [EXACT] | trunk vertebra [RELATED]
ZFA:0000264	preopercle	structure	5	ZFA:0001590	ZFA:0000555;ZFA:0000863;ZFA:0001401	ZFS:0000000	ZFS:0000044	preopercles [EXACT]
ZFA:0000265	presumptive dorsal mesoderm	structure	5	ZFA:0001377		ZFS:0000014	ZFS:0000019	
ZFA:0000266	pretecto-mammillary tract	structure	5	ZFA:0000338		ZFS:0000000	ZFS:0000044	pretecto mammillary tract [EXACT] | pretecto-mamillary tract [EXACT] | pretectomamillary tract [EXACT] | TPp [RELATED]
ZFA:0000267	primary olfactory fiber layer	structure	3	ZFA:0001477	ZFA:0000402	ZFS:0000000	ZFS:0000044	olfactory nerve layer [EXACT] | stratum nervosum bulbi olfactorii [EXACT]
ZFA:0000268	anal fin proximal radial	structure	5	ZFA:0001646	ZFA:0001420	ZFS:0000000	ZFS:0000044	anal fin proximal radials [EXACT]
ZFA:0000269	inferior caudal ventral flexor	structure	6	ZFA:0005271	ZFA:0005819	ZFS:0000000	ZFS:0000044	CVI [RELATED] | flexor caudalis ventralis inferioris [EXACT] | inferior ventral flexor [EXACT]
ZFA:0000270	maxilla	structure	5	ZFA:0001590	ZFA:0000863;ZFA:0001272	ZFS:0000000	ZFS:0000044	maxillae [EXACT]
ZFA:0000271	radial	structure	6	ZFA:0001591		ZFS:0000000	ZFS:0000044	radials [EXACT]
ZFA:0000272	respiratory system	structure	4	ZFA:0001439		ZFS:0000000	ZFS:0000044	
ZFA:0000274	rostral octaval nucleus	structure	5	ZFA:0000401		ZFS:0000000	ZFS:0000044	anterior octaval nucleus [EXACT] | nucleus octavus anterior [EXACT]
ZFA:0000275	rostral tegmental nucleus	structure	4	ZFA:0005577	ZFA:0000160	ZFS:0000000	ZFS:0000044	
ZFA:0000276	rostrolateral thalamic nucleus of Butler & Saidel	structure	4	ZFA:0005576	ZFA:0000458	ZFS:0000000	ZFS:0000044	
ZFA:0000277	scale	structure	4	ZFA:0000292	ZFA:0001183	ZFS:0000042	ZFS:0000044	scales [EXACT]
ZFA:0000278	secondary gustatory nucleus medulla oblongata	structure	4	ZFA:0001658	ZFA:0000545;ZFA:0001101	ZFS:0000000	ZFS:0000044	
ZFA:0000279	segmental plate	structure	3	ZFA:0001477	ZFA:0000255	ZFS:0000022	ZFS:0000029	presomitic mesoderm [EXACT] | PSM [EXACT]
ZFA:0000280	medial valvula cerebelli	structure	3	ZFA:0001488	ZFA:0000603	ZFS:0000000	ZFS:0000044	medial division [EXACT] | valvula cerebelli, pars medialis [EXACT]
ZFA:0000281	hair cell posterior macula	cell	5	ZFA:0009366	ZFA:0000558	ZFS:0000029	ZFS:0000044	sensory hair cells posterior macula [EXACT]
ZFA:0000282	sensory system	structure	4	ZFA:0001439	ZFA:0000396	ZFS:0000022	ZFS:0000044	sensory systems [EXACT]
ZFA:0000284	subopercle	structure	5	ZFA:0001590	ZFA:0000555;ZFA:0000863;ZFA:0001401	ZFS:0000000	ZFS:0000044	subopercles [EXACT]
ZFA:0000285	superficial adductor	structure	6	ZFA:0005268	ZFA:0000563	ZFS:0000039	ZFS:0000044	adductor superficialis [EXACT] | superficial adductors [EXACT]
ZFA:0000286	superficial lateralis	structure	4	ZFA:0005145	ZFA:0000473	ZFS:0000000	ZFS:0000044	lateral superficial muscle [RELATED] | lateralis superficialis [EXACT]
ZFA:0000287	superior caudal dorsal flexor	structure	6	ZFA:0005271	ZFA:0005819	ZFS:0000000	ZFS:0000044	CDS [RELATED] | flexor caudalis dorsalis superioris [EXACT] | superior dorsal flexor [EXACT]
ZFA:0000288	supracarinalis	structure	4	ZFA:0005145	ZFA:0000473	ZFS:0000000	ZFS:0000044	
ZFA:0000290	sphenoid region	structure	4	ZFA:0001478	ZFA:0000737	ZFS:0000000	ZFS:0000044	
ZFA:0000291	medial octavolateralis nucleus	structure	4	ZFA:0000381	ZFA:0000100	ZFS:0000000	ZFS:0000044	intermediate octavolateral nucleus [EXACT] | medial octavolateralis nuclei [EXACT] | MON [RELATED]
ZFA:0000292	surface structure	structure	3	ZFA:0001308		ZFS:0000022	ZFS:0000044	surface structures [EXACT]
ZFA:0000293	synencephalon	structure	3	ZFA:0001488	ZFA:0000101	ZFS:0000000	ZFS:0000044	
ZFA:0000294	torus lateralis	structure	4	ZFA:0001659	ZFA:0000633	ZFS:0000000	ZFS:0000044	lateral torus [EXACT]
ZFA:0000295	trigeminal ganglion	structure	5	ZFA:0000013		ZFS:0000027	ZFS:0000044	5th ganglion [EXACT] | fifth ganglion [EXACT] | gV [EXACT] | trigeminal ganglia [EXACT]
ZFA:0000296	uncrossed tecto-bulbar tract	structure	6	ZFA:0000446		ZFS:0000000	ZFS:0000044	
ZFA:0000297	vagal lobe	structure	3	ZFA:0001488	ZFA:0000545	ZFS:0000000	ZFS:0000044	LX [EXACT]
ZFA:0000298	vent	structure	4	ZFA:0000292	ZFA:0005781	ZFS:0000029	ZFS:0000044	cloacal opening [EXACT] | cloacal vent [EXACT]
ZFA:0000299	ventral entopeduncular nucleus of ventral telencephalon	structure	5	ZFA:0001667		ZFS:0000000	ZFS:0000044	endopeduncular nucleus, ventral part [EXACT] | entopeduncular nucleus, ventral part [EXACT] | ENv [EXACT] | nucleus entopeduncularis, pars ventralis [EXACT] | ventral entopeduncular nucleus V [EXACT]
ZFA:0000300	ventral hypohyal bone	structure	6	ZFA:0001381		ZFS:0000000	ZFS:0000044	lower hypohyal [EXACT] | ventrohyal [EXACT]
ZFA:0000301	medial rectus	structure	4	ZFA:0005145	ZFA:0000511	ZFS:0000000	ZFS:0000044	medial recti [EXACT]
ZFA:0000302	ventral habenular nucleus	structure	4	ZFA:0005575	ZFA:0000213	ZFS:0000000	ZFS:0000044	
ZFA:0000303	female organism	structure	3	ZFA:0001094		ZFS:0000001	ZFS:0000044	
ZFA:0000304	ventral telencephalon	structure	3	ZFA:0001488	ZFA:0000079	ZFS:0000000	ZFS:0000044	area ventralis telencephali [EXACT] | subpallium [EXACT]
ZFA:0000305	ventral sulcus	structure	3	ZFA:0001690	ZFA:0000032	ZFS:0000000	ZFS:0000044	hypothalamic sulcus [RELATED]
ZFA:0000306	ventrolateral thalamic nucleus	structure	4	ZFA:0005576	ZFA:0000458	ZFS:0000000	ZFS:0000044	
ZFA:0000307	vestibulolateralis lobe	structure	3	ZFA:0001488	ZFA:0000100	ZFS:0000000	ZFS:0000044	
ZFA:0000308	prevomer	structure	5	ZFA:0001590	ZFA:0000351;ZFA:0000863;ZFA:0005509	ZFS:0000041	ZFS:0000044	vomer [EXACT]
ZFA:0000309	external yolk syncytial layer	structure	3	ZFA:0001477	ZFA:0000088	ZFS:0000013	ZFS:0000030	E-YSL [EXACT]
ZFA:0000310	cranial nerve VI	structure	5	ZFA:0000641		ZFS:0000000	ZFS:0000044	abducens nerve [EXACT] | CN-VI [EXACT] | nervus abducens [EXACT]
ZFA:0000311	adductor mandibulae complex	structure	6	ZFA:0005268		ZFS:0000042	ZFS:0000044	
ZFA:0000312	mesencephalic nucleus of trigeminal nerve	structure	5	ZFA:0000433		ZFS:0000000	ZFS:0000044	mesencephalic nuclei of trigeminal nerves [EXACT]
ZFA:0000313	anal inclinator	structure	6	ZFA:0005276	ZFA:0001154	ZFS:0000000	ZFS:0000044	anal inclinators [EXACT] | inclinatores anales [EXACT]
ZFA:0000314	anterior semicircular canal	structure	4	ZFA:0000431		ZFS:0000032	ZFS:0000044	anterior semicircular canals [EXACT] | anterior semicircular duct [EXACT] | rostral vertical semicircular canal [EXACT]
ZFA:0000315	asteriscus	structure	3	ZFA:0001617	ZFA:0000374	ZFS:0000000	ZFS:0000044	lagenar otolith [EXACT] | lagenolith [EXACT]
ZFA:0000316	basihyal bone	structure	5	ZFA:0001591	ZFA:0001402	ZFS:0000000	ZFS:0000044	basihyal [RELATED] | basihyoid [EXACT] | glossohyal [EXACT]
ZFA:0000317	postcranial axial skeleton	structure	5	ZFA:0000434		ZFS:0000000	ZFS:0000044	axial skeleton [EXACT]
ZFA:0000318	brainstem and spinal white matter	structure	4	ZFA:0001682	ZFA:0001707	ZFS:0000000	ZFS:0000044	brain stem and spinal tract/commissure [EXACT] | brain stem/spinal tracts and commissures [EXACT]
ZFA:0000319	branchiostegal membrane	structure	3	ZFA:0001477	ZFA:0000354	ZFS:0000000	ZFS:0000044	branchiostegal membranes [EXACT]
ZFA:0000320	caudal commissure	structure	4	ZFA:0000338	ZFA:0000293	ZFS:0000000	ZFS:0000044	PC [RELATED] | posterior commissure [EXACT]
ZFA:0000321	caudal levator	structure	6	ZFA:0000172		ZFS:0000000	ZFS:0000044	caudal levators [EXACT]
ZFA:0000322	caudal octaval nucleus	structure	5	ZFA:0000401		ZFS:0000000	ZFS:0000044	caudal octaval nuclei [EXACT]
ZFA:0000323	mesethmoid bone	structure	5	ZFA:0001591	ZFA:0000351;ZFA:0001424;ZFA:0001580	ZFS:0000041	ZFS:0000044	ethmoid bone [EXACT]
ZFA:0000324	caudal periventricular hypothalamus	structure	4	ZFA:0001659	ZFA:0000634	ZFS:0000000	ZFS:0000044	caudal zone of periventricular hypothalamus [EXACT] | nucleus periventricularis hypothalami, zona caudalis [EXACT]
ZFA:0000325	caudal thalamic nucleus	structure	4	ZFA:0001659	ZFA:0000633	ZFS:0000000	ZFS:0000044	posterior thalamic nucleus [EXACT]
ZFA:0000326	caudal vertebra	structure	6	ZFA:0001189		ZFS:0000000	ZFS:0000044	caudal vertebrae [EXACT] | mid caudal vertebra [NARROW]
ZFA:0000327	central zone of the optic tectum	structure	3	ZFA:0001488	ZFA:0000445	ZFS:0000000	ZFS:0000044	
ZFA:0000328	cephalic musculature	structure	5	ZFA:0000548		ZFS:0000030	ZFS:0000044	head muscles [RELATED]
ZFA:0000329	chorion	structure	3	ZFA:0000020		ZFS:0000001	ZFS:0000032	
ZFA:0000330	cloacal chamber	structure	2	ZFA:0001643	ZFA:0005781	ZFS:0000000	ZFS:0000044	cloaca lumen [EXACT]
ZFA:0000331	commissure infima of Haller	structure	5	ZFA:0000318		ZFS:0000000	ZFS:0000044	commissura infima Halleri [EXACT] | commissura infima of Haller [EXACT]
ZFA:0000332	coracoid	structure	5	ZFA:0001591	ZFA:0000407	ZFS:0000040	ZFS:0000044	coracoids [EXACT] | scapulocoracoid [RELATED]
ZFA:0000333	mesovarium	structure	3	ZFA:0001488	ZFA:0000403	ZFS:0000000	ZFS:0000044	
ZFA:0000334	corpus mamillare	structure	3	ZFA:0001488	ZFA:0000633	ZFS:0000000	ZFS:0000044	mammillary body [EXACT]
ZFA:0000335	crossed tecto-bulbar tract	structure	6	ZFA:0000446		ZFS:0000000	ZFS:0000044	tractus tectobulbaris cruciatus [EXACT]
ZFA:0000338	diencephalic white matter	structure	4	ZFA:0001682	ZFA:0000101	ZFS:0000029	ZFS:0000044	diencephalic tract/commissure [EXACT]
ZFA:0000339	digestive system	structure	4	ZFA:0001439		ZFS:0000025	ZFS:0000044	
ZFA:0000340	dorsal entopeduncular nucleus of ventral telencephalon	structure	5	ZFA:0001667		ZFS:0000000	ZFS:0000044	ENd [EXACT] | endopeduncular nucleus, dorsal part [EXACT] | entopeduncular nucleus, dorsal part [EXACT] | nucleus entopeduncularis, pars dorsalis [EXACT]
ZFA:0000341	inferior caudal dorsal flexor	structure	6	ZFA:0005271	ZFA:0005819	ZFS:0000000	ZFS:0000044	CDI [RELATED] | dorsal flexor [RELATED] | dorsal flexors [EXACT] | flexor caudalis dorsalis inferioris [EXACT]
ZFA:0000342	dorsal inclinator	structure	6	ZFA:0005276	ZFA:0000648	ZFS:0000000	ZFS:0000044	dorsal inclinators [EXACT] | inclinator dorsalis [EXACT]
ZFA:0000343	dorsal nucleus of ventral telencephalon	structure	5	ZFA:0001666		ZFS:0000000	ZFS:0000044	area ventralis telencephali, nucleus dorsalis [EXACT] | dorsal division of ventral telencephalic area [RELATED] | dorsal nucleus of V [EXACT] | Vd [RELATED]
ZFA:0000344	middle lateral line	structure	4	ZFA:0001469	ZFA:0001470;ZFA:0005114	ZFS:0000031	ZFS:0000044	middle lateral lines [EXACT]
ZFA:0000345	dorsal rectus	structure	4	ZFA:0005145	ZFA:0000511	ZFS:0000000	ZFS:0000044	dorsal recti [EXACT] | superior rectus [EXACT]
ZFA:0000346	dorsal tegmental nucleus	structure	4	ZFA:0005577	ZFA:0000160	ZFS:0000000	ZFS:0000044	DTN [RELATED] | nucleus tegmentalis dorsalis [EXACT]
ZFA:0000347	dorsal hypothalamic zone	structure	3	ZFA:0001488	ZFA:0000032	ZFS:0000000	ZFS:0000044	
ZFA:0000349	epaxialis	structure	5	ZFA:0005277	ZFA:0000473	ZFS:0000000	ZFS:0000044	
ZFA:0000350	epipleural	structure	7	ZFA:0000526		ZFS:0000039	ZFS:0000044	epipleurals [EXACT]
ZFA:0000351	olfactory region	structure	4	ZFA:0001478	ZFA:0000737	ZFS:0000000	ZFS:0000044	ethmoid region [EXACT]
ZFA:0000352	external cellular layer	structure	3	ZFA:0001477	ZFA:0000402	ZFS:0000000	ZFS:0000044	stratum cellulare externum bulbi olfactorii [EXACT]
ZFA:0000353	fasciculus retroflexus	structure	5	ZFA:0000338		ZFS:0000000	ZFS:0000044	fasciculus retroflexi [EXACT] | habenulo-interpeduncular tract [EXACT] | habenulointerpeduncular tract [EXACT] | tractus habenulo-interpeduncularis [EXACT]
ZFA:0000354	gill	structure	3	ZFA:0000496	ZFA:0000272	ZFS:0000000	ZFS:0000044	gills [EXACT]
ZFA:0000355	roof plate midbrain region	structure	3	ZFA:0001477	ZFA:0007058	ZFS:0000025	ZFS:0000029	
ZFA:0000356	gill raker	structure	5	ZFA:0001590	ZFA:0000095	ZFS:0000000	ZFS:0000044	gill rakers [EXACT]
ZFA:0000357	glomerular layer	structure	3	ZFA:0001488	ZFA:0000402	ZFS:0000000	ZFS:0000044	stratum glomerulosum bulbi olfactorii [EXACT]
ZFA:0000358	granular layer corpus cerebelli	structure	3	ZFA:0001477	ZFA:0000188	ZFS:0000000	ZFS:0000044	
ZFA:0000359	habenular commissure	structure	5	ZFA:0000338		ZFS:0000000	ZFS:0000044	commissura habenularum [EXACT]
ZFA:0000360	heart tube	structure	4	ZFA:0001490	ZFA:0000010;ZFA:0007115	ZFS:0000029	ZFS:0000031	
ZFA:0000362	hypaxialis	structure	4	ZFA:0005145	ZFA:0000473	ZFS:0000000	ZFS:0000044	
ZFA:0000363	hypobranchial bone	structure	5	ZFA:0001591	ZFA:0000095	ZFS:0000000	ZFS:0000044	hypobranchial bones [EXACT]
ZFA:0000364	hypural	structure	6	ZFA:0000859	ZFA:0000862	ZFS:0000036	ZFS:0000044	hyp [EXACT] | hypuralia [EXACT] | hypurals [EXACT]
ZFA:0000365	nasal bone	structure	5	ZFA:0001590	ZFA:0000351;ZFA:0000863	ZFS:0000041	ZFS:0000044	nasal bones [EXACT]
ZFA:0000366	inferior raphe nucleus	structure	5	ZFA:0001658	ZFA:0001429	ZFS:0000000	ZFS:0000044	posterior raphe nucleus [EXACT]
ZFA:0000368	integument	structure	4	ZFA:0000292		ZFS:0000022	ZFS:0000044	skin [EXACT]
ZFA:0000369	intermandibularis	structure	6	ZFA:0000236		ZFS:0000000	ZFS:0000044	intermandibular muscle [RELATED]
ZFA:0000370	intermediate thalamic nucleus	structure	4	ZFA:0005576	ZFA:0000458	ZFS:0000000	ZFS:0000044	intermediate thalamic nuclei [EXACT]
ZFA:0000371	internal pharyngoclavicularis	structure	6	ZFA:0000172		ZFS:0000000	ZFS:0000044	internal pharyngoclavicularae [EXACT]
ZFA:0000372	interpeduncular nucleus medulla oblongata	structure	4	ZFA:0001658	ZFA:0000545	ZFS:0000000	ZFS:0000044	
ZFA:0000374	lagena	structure	3	ZFA:0001488	ZFA:0000559;ZFA:0005410	ZFS:0000000	ZFS:0000044	lagenas [EXACT]
ZFA:0000376	infraorbital	structure	5	ZFA:0001590	ZFA:0000863;ZFA:0001410	ZFS:0000040	ZFS:0000044	
ZFA:0000379	lateral forebrain bundle diencephalon	structure	5	ZFA:0000338	ZFA:0007012	ZFS:0000000	ZFS:0000044	lateral forebrain bundles diencephalon [EXACT]
ZFA:0000380	lateral lemniscus nucleus	structure	4	ZFA:0005577	ZFA:0000160	ZFS:0000000	ZFS:0000044	lateral lemniscus nuclei [EXACT]
ZFA:0000381	lateral line sensory nucleus	structure	4	ZFA:0001658	ZFA:0000545	ZFS:0000000	ZFS:0000044	lateral line sensory nuclei [EXACT]
ZFA:0000382	acellular anatomical structure	structure	2	ZFA:0000037		ZFS:0000001	ZFS:0000044	acellular anatomical structures [EXACT]
ZFA:0000383	lateral rectus	structure	4	ZFA:0005145	ZFA:0000511	ZFS:0000000	ZFS:0000044	lateral recti [EXACT] | posterior rectus [EXACT]
ZFA:0000384	levator arcus palatini	structure	6	ZFA:0000236		ZFS:0000033	ZFS:0000044	levators arcus palatini [EXACT]
ZFA:0000385	lymphatic system	structure	4	ZFA:0001439	ZFA:0000010	ZFS:0000000	ZFS:0000044	
ZFA:0000386	macula	structure	3	ZFA:0001477	ZFA:0000217	ZFS:0000029	ZFS:0000044	maculae [EXACT] | sensory macula [EXACT] | sensory patch [EXACT]
ZFA:0000387	motor nucleus of vagal nerve	structure	4	ZFA:0001658	ZFA:0000297	ZFS:0000030	ZFS:0000044	motor nucleus of X [EXACT] | motor nucleus X [EXACT] | nucleus motorius of nervi vagi [EXACT] | nX [EXACT] | vagal lobe [RELATED]
ZFA:0000388	medial caudal lobe	structure	3	ZFA:0001488	ZFA:0000307	ZFS:0000000	ZFS:0000044	caudal lobe of cerebellum [EXACT] | lobus caudalis cerebelli [EXACT]
ZFA:0000389	medial funicular nucleus medulla oblongata	structure	4	ZFA:0001658	ZFA:0000545	ZFS:0000000	ZFS:0000044	
ZFA:0000390	medial preglomerular nucleus	structure	5	ZFA:0001662		ZFS:0000000	ZFS:0000044	medial preglomerular nuclei [EXACT]
ZFA:0000391	medial zone of dorsal telencephalon	structure	4	ZFA:0001660	ZFA:0000505	ZFS:0000000	ZFS:0000044	area dorsalis telencephali, zona medialis [EXACT] | Dm [EXACT] | medial zone of D [EXACT] | medial zone of dorsal telencephalic area [EXACT]
ZFA:0000392	median tuberal portion	structure	3	ZFA:0001488	ZFA:0000032	ZFS:0000000	ZFS:0000044	
ZFA:0000393	mesenchyme	structure	3	ZFA:0001477		ZFS:0000022	ZFS:0000044	
ZFA:0000394	molecular layer corpus cerebelli	structure	3	ZFA:0001477	ZFA:0000188	ZFS:0000000	ZFS:0000044	
ZFA:0000395	muscle pioneer somite 2	cell	5	ZFA:0001086	ZFA:0000728	ZFS:0000024	ZFS:0000034	muscle pioneers somite 2 [EXACT]
ZFA:0000396	nervous system	structure	4	ZFA:0001439		ZFS:0000022	ZFS:0000044	
ZFA:0000397	nucleus subglomerulosis	structure	4	ZFA:0001659	ZFA:0000633	ZFS:0000000	ZFS:0000044	
ZFA:0000398	nucleus isthmi	structure	4	ZFA:0001658	ZFA:0000545	ZFS:0000000	ZFS:0000044	
ZFA:0000399	secondary gustatory nucleus trigeminal nucleus	structure	5	ZFA:0000433	ZFA:0001101	ZFS:0000000	ZFS:0000044	secondary gustatory nucleus trigeminal nuclei [EXACT]
ZFA:0000400	occipital lateral line	structure	4	ZFA:0001469	ZFA:0001470	ZFS:0000036	ZFS:0000044	supratemporal lateral line [EXACT]
ZFA:0000401	octaval nerve sensory nucleus	structure	4	ZFA:0001658	ZFA:0000545	ZFS:0000000	ZFS:0000044	cranial nerve VIII sensory nucleus [EXACT] | octaval nerve sensory nuclei [EXACT]
ZFA:0000402	olfactory bulb	structure	3	ZFA:0001488	ZFA:0000079;ZFA:0001149	ZFS:0000032	ZFS:0000044	bulbus olfactorius [EXACT] | olfactory lobe [EXACT]
ZFA:0000403	ovary	structure	4	ZFA:0000413	ZFA:0000303;ZFA:0001158	ZFS:0000041	ZFS:0000044	ovaries [EXACT]
ZFA:0000404	paracommissural nucleus	structure	4	ZFA:0001659	ZFA:0000293	ZFS:0000000	ZFS:0000044	
ZFA:0000405	cranial nerve III	structure	4	ZFA:0000641	ZFA:0000160	ZFS:0000000	ZFS:0000044	CN-III [EXACT] | occulomotor [EXACT] | oculomotor nerve [EXACT]
ZFA:0000406	parvocellular superficial pretectal nucleus	structure	4	ZFA:0001659	ZFA:0000687	ZFS:0000000	ZFS:0000044	parvocellular superficial pretectal nuclei [EXACT]
ZFA:0000407	pectoral girdle	structure	4	ZFA:0001478	ZFA:0000943	ZFS:0000032	ZFS:0000044	pectoral girdles [EXACT]
ZFA:0000408	periventricular nucleus of caudal tuberculum	structure	4	ZFA:0001659	ZFA:0000633	ZFS:0000000	ZFS:0000044	periventricular nucleus of posterior tuberculum [EXACT] | TPp [RELATED]
ZFA:0000410	postcleithrum	structure	5	ZFA:0001590	ZFA:0000407	ZFS:0000000	ZFS:0000044	postcleithra [EXACT]
ZFA:0000411	posterior crista primordium	structure	5	ZFA:0007068	ZFA:0000262	ZFS:0000033	ZFS:0000035	posterior crista primordia [EXACT]
ZFA:0000412	otic vesicle posterior protrusion	structure	4	ZFA:0001715		ZFS:0000032	ZFS:0000034	posterior semicircular canal primordia [RELATED] | posterior semicircular canal primordium [RELATED]
ZFA:0000413	gonad	structure	4	ZFA:0001490	ZFA:0000632;ZFA:0007116	ZFS:0000041	ZFS:0000044	gonads [EXACT] | mature gonad [RELATED]
ZFA:0000414	presumptive cephalic mesoderm	structure	3	ZFA:0001105	ZFA:0000041	ZFS:0000020	ZFS:0000024	
ZFA:0000415	esophageal sphincter	structure	6	ZFA:0000172		ZFS:0000000	ZFS:0000044	oesophagial sphincter [EXACT]
ZFA:0000416	presumptive endoderm	structure	4	ZFA:0001116		ZFS:0000014	ZFS:0000019	
ZFA:0000417	presumptive spinal cord	structure	3	ZFA:0001105	ZFA:0007015	ZFS:0000019	ZFS:0000020	presumptive spinal cord neural keel [EXACT] | presumptive spinal cord neural plate [EXACT] | presumptive spinal cord neural rod [EXACT]
ZFA:0000418	pretectum	structure	3	ZFA:0001488	ZFA:0000101	ZFS:0000000	ZFS:0000044	
ZFA:0000419	pterosphenoid	structure	5	ZFA:0001591	ZFA:0000290;ZFA:0001424	ZFS:0000000	ZFS:0000044	pterosphenoids [EXACT]
ZFA:0000420	renal artery	structure	5	ZFA:0000005		ZFS:0000000	ZFS:0000044	renal arteries [EXACT]
ZFA:0000421	reticular formation	structure	3	ZFA:0001512	ZFA:0000545	ZFS:0000000	ZFS:0000044	
ZFA:0000422	retroarticular	structure	5	ZFA:0001591	ZFA:0001273	ZFS:0000037	ZFS:0000044	retroarticulars [EXACT]
ZFA:0000423	anterior cardinal vein	structure	5	ZFA:0000082	ZFA:0000096	ZFS:0000029	ZFS:0000044	ACV [EXACT] | rostral cardinal vein [EXACT]
ZFA:0000424	opercular lateral line	structure	4	ZFA:0001469	ZFA:0001470	ZFS:0000035	ZFS:0000044	opercular lateral lines [EXACT]
ZFA:0000425	anterior lateral line nerve	structure	5	ZFA:0000641;ZFA:0001479	ZFA:0001468	ZFS:0000000	ZFS:0000044	ALLn [EXACT] | nervi lineae lateralis anterioris [EXACT] | rostral lateral line nerve [EXACT]
ZFA:0000426	rostral parvocellular preoptic nucleus	structure	4	ZFA:0001680	ZFA:0000470	ZFS:0000000	ZFS:0000044	anterior parvocellular preoptic nucleus [EXACT] | rostral parvocellular preoptic nuclei [EXACT]
ZFA:0000427	rostral thalamic nucleus	structure	4	ZFA:0001659	ZFA:0000653	ZFS:0000000	ZFS:0000044	anterior thalamic nucleus [EXACT] | nucleus anterior thalami [EXACT]
ZFA:0000428	saccule	structure	3	ZFA:0001488	ZFA:0000559;ZFA:0005410	ZFS:0000000	ZFS:0000044	sacculus [EXACT]
ZFA:0000429	scaphium	structure	5	ZFA:0001066	ZFA:0000461;ZFA:0001167	ZFS:0000039	ZFS:0000044	
ZFA:0000430	secondary gustatory tract	structure	4	ZFA:0001682	ZFA:0000545;ZFA:0001101	ZFS:0000000	ZFS:0000044	
ZFA:0000431	semicircular canal	structure	3	ZFA:0007114	ZFA:0005409	ZFS:0000032	ZFS:0000044	scc [EXACT] | semicircular canals [EXACT] | semicircular duct [EXACT]
ZFA:0000433	sensory trigeminal nucleus	structure	4	ZFA:0001658	ZFA:0000545	ZFS:0000000	ZFS:0000044	NVs [RELATED] | sensory trigeminal nuclei [EXACT]
ZFA:0000434	skeletal system	structure	4	ZFA:0001439		ZFS:0000025	ZFS:0000044	
ZFA:0000435	cranial nerve II	structure	5	ZFA:0000641	ZFA:0000338	ZFS:0000033	ZFS:0000044	CN-II [EXACT] | optic [EXACT] | optic nerve [EXACT]
ZFA:0000436	spleen	structure	3	ZFA:0000496	ZFA:0001159;ZFA:0005023;ZFA:0007116	ZFS:0000000	ZFS:0000044	
ZFA:0000438	parhypural	structure	7	ZFA:0000859	ZFA:0000557	ZFS:0000037	ZFS:0000044	parhyural [EXACT] | phy [EXACT]
ZFA:0000439	superficial pelvic abductor	structure	6	ZFA:0005269	ZFA:0000258	ZFS:0000000	ZFS:0000044	abductor superficialis pelvicus [EXACT] | superficial pelvic abductors [EXACT]
ZFA:0000440	superior raphe nucleus	structure	5	ZFA:0001658	ZFA:0001429	ZFS:0000000	ZFS:0000044	anterior raphe nucleus [EXACT] | dorsal raphe nucleus [RELATED]
ZFA:0000441	suprachiasmatic nucleus	structure	4	ZFA:0001659	ZFA:0000470	ZFS:0000000	ZFS:0000044	
ZFA:0000442	supraneural	structure	6	ZFA:0001591	ZFA:0000317	ZFS:0000039	ZFS:0000044	sn [EXACT]
ZFA:0000443	supraorbital lateral line	structure	4	ZFA:0001469	ZFA:0001470	ZFS:0000031	ZFS:0000044	supraorbital lateral lines [EXACT] | supraorbital line [EXACT]
ZFA:0000444	suspensorium	structure	4	ZFA:0001478	ZFA:0001216	ZFS:0000000	ZFS:0000044	hyopalatine [EXACT] | suspensoria [EXACT]
ZFA:0000445	optic tectum	structure	3	ZFA:0001488	ZFA:0000128	ZFS:0000029	ZFS:0000044	dorsal midbrain [EXACT] | mesencephalic tectum [EXACT] | tectal lobe [EXACT] | tectum [EXACT] | tectum opticum [EXACT]
ZFA:0000446	tecto-bulbar tract	structure	5	ZFA:0000318		ZFS:0000000	ZFS:0000044	
ZFA:0000447	tela chorioidea	structure	3	ZFA:0001477	ZFA:0001355	ZFS:0000029	ZFS:0000044	tela choroidea [RELATED]
ZFA:0000448	tertiary gustatory nucleus	structure	4	ZFA:0001659	ZFA:0000633;ZFA:0001101	ZFS:0000000	ZFS:0000044	
ZFA:0000449	torus longitudinalis	structure	3	ZFA:0001488	ZFA:0000128	ZFS:0000000	ZFS:0000044	longitudinal torus [EXACT] | tori longitudinalis [EXACT]
ZFA:0000450	trochlear motor nucleus	structure	4	ZFA:0005577	ZFA:0000160	ZFS:0000000	ZFS:0000044	motor nucleus IV [EXACT] | nIV [EXACT]
ZFA:0000451	upper oral valve	structure	3	ZFA:0001477	ZFA:0000590	ZFS:0000000	ZFS:0000044	breathing valve [RELATED] | buccal valve [RELATED] | maxillary valve [EXACT] | upper internal lip [RELATED] | upper semilunar valve [EXACT]
ZFA:0000452	urohyal	structure	5	ZFA:0001590	ZFA:0000863;ZFA:0001402	ZFS:0000000	ZFS:0000044	
ZFA:0000453	cranial nerve X	structure	5	ZFA:0000641	ZFA:0001101	ZFS:0000029	ZFS:0000044	CN-X [EXACT] | vagal nerve [EXACT] | vagus nerve [EXACT]
ZFA:0000454	ventral accessory optic nucleus	structure	4	ZFA:0001659	ZFA:0000183	ZFS:0000000	ZFS:0000044	
ZFA:0000455	superior caudal ventral flexor	structure	6	ZFA:0005271	ZFA:0005819	ZFS:0000000	ZFS:0000044	CVS [RELATED] | flexor caudalis ventralis superioris [EXACT] | ventral flexor [RELATED]
ZFA:0000456	ventral nucleus of ventral telencephalon	structure	5	ZFA:0001666		ZFS:0000000	ZFS:0000044	area ventralis telencephali, nucleus ventralis [EXACT] | ventral division of ventral telencephalic area [RELATED] | ventral nucleus of V [EXACT]
ZFA:0000457	ventral rectus	structure	4	ZFA:0005145	ZFA:0000511	ZFS:0000000	ZFS:0000044	inferior rectus [EXACT] | ventral recti [EXACT]
ZFA:0000458	ventral thalamus	structure	3	ZFA:0001488	ZFA:0001215	ZFS:0000000	ZFS:0000044	prethalamus [EXACT]
ZFA:0000459	ventromedial thalamic nucleus	structure	4	ZFA:0005576	ZFA:0000458	ZFS:0000000	ZFS:0000044	
ZFA:0000461	Weberian ossicle	structure	4	ZFA:0001491	ZFA:0001188	ZFS:0000039	ZFS:0000044	Weberian ossicles [EXACT]
ZFA:0000462	abductor hyohyoid	structure	6	ZFA:0000521	ZFA:0007052	ZFS:0000000	ZFS:0000044	abductors hyohyoid [EXACT] | hyohyoideus abductor [EXACT]
ZFA:0000463	branchial adductor	structure	6	ZFA:0000172		ZFS:0000000	ZFS:0000044	adductors [EXACT]
ZFA:0000464	otic lateral line	structure	4	ZFA:0001469	ZFA:0001470	ZFS:0000030	ZFS:0000044	otic lateral lines [EXACT]
ZFA:0000465	adductor operculi	structure	6	ZFA:0000521		ZFS:0000034	ZFS:0000044	adductor opercula [EXACT] | adductor operculae [EXACT]
ZFA:0000466	anal depressor	structure	6	ZFA:0005270	ZFA:0001154	ZFS:0000000	ZFS:0000044	anal depressors [EXACT] | depressores anales [RELATED]
ZFA:0000467	anguloarticular	structure	5	ZFA:0001590;ZFA:0001591	ZFA:0000863;ZFA:0001273	ZFS:0000000	ZFS:0000044	articular [EXACT]
ZFA:0000468	anterior crista primordium	structure	5	ZFA:0007068	ZFA:0000314	ZFS:0000033	ZFS:0000035	anterior crista primordia [EXACT]
ZFA:0000469	otic vesicle anterior protrusion	structure	4	ZFA:0001715		ZFS:0000032	ZFS:0000034	anterior semicircular canal primordia [RELATED] | anterior semicircular canal primordium [RELATED]
ZFA:0000470	preoptic area	structure	3	ZFA:0001488	ZFA:0000101	ZFS:0000000	ZFS:0000044	area praeoptica [EXACT] | area preoptica [EXACT] | preoptic region [EXACT]
ZFA:0000471	atrium	structure	4	ZFA:0001490	ZFA:0000114	ZFS:0000032	ZFS:0000044	
ZFA:0000472	basioccipital	structure	5	ZFA:0001591	ZFA:0001414;ZFA:0001424;ZFA:0001580	ZFS:0000000	ZFS:0000044	
ZFA:0000473	trunk musculature	structure	5	ZFA:0000548		ZFS:0000023	ZFS:0000044	body musculature [EXACT]
ZFA:0000474	intercalar	structure	5	ZFA:0001636	ZFA:0000189	ZFS:0000000	ZFS:0000044	opisthotic [EXACT]
ZFA:0000475	paraventricular organ	structure	4	ZFA:0001659	ZFA:0000633	ZFS:0000000	ZFS:0000044	PVO [EXACT]
ZFA:0000476	branchiostegal ray	structure	5	ZFA:0001590	ZFA:0000863;ZFA:0001402	ZFS:0000000	ZFS:0000044	branchiostegal rays [EXACT]
ZFA:0000477	posterior cardinal vein	structure	5	ZFA:0000082	ZFA:0000096;ZFA:0005024;ZFA:0005295	ZFS:0000028	ZFS:0000044	axial vein [EXACT] | caudal cardinal veins [EXACT] | PCV [EXACT] | postcardinal vein [EXACT]
ZFA:0000479	caudal mesencephalo-cerebellar tract	structure	3	ZFA:0001488	ZFA:0000643;ZFA:0001707	ZFS:0000000	ZFS:0000044	posterior mesencephalo-cerebellar tract [EXACT]
ZFA:0000480	caudal octavolateralis nucleus	structure	5	ZFA:0000381		ZFS:0000000	ZFS:0000044	nucleus octavolateralis caudalis [EXACT]
ZFA:0000481	caudal preglomerular nucleus	structure	5	ZFA:0001662		ZFS:0000000	ZFS:0000044	nucleus praeglomerulosus caudalis [EXACT]
ZFA:0000482	caudal tuberal nucleus	structure	4	ZFA:0001659	ZFA:0000633	ZFS:0000000	ZFS:0000044	posterior tuberal nucleus [EXACT]
ZFA:0000484	celiacomesenteric artery	structure	5	ZFA:0000005		ZFS:0000000	ZFS:0000044	coeliac-mesenteric artery [EXACT]
ZFA:0000485	central nucleus inferior lobe	structure	4	ZFA:0001659	ZFA:0000165	ZFS:0000000	ZFS:0000044	central nucleus inferior lobes [EXACT] | central nucleus of the inferior lobe [EXACT] | nucleus centralis lobi inferioris hypothalami [EXACT]
ZFA:0000486	parietal bone	structure	5	ZFA:0001590	ZFA:0000189;ZFA:0000863;ZFA:0001580;ZFA:0005606	ZFS:0000000	ZFS:0000044	post parietal [EXACT]
ZFA:0000487	central zone of dorsal telencephalon	structure	4	ZFA:0001660	ZFA:0000505	ZFS:0000000	ZFS:0000044	area dorsalis telencephali, zona centralis [EXACT] | central zone of D [EXACT] | Dc [EXACT]
ZFA:0000488	ceratobranchial bone	structure	5	ZFA:0001591	ZFA:0000095	ZFS:0000033	ZFS:0000044	ceratobranchial bones [EXACT]
ZFA:0000490	commissura cerebelli	structure	5	ZFA:0001708		ZFS:0000000	ZFS:0000044	cerebellar commissure [EXACT]
ZFA:0000491	commissure of the caudal tuberculum	structure	5	ZFA:0000338		ZFS:0000029	ZFS:0000044	commissura tuberculi posterioris [EXACT] | commissure of the posterior tuberculum [EXACT] | CPT [RELATED] | Ctub [RELATED]
ZFA:0000492	coracoradialis	structure	4	ZFA:0005145	ZFA:0000563	ZFS:0000000	ZFS:0000044	
ZFA:0000493	decussation of medial funicular nucleus	structure	4	ZFA:0001682	ZFA:0000545	ZFS:0000000	ZFS:0000044	
ZFA:0000494	deep white zone	structure	3	ZFA:0001488	ZFA:0000445	ZFS:0000000	ZFS:0000044	deep white zones [EXACT]
ZFA:0000495	infraorbital 5	structure	5	ZFA:0000376	ZFA:0001649	ZFS:0000042	ZFS:0000044	dermosphenotic [EXACT]
ZFA:0000496	compound organ	structure	2	ZFA:0000037	ZFA:0001094	ZFS:0000000	ZFS:0000044	organ [EXACT]
ZFA:0000497	pelvic adductor profundus	structure	6	ZFA:0005268	ZFA:0000258	ZFS:0000000	ZFS:0000044	adductor profundus pelvicus [EXACT] | pelvic adductors profundus [EXACT]
ZFA:0000498	dilatator operculi	structure	6	ZFA:0000236		ZFS:0000033	ZFS:0000044	dilatator opercula [EXACT] | dilator opercula [RELATED] | dilators operculi [RELATED]
ZFA:0000499	dorsal arrector	structure	6	ZFA:0005275		ZFS:0000000	ZFS:0000044	arrector dorsalis [EXACT] | dorsal arrectors [EXACT]
ZFA:0000500	dorsal erector	structure	6	ZFA:0005267	ZFA:0000648	ZFS:0000000	ZFS:0000044	dorsal erectors [EXACT] | erector dorsalis [EXACT]
ZFA:0000501	dorsal funiculus	structure	3	ZFA:0001488	ZFA:0000075	ZFS:0000000	ZFS:0000044	funiculus dorsalis [EXACT]
ZFA:0000502	dorsal motor nucleus trigeminal nerve	structure	5	ZFA:0001365		ZFS:0000000	ZFS:0000044	
ZFA:0000503	dorsal oblique branchial muscle	structure	6	ZFA:0000172		ZFS:0000000	ZFS:0000044	dorsal oblique branchial muscles [EXACT]
ZFA:0000504	dorsal retractor	structure	6	ZFA:0000172		ZFS:0000000	ZFS:0000044	dorsal retractors [EXACT]
ZFA:0000505	dorsal telencephalon	structure	3	ZFA:0001488	ZFA:0000079	ZFS:0000000	ZFS:0000044	area dorsalis telencephali [EXACT] | dorsal telencephalic area [EXACT] | pallium [EXACT]
ZFA:0000506	dorsal zone of dorsal telencephalon	structure	4	ZFA:0001660	ZFA:0000505	ZFS:0000000	ZFS:0000044	area dorsalis telencephali, zona dorsalis [EXACT] | Dd [EXACT] | dorsal zone of D [EXACT] | dorsal zone of dorsal telencephalic area [EXACT]
ZFA:0000507	epineural	structure	7	ZFA:0000526		ZFS:0000039	ZFS:0000044	epineurals [EXACT]
ZFA:0000508	pelvic radial	structure	7	ZFA:0000271	ZFA:0001387	ZFS:0000000	ZFS:0000044	pelvic radials [EXACT]
ZFA:0000509	epithalamus	structure	3	ZFA:0001488	ZFA:0000101	ZFS:0000025	ZFS:0000044	
ZFA:0000510	external levatores	structure	6	ZFA:0000172		ZFS:0000000	ZFS:0000044	external levators [EXACT]
ZFA:0000511	extraocular musculature	structure	6	ZFA:0000328		ZFS:0000000	ZFS:0000044	ocular  musculature [RELATED]
ZFA:0000512	facial lobe	structure	4	ZFA:0001658	ZFA:0000545	ZFS:0000000	ZFS:0000044	lobus facialis [EXACT] | LVII [EXACT] | tuberculum impar of Herrick [RELATED]
ZFA:0000513	fast muscle cell somite 1	cell	6	ZFA:0009117	ZFA:0000924	ZFS:0000024	ZFS:0000034	fast muscle cells somite 1 [EXACT] | fast muscle fiber somite 1 [EXACT]
ZFA:0000514	frontal bone	structure	5	ZFA:0001590	ZFA:0000863;ZFA:0001410;ZFA:0001580;ZFA:0005606	ZFS:0000041	ZFS:0000044	
ZFA:0000516	periventricular grey zone	structure	3	ZFA:0001477;ZFA:0001488	ZFA:0000445	ZFS:0000033	ZFS:0000044	periventricular gray zone [EXACT] | periventricular grey zones [EXACT] | periventricular layer [EXACT] | PGZ [EXACT] | strata periventriculare [EXACT] | stratum griseum periventricular [EXACT] | stratum periventriculare [EXACT] | SVP [RELATED]
ZFA:0000517	glossopharyngeal lobe	structure	3	ZFA:0001488	ZFA:0000545	ZFS:0000000	ZFS:0000044	lobus glossopharyngei [EXACT]
ZFA:0000518	griseum centrale	structure	4	ZFA:0001658	ZFA:0000545	ZFS:0000000	ZFS:0000044	central gray [EXACT] | central grey [EXACT]
ZFA:0000519	hemal arch	structure	6	ZFA:0001591	ZFA:0000326	ZFS:0000000	ZFS:0000044	haemal arch [EXACT] | ventral arcocentrum [EXACT]
ZFA:0000520	horizontal commissure	structure	5	ZFA:0000338		ZFS:0000000	ZFS:0000044	
ZFA:0000521	hyoid muscle	structure	5	ZFA:0001652	ZFA:0001307;ZFA:0001611	ZFS:0000000	ZFS:0000044	hyoid muscles [EXACT]
ZFA:0000522	inferior hyohyoid	structure	6	ZFA:0000521	ZFA:0007052	ZFS:0000000	ZFS:0000044	hyohyoideus inferior [RELATED] | inferior hyohyoids [EXACT]
ZFA:0000523	inferior reticular formation	structure	5	ZFA:0001658	ZFA:0000542	ZFS:0000000	ZFS:0000044	
ZFA:0000524	infraorbital lateral line	structure	4	ZFA:0001469	ZFA:0001470	ZFS:0000033	ZFS:0000044	infraorbital line [EXACT]
ZFA:0000525	intercalarium	structure	5	ZFA:0001066	ZFA:0000461;ZFA:0001168	ZFS:0000039	ZFS:0000044	
ZFA:0000526	intermuscular bone	structure	6	ZFA:0001591	ZFA:0000317	ZFS:0000039	ZFS:0000044	intermuscular bones [EXACT]
ZFA:0000527	pharyngobranchial bone	structure	5	ZFA:0001591	ZFA:0000095	ZFS:0000000	ZFS:0000044	infrapharyngobranchial [EXACT] | pharyngobranchials [EXACT]
ZFA:0000528	interradialis caudalis	structure	4	ZFA:0005145	ZFA:0000628	ZFS:0000000	ZFS:0000044	IC [RELATED] | interradiali [EXACT] | interradialis [EXACT]
ZFA:0000529	kidney	structure	4	ZFA:0001490	ZFA:0000163;ZFA:0001159;ZFA:0007116	ZFS:0000037	ZFS:0000044	mesonephros [EXACT]
ZFA:0000530	lapillus	structure	3	ZFA:0001617	ZFA:0000700	ZFS:0000027	ZFS:0000044	immature anterior otolith [RELATED] | utricular otolith [EXACT] | utriculith [EXACT]
ZFA:0000531	lateral column	structure	4	ZFA:0001478	ZFA:0000421	ZFS:0000000	ZFS:0000044	lateral columns [EXACT]
ZFA:0000532	lateral valvula cerebelli	structure	3	ZFA:0001488	ZFA:0000603	ZFS:0000000	ZFS:0000044	lateral division [EXACT] | valvula cerebelli, pars lateralis [EXACT]
ZFA:0000533	lateral funiculus	structure	3	ZFA:0001488	ZFA:0000075	ZFS:0000000	ZFS:0000044	lateral funiculi [EXACT]
ZFA:0000534	lateral longitudinal fasciculus	structure	4	ZFA:0000318	ZFA:0000545	ZFS:0000000	ZFS:0000044	lateral lemniscus [EXACT] | lateral longitudinal fascicle [EXACT] | lateral longitundinal fasciculus [EXACT] | LLF [RELATED]
ZFA:0000535	lateral reticular nucleus	structure	5	ZFA:0001658	ZFA:0000531	ZFS:0000000	ZFS:0000044	lateral reticular nuclei [EXACT]
ZFA:0000536	lateral zone of dorsal telencephalon	structure	4	ZFA:0001660	ZFA:0000505	ZFS:0000000	ZFS:0000044	area dorsalis telencephali, zona lateralis [EXACT] | Dl [EXACT] | lateral zone of D [EXACT] | lateral zone of dorsal telencephalic area [EXACT]
ZFA:0000537	levator operculi	structure	6	ZFA:0000521		ZFS:0000035	ZFS:0000044	levator operculae [EXACT]
ZFA:0000538	rib	structure	6	ZFA:0001591	ZFA:0001582	ZFS:0000000	ZFS:0000044	dorsal rib [EXACT] | pleural rib [EXACT]
ZFA:0000539	locus coeruleus	structure	4	ZFA:0001658	ZFA:0000545	ZFS:0000000	ZFS:0000044	loci coeruleus [EXACT]
ZFA:0000540	magnocellular octaval nucleus	structure	5	ZFA:0000401		ZFS:0000000	ZFS:0000044	magnocellular octaval nuclei [EXACT]
ZFA:0000541	marginal blastomere	cell	4	ZFA:0000093		ZFS:0000005	ZFS:0000015	marginal blastomeres [EXACT]
ZFA:0000542	medial column	structure	4	ZFA:0001478	ZFA:0000421	ZFS:0000000	ZFS:0000044	medial column of the reticular formation [EXACT] | medial columns [EXACT]
ZFA:0000543	medial longitudinal fasciculus	structure	5	ZFA:0000318		ZFS:0000000	ZFS:0000044	MLF [RELATED]
ZFA:0000545	medulla oblongata	structure	3	ZFA:0001488	ZFA:0000029;ZFA:0001707	ZFS:0000000	ZFS:0000044	
ZFA:0000546	mesonephric duct	structure	4	ZFA:0005171	ZFA:0000163	ZFS:0000000	ZFS:0000044	renal duct [RELATED] | Wolffian duct [RELATED]
ZFA:0000547	mouth	structure	4	ZFA:0000292	ZFA:0000339;ZFA:0000590	ZFS:0000000	ZFS:0000044	
ZFA:0000548	musculature system	structure	4	ZFA:0001439		ZFS:0000023	ZFS:0000044	
ZFA:0000549	posttemporal	structure	5	ZFA:0001590	ZFA:0000189;ZFA:0000407;ZFA:0000863	ZFS:0000000	ZFS:0000044	post-temporal [RELATED] | postemporal [EXACT]
ZFA:0000550	naris	structure	4	ZFA:0000292	ZFA:0000047;ZFA:0001114	ZFS:0000030	ZFS:0000044	nares [EXACT] | nostril [EXACT]
ZFA:0000551	nucleus lateralis valvulae	structure	4	ZFA:0001658	ZFA:0000545	ZFS:0000000	ZFS:0000044	
ZFA:0000552	nucleus ruber	structure	4	ZFA:0005577	ZFA:0000160	ZFS:0000000	ZFS:0000044	red nucleus [EXACT]
ZFA:0000553	oculomotor nucleus	structure	4	ZFA:0005577	ZFA:0000160	ZFS:0000000	ZFS:0000044	motor nucleus III [EXACT] | nIII [EXACT]
ZFA:0000554	olfactory epithelium	structure	4	ZFA:0001486	ZFA:0000047	ZFS:0000030	ZFS:0000044	nasal epithelium [EXACT] | nasal sensory epithelium [EXACT]
ZFA:0000555	opercular flap	structure	4	ZFA:0000292		ZFS:0000000	ZFS:0000044	gill cover [EXACT] | gill slit [RELATED] | opercular apparatus [EXACT] | opercular cover [RELATED] | operculum [EXACT]
ZFA:0000556	optic chiasm	structure	5	ZFA:0000338		ZFS:0000033	ZFS:0000044	chiasma opticum [EXACT] | optic commissure [EXACT]
ZFA:0000557	preural 1 vertebra	structure	7	ZFA:0000734		ZFS:0000037	ZFS:0000044	penultimate vertebra [EXACT] | preural centrum 1 [EXACT] | pu1 [EXACT] | second last vertebra [EXACT]
ZFA:0000558	posterior macula	structure	4	ZFA:0000386	ZFA:0001671	ZFS:0000029	ZFS:0000000	pm [EXACT] | posterior sensory patch [EXACT] | posteromedial macula [EXACT]
ZFA:0000559	otolith organ	structure	4	ZFA:0001490	ZFA:0000217	ZFS:0000027	ZFS:0000044	otolith organs [EXACT]
ZFA:0000560	oviduct	structure	4	ZFA:0005171	ZFA:0000303;ZFA:0000632	ZFS:0000000	ZFS:0000044	oviducts [EXACT]
ZFA:0000561	parasphenoid	structure	5	ZFA:0001590	ZFA:0000290;ZFA:0000351;ZFA:0000863;ZFA:0001410;ZFA:0001580;ZFA:0005509	ZFS:0000000	ZFS:0000044	
ZFA:0000563	pectoral fin musculature	structure	6	ZFA:0000207	ZFA:0001161	ZFS:0000031	ZFS:0000044	pectoral fin muscle [RELATED]
ZFA:0000564	pelvic abductor profundus	structure	6	ZFA:0005269	ZFA:0000258	ZFS:0000000	ZFS:0000044	abductor profundus pelvicus [EXACT] | pelvic abductors profundus [EXACT]
ZFA:0000565	pelvic girdle	structure	4	ZFA:0001478	ZFA:0001387	ZFS:0000041	ZFS:0000044	pelvic girdles [EXACT]
ZFA:0000566	posterior crista	structure	5	ZFA:0007068	ZFA:0000262	ZFS:0000035	ZFS:0000044	caudal crista [EXACT] | pc [EXACT] | posterior crista ampullaris [EXACT] | posterior cristae [EXACT] | posterior semicircular canal sensory patch [EXACT] | posterior semicircular canal sensory patches [EXACT]
ZFA:0000567	premaxilla	structure	5	ZFA:0001590	ZFA:0000863;ZFA:0001272	ZFS:0000000	ZFS:0000044	premaxillae [EXACT]
ZFA:0000568	presumptive blood	structure	4	ZFA:0001116		ZFS:0000014	ZFS:0000027	
ZFA:0000569	presumptive hindbrain	structure	3	ZFA:0001105	ZFA:0000146;ZFA:0007015	ZFS:0000019	ZFS:0000020	presumptive rhombencephalon [EXACT]
ZFA:0000570	optic primordium	structure	3	ZFA:0001477	ZFA:0007024	ZFS:0000022	ZFS:0000023	eye field [EXACT]
ZFA:0000571	presumptive telencephalon	structure	3	ZFA:0001105	ZFA:0000131	ZFS:0000023	ZFS:0000025	
ZFA:0000573	internal cellular layer	structure	3	ZFA:0001477	ZFA:0000402	ZFS:0000000	ZFS:0000044	stratum cellulare internum bulbi olfactorii [EXACT]
ZFA:0000574	presumptive diencephalon	structure	3	ZFA:0001105	ZFA:0000131	ZFS:0000023	ZFS:0000025	
ZFA:0000575	prootic	structure	5	ZFA:0001591	ZFA:0000189;ZFA:0001424;ZFA:0001580	ZFS:0000039	ZFS:0000044	prootics [EXACT]
ZFA:0000576	pterotic	structure	5	ZFA:0001591	ZFA:0000189;ZFA:0000863;ZFA:0001424;ZFA:0001580	ZFS:0000040	ZFS:0000044	autopterotic [EXACT]
ZFA:0000577	renal portal vein	structure	5	ZFA:0000082	ZFA:0005024	ZFS:0000000	ZFS:0000044	renal portal veins [EXACT]
ZFA:0000578	ceratohyal bone	structure	5	ZFA:0001591	ZFA:0001402	ZFS:0000000	ZFS:0000044	anterior ceratohyal [EXACT] | ceratohyal anterior [EXACT] | rostral ceratohyal [EXACT]
ZFA:0000579	rostral mesencephalo-cerebellar tract	structure	4	ZFA:0001682	ZFA:0000643;ZFA:0001707	ZFS:0000000	ZFS:0000044	anterior mesencephalo-cerebellar tract [EXACT]
ZFA:0000580	rostral preglomerular nucleus	structure	5	ZFA:0001662		ZFS:0000000	ZFS:0000044	anterior preglomerular nucleus [EXACT] | nucleus praeglomerulosus anterior [EXACT]
ZFA:0000581	rostral tuberal nucleus	structure	4	ZFA:0001659	ZFA:0000707	ZFS:0000000	ZFS:0000044	anterior tuberal nucleus [EXACT] | nucleus tuberis anterior [EXACT]
ZFA:0000582	saccus dorsalis	structure	3	ZFA:0001477	ZFA:0000509	ZFS:0000000	ZFS:0000044	
ZFA:0000583	scapula	structure	5	ZFA:0001591	ZFA:0000407	ZFS:0000041	ZFS:0000044	scapulae [EXACT]
ZFA:0000585	kinethmoid cartilage	structure	6	ZFA:0001461		ZFS:0000000	ZFS:0000040	
ZFA:0000586	preural 2 vertebra	structure	7	ZFA:0000734		ZFS:0000040	ZFS:0000044	antepenultimate vertebra [EXACT] | preural centrum 2 [EXACT] | pu2 [EXACT] | third last vertebra [EXACT]
ZFA:0000587	sphenotic	structure	5	ZFA:0001591	ZFA:0000189;ZFA:0001424;ZFA:0001580	ZFS:0000000	ZFS:0000044	autosphenotic [EXACT]
ZFA:0000588	statoacoustic (VIII) ganglion	structure	5	ZFA:0000013	ZFA:0001138	ZFS:0000028	ZFS:0000044	auditory ganglion [EXACT] | gVIII [EXACT] | octaval ganglion [EXACT] | sag [EXACT] | statoacoustic ganglia [EXACT]
ZFA:0000589	sulcus ypsiloniformis	structure	3	ZFA:0001690	ZFA:0000505	ZFS:0000000	ZFS:0000044	
ZFA:0000590	oral region	structure	4	ZFA:0001478	ZFA:0001114	ZFS:0000000	ZFS:0000044	
ZFA:0000591	presumptive paraxial mesoderm	structure	5	ZFA:0001377		ZFS:0000014	ZFS:0000021	
ZFA:0000592	superficial pelvic adductor	structure	6	ZFA:0005268	ZFA:0000258	ZFS:0000000	ZFS:0000044	adductor superficialis pelvicus [EXACT] | superficial pelvic adductors [EXACT]
ZFA:0000593	superior reticular formation medial column	structure	4	ZFA:0005575	ZFA:0000542	ZFS:0000000	ZFS:0000044	
ZFA:0000594	supracleithrum	structure	5	ZFA:0001590	ZFA:0000407	ZFS:0000000	ZFS:0000044	supracleithra [EXACT]
ZFA:0000595	supraoccipital	structure	5	ZFA:0001591	ZFA:0001414;ZFA:0001424;ZFA:0001580;ZFA:0005606	ZFS:0000000	ZFS:0000044	
ZFA:0000597	telencephalic white matter	structure	4	ZFA:0001682	ZFA:0000079	ZFS:0000029	ZFS:0000044	telencephalic tract/commissure [EXACT]
ZFA:0000598	testis	structure	4	ZFA:0000413	ZFA:0000242;ZFA:0001158	ZFS:0000041	ZFS:0000044	testes [EXACT]
ZFA:0000599	torus semicircularis	structure	3	ZFA:0001488	ZFA:0000128	ZFS:0000000	ZFS:0000044	semicircular torus [EXACT]
ZFA:0000600	cranial nerve IV	structure	4	ZFA:0000641	ZFA:0000160	ZFS:0000000	ZFS:0000044	CN-IV [EXACT] | trochlear [EXACT] | trochlear nerve [EXACT]
ZFA:0000601	pretectal periventricular nucleus	structure	4	ZFA:0001659	ZFA:0000293;ZFA:0000418	ZFS:0000000	ZFS:0000044	periventricular pretectum [EXACT] | pretectal periventricular nuclei [EXACT]
ZFA:0000602	uroneural	structure	6	ZFA:0001066	ZFA:0000862	ZFS:0000000	ZFS:0000044	uroneurals [EXACT]
ZFA:0000603	valvula cerebelli	structure	3	ZFA:0001488	ZFA:0000100	ZFS:0000000	ZFS:0000044	valvula [RELATED] | valvula cerebellum [EXACT]
ZFA:0000604	ventral aorta	structure	5	ZFA:0000005		ZFS:0000000	ZFS:0000044	
ZFA:0000605	ventral funiculus	structure	3	ZFA:0001488	ZFA:0000075	ZFS:0000000	ZFS:0000044	ventral funiculi [EXACT]
ZFA:0000606	ventral oblique branchial muscle	structure	6	ZFA:0000172		ZFS:0000000	ZFS:0000044	ventral oblique branchial muscles [EXACT]
ZFA:0000607	ventral rhombencephalic commissure	structure	5	ZFA:0000318		ZFS:0000000	ZFS:0000044	
ZFA:0000608	ventral transverse	structure	6	ZFA:0000172		ZFS:0000000	ZFS:0000044	transverse ventralis [EXACT] | transversus ventralis [EXACT]
ZFA:0000609	ventrolateral nucleus	structure	4	ZFA:0001665	ZFA:0000599	ZFS:0000000	ZFS:0000044	
ZFA:0000610	vertical myoseptum	structure	4	ZFA:0001089		ZFS:0000023	ZFS:0000044	transverse myoseptum [EXACT]
ZFA:0000611	visceromotor column	structure	4	ZFA:0001478	ZFA:0000545	ZFS:0000000	ZFS:0000044	
ZFA:0000612	protractor hyoidei	structure	6	ZFA:0000521		ZFS:0000000	ZFS:0000044	protractor hyoideus [EXACT] | protractors hyoidei [EXACT]
ZFA:0000614	abductor profundus	structure	6	ZFA:0005269	ZFA:0000563	ZFS:0000039	ZFS:0000044	abductors profundus [EXACT]
ZFA:0000615	adductor arcus palatini	structure	6	ZFA:0000521		ZFS:0000000	ZFS:0000044	adductors arcus palatini [EXACT]
ZFA:0000616	adductor profundus	structure	6	ZFA:0005268	ZFA:0000563	ZFS:0000039	ZFS:0000044	adductors profundus [EXACT]
ZFA:0000617	anal erector	structure	6	ZFA:0005267	ZFA:0001154	ZFS:0000000	ZFS:0000044	anal erectors [EXACT] | erectores anales [EXACT]
ZFA:0000618	ansulate commissure	structure	5	ZFA:0000318		ZFS:0000000	ZFS:0000044	Cans [EXACT] | commissura ansulata [EXACT] | ventral tegmental commissure [EXACT]
ZFA:0000619	anterior crista	structure	5	ZFA:0007068	ZFA:0000314	ZFS:0000035	ZFS:0000044	ac [EXACT] | anterior crista ampullaris [EXACT] | anterior cristae [EXACT] | anterior semicircular canal sensory patch [EXACT] | anterior semicircular canal sensory patches [EXACT] | rostral crista [EXACT]
ZFA:0000620	autopalatine	structure	5	ZFA:0001591	ZFA:0001272	ZFS:0000041	ZFS:0000044	palatine [EXACT]
ZFA:0000621	quadrate	structure	5	ZFA:0001591	ZFA:0001272	ZFS:0000039	ZFS:0000044	quadrates [EXACT]
ZFA:0000622	barbel	structure	4	ZFA:0000292	ZFA:0000368;ZFA:0001114	ZFS:0000043	ZFS:0000044	barble [EXACT]
ZFA:0000623	basipterygium	structure	5	ZFA:0001591	ZFA:0000565	ZFS:0000000	ZFS:0000044	pelvic bone [EXACT] | pelvic girdle [RELATED]
ZFA:0000626	bulbo-spinal tract	structure	5	ZFA:0000318		ZFS:0000000	ZFS:0000044	tractus bulbospinalis [EXACT]
ZFA:0000627	epihyal	structure	5	ZFA:0001591	ZFA:0001402	ZFS:0000000	ZFS:0000044	caudal ceratohyal [EXACT] | posterior ceratohyal [EXACT]
ZFA:0000628	caudal fin musculature	structure	5	ZFA:0000207	ZFA:0001058	ZFS:0000037	ZFS:0000044	
ZFA:0000629	caudal motor nucleus	structure	5	ZFA:0000713		ZFS:0000000	ZFS:0000044	nucleus nervi abducentis, pars caudalis [EXACT] | nVIc [EXACT]
ZFA:0000630	caudal parvocellular preoptic nucleus	structure	4	ZFA:0001680	ZFA:0000470	ZFS:0000000	ZFS:0000044	caudal parvocellular preoptic nuclei [EXACT] | posterior parvocellular preoptic nucleus [EXACT]
ZFA:0000631	caudal pretectal nucleus	structure	4	ZFA:0001659	ZFA:0000687	ZFS:0000000	ZFS:0000044	caudal pretectal nuclei [EXACT] | posterior pretectal nucleus [EXACT]
ZFA:0000632	reproductive system	structure	4	ZFA:0001439		ZFS:0000014	ZFS:0000044	
ZFA:0000633	caudal tuberculum	structure	3	ZFA:0001488	ZFA:0000101	ZFS:0000000	ZFS:0000044	posterior tubercle [EXACT] | posterior tuberculum [EXACT]
ZFA:0000634	caudal hypothalamic zone	structure	3	ZFA:0001488	ZFA:0000392	ZFS:0000000	ZFS:0000044	hypothalamus pars tuberalis  [EXACT] | tuberal hypothalamus [EXACT]
ZFA:0000635	central pretectal nucleus	structure	4	ZFA:0001659	ZFA:0000183	ZFS:0000000	ZFS:0000044	nucleus praetectalis centralis [EXACT]
ZFA:0000636	cerebellar crest	structure	3	ZFA:0001477	ZFA:0000291	ZFS:0000000	ZFS:0000044	crista cerebellaris molecular layer [EXACT]
ZFA:0000637	claustrum cartilage	structure	5	ZFA:0001457	ZFA:0000461	ZFS:0000039	ZFS:0000044	
ZFA:0000638	commissura rostral, pars dorsalis	structure	6	ZFA:0001108		ZFS:0000000	ZFS:0000044	commissura anterior, pars dorsalis [EXACT]
ZFA:0000639	commissure of the secondary gustatory nucleus	structure	5	ZFA:0001708	ZFA:0001101	ZFS:0000000	ZFS:0000044	commissura nucleorum gustatoriorum secundariorum [EXACT] | commissure of the secondary gustatory nuclei [RELATED]
ZFA:0000640	cornea	structure	3	ZFA:0001488	ZFA:0005566	ZFS:0000034	ZFS:0000044	corneas [EXACT]
ZFA:0000641	cranial nerve	structure	4	ZFA:0007009		ZFS:0000000	ZFS:0000044	cranial nerves [EXACT]
ZFA:0000642	decussation of the medial octavolateralis nucleus	structure	5	ZFA:0000318	ZFA:0000381	ZFS:0000000	ZFS:0000044	
ZFA:0000643	rostral cerebellar tract	structure	4	ZFA:0001682	ZFA:0000100	ZFS:0000000	ZFS:0000044	anterior cerebellar tract [EXACT] | tractus cerebellaris anterior [EXACT]
ZFA:0000645	descending octaval nucleus	structure	5	ZFA:0000401		ZFS:0000000	ZFS:0000044	nucleus octavus descendens [EXACT]
ZFA:0000646	anal fin distal radial	structure	5	ZFA:0001646	ZFA:0001420	ZFS:0000000	ZFS:0000044	anal fin distal radials [EXACT]
ZFA:0000647	dorsal caudal thalamic nucleus	structure	4	ZFA:0001659	ZFA:0000653	ZFS:0000000	ZFS:0000044	dorsal posterior thalamic nucleus [EXACT] | nucleus dorsalis posterior thalami [EXACT]
ZFA:0000648	dorsal fin musculature	structure	6	ZFA:0000207	ZFA:0001173	ZFS:0000030	ZFS:0000044	
ZFA:0000649	dorsal horn spinal cord	structure	3	ZFA:0001488	ZFA:0000075	ZFS:0000000	ZFS:0000044	cornu dorsale [EXACT] | dorsal horn [EXACT]
ZFA:0000650	dorsal motor root of V	structure	4	ZFA:0001663	ZFA:0000545	ZFS:0000000	ZFS:0000044	dorsal motor roots of V [EXACT]
ZFA:0000651	dorsal pelvic arrector	structure	6	ZFA:0005275	ZFA:0000258	ZFS:0000000	ZFS:0000044	arrector dorsalis pelvicus [EXACT] | dorsal pelvic arrectors [EXACT]
ZFA:0000652	dorsal root	structure	3	ZFA:0001477	ZFA:0005578	ZFS:0000000	ZFS:0000044	radix dorsalis [EXACT]
ZFA:0000653	dorsal thalamus	structure	3	ZFA:0001488	ZFA:0001215	ZFS:0000000	ZFS:0000044	thalamus [RELATED] | thalamus, pars dorsalis [EXACT]
ZFA:0000654	rostral motor nucleus	structure	5	ZFA:0000713		ZFS:0000000	ZFS:0000044	
ZFA:0000655	dorsomedial optic tract	structure	5	ZFA:0000338	ZFA:0000252	ZFS:0000000	ZFS:0000044	tractus opticus dorsomedialis [EXACT]
ZFA:0000656	ectopterygoid	structure	5	ZFA:0001590	ZFA:0000863;ZFA:0001272	ZFS:0000000	ZFS:0000044	ectopterygoids [EXACT]
ZFA:0000657	entopterygoid	structure	5	ZFA:0001590	ZFA:0000863;ZFA:0001272	ZFS:0000000	ZFS:0000044	endopterygoid [EXACT] | mesopterygoid [EXACT]
ZFA:0000658	epibranchial bone	structure	5	ZFA:0001591	ZFA:0000095	ZFS:0000000	ZFS:0000044	epibranchial bones [EXACT]
ZFA:0000660	epural	structure	6	ZFA:0001336	ZFA:0000862	ZFS:0000000	ZFS:0000044	
ZFA:0000661	exoccipital	structure	5	ZFA:0001591	ZFA:0001414;ZFA:0001424;ZFA:0001580	ZFS:0000039	ZFS:0000044	exoccipitals [EXACT]
ZFA:0000662	external pharyngoclavicularis	structure	6	ZFA:0000172		ZFS:0000000	ZFS:0000044	external pharyngoclavicularae [EXACT]
ZFA:0000663	extrascapula	structure	5	ZFA:0001590	ZFA:0000407	ZFS:0000000	ZFS:0000044	supratemporal [EXACT] | tabular [EXACT]
ZFA:0000664	cranial nerve VII	structure	5	ZFA:0000641	ZFA:0001101	ZFS:0000029	ZFS:0000044	CN-VII [EXACT] | facial nerve [EXACT] | nervus facialis [EXACT]
ZFA:0000665	rostral root of abducens nerve	structure	4	ZFA:0001663	ZFA:0000310;ZFA:0000545	ZFS:0000000	ZFS:0000044	
ZFA:0000666	filamental artery	structure	4	ZFA:0000005	ZFA:0000667;ZFA:0005003	ZFS:0000035	ZFS:0000044	filamental arteries [EXACT]
ZFA:0000667	gill filament	structure	3	ZFA:0001477	ZFA:0000354	ZFS:0000000	ZFS:0000044	gill filaments [EXACT]
ZFA:0000668	cranial nerve IX	structure	5	ZFA:0000641	ZFA:0001101	ZFS:0000031	ZFS:0000044	CN-IX [EXACT] | glossopharyngeal nerve [EXACT] | nervus glossopharyngeus [EXACT]
ZFA:0000669	head kidney	structure	3	ZFA:0000496	ZFA:0000529;ZFA:0001158;ZFA:0005023	ZFS:0000000	ZFS:0000044	anterior kidney [EXACT] | kidney marrow [EXACT]
ZFA:0000670	hepatic vein	structure	5	ZFA:0000082	ZFA:0000123	ZFS:0000000	ZFS:0000044	hepatic veins [EXACT]
ZFA:0000671	horizontal myoseptum	structure	4	ZFA:0001089		ZFS:0000028	ZFS:0000044	horizontal septum [EXACT]
ZFA:0000672	hyomandibula	structure	5	ZFA:0001591	ZFA:0001401	ZFS:0000000	ZFS:0000044	hyomandibular [EXACT]
ZFA:0000673	hypobranchial artery	structure	5	ZFA:0000005		ZFS:0000035	ZFS:0000000	HA [EXACT]
ZFA:0000674	interopercle	structure	5	ZFA:0001590	ZFA:0000555;ZFA:0000863;ZFA:0001401	ZFS:0000000	ZFS:0000044	interopercles [EXACT]
ZFA:0000676	sagitta	structure	3	ZFA:0001617	ZFA:0000428	ZFS:0000027	ZFS:0000044	immature posterior otolith [RELATED] | saccular otolith [EXACT] | sacculith [EXACT]
ZFA:0000677	segmental intercostal artery	structure	5	ZFA:0000005		ZFS:0000000	ZFS:0000044	segmental intercostal arteries [EXACT]
ZFA:0000678	hair cell anterior macula	cell	5	ZFA:0009366	ZFA:0000168	ZFS:0000029	ZFS:0000044	sensory hair cells anterior macula [EXACT]
ZFA:0000679	sensory root of facial nerve	structure	4	ZFA:0001663	ZFA:0000545	ZFS:0000000	ZFS:0000044	sensory roots of facial nerves [EXACT]
ZFA:0000680	sinoatrial valve	structure	4	ZFA:0005065	ZFA:0000154;ZFA:0000471	ZFS:0000000	ZFS:0000044	sinoatrial valves [EXACT]
ZFA:0000681	neural postzygapophysis	structure	6	ZFA:0001591	ZFA:0001066	ZFS:0000000	ZFS:0000044	neural postzygapophyses [EXACT] | neural postzygopophysis [EXACT]
ZFA:0000682	spinal artery	structure	5	ZFA:0000005		ZFS:0000000	ZFS:0000044	spinal arteries [EXACT]
ZFA:0000683	subcommissural organ	structure	4	ZFA:0001659	ZFA:0000293	ZFS:0000000	ZFS:0000044	SCO [EXACT]
ZFA:0000684	intertectal commissure	structure	4	ZFA:0001682	ZFA:0000445	ZFS:0000000	ZFS:0000044	
ZFA:0000685	superficial abductor	structure	6	ZFA:0005269	ZFA:0000563	ZFS:0000039	ZFS:0000044	abductor superficialis [EXACT] | superficial abductors [EXACT]
ZFA:0000686	superficial grey and white zone	structure	3	ZFA:0001488	ZFA:0000445	ZFS:0000000	ZFS:0000044	superficial gray and white zone [EXACT] | superficial grey and white zones [EXACT]
ZFA:0000687	superficial pretectum	structure	3	ZFA:0001488	ZFA:0000418	ZFS:0000000	ZFS:0000044	
ZFA:0000688	olfactory support cell	cell	3	ZFA:0009000	ZFA:0000047	ZFS:0000038	ZFS:0000044	support cells [RELATED]
ZFA:0000689	supracommissural nucleus of ventral telencephalon	structure	5	ZFA:0001666		ZFS:0000000	ZFS:0000044	area ventralis telencephali, nucleus supracommissuralis [EXACT] | supracommissural nucleus of V [EXACT]
ZFA:0000690	supraoptic commissure	structure	5	ZFA:0000338		ZFS:0000000	ZFS:0000044	
ZFA:0000691	supraorbital bone	structure	5	ZFA:0001590	ZFA:0000863;ZFA:0001410	ZFS:0000000	ZFS:0000044	supraorbital bones [EXACT]
ZFA:0000692	symplectic	structure	5	ZFA:0001591	ZFA:0001401	ZFS:0000000	ZFS:0000044	symplectics [EXACT]
ZFA:0000693	tangential nucleus	structure	5	ZFA:0000401		ZFS:0000000	ZFS:0000044	
ZFA:0000694	ceratobranchial 5 tooth	structure	3	ZFA:0001488	ZFA:0000056;ZFA:0001239	ZFS:0000033	ZFS:0000044	pharyngeal tooth [EXACT] | teeth [EXACT] | tooth [EXACT]
ZFA:0000695	labial cavity	structure	2	ZFA:0001643	ZFA:0000339	ZFS:0000000	ZFS:0000044	labial cavities [EXACT]
ZFA:0000696	telencephalic ventricle	structure	3	ZFA:0001488	ZFA:0000079	ZFS:0000000	ZFS:0000044	lateral ventricle [EXACT] | telencephalic vesicle [EXACT] | ventriculi telencephali  [EXACT]
ZFA:0000697	cranial nerve V	structure	5	ZFA:0000641		ZFS:0000028	ZFS:0000044	CN-V [EXACT] | trigeminal nerve [EXACT]
ZFA:0000698	tripus	structure	5	ZFA:0001591;ZFA:0001636	ZFA:0000461;ZFA:0001169	ZFS:0000039	ZFS:0000044	
ZFA:0000700	utricle	structure	3	ZFA:0001488	ZFA:0000559;ZFA:0005409	ZFS:0000000	ZFS:0000044	utriculus [EXACT]
ZFA:0000701	ventral arrector	structure	6	ZFA:0005275	ZFA:0000563	ZFS:0000040	ZFS:0000044	arrector ventralis [EXACT] | ventral arrectors [EXACT]
ZFA:0000702	ventral horn spinal cord	structure	3	ZFA:0001488	ZFA:0000075	ZFS:0000000	ZFS:0000044	ventral horns spinal cord [EXACT]
ZFA:0000703	ventral motor nucleus trigeminal nerve	structure	5	ZFA:0001365		ZFS:0000000	ZFS:0000044	
ZFA:0000704	ventral pelvic arrector	structure	6	ZFA:0005275	ZFA:0000258	ZFS:0000000	ZFS:0000044	ventral pelvic arrectors [EXACT]
ZFA:0000705	ventral root	structure	3	ZFA:0001477	ZFA:0005578	ZFS:0000000	ZFS:0000044	ventral roots [EXACT]
ZFA:0000706	posterior intestine	structure	3	ZFA:0001488	ZFA:0001338	ZFS:0000030	ZFS:0000044	
ZFA:0000707	ventral hypothalamic zone	structure	3	ZFA:0001488	ZFA:0000392	ZFS:0000000	ZFS:0000044	
ZFA:0000708	ventrolateral optic tract	structure	5	ZFA:0000338	ZFA:0000252	ZFS:0000000	ZFS:0000044	ventrolateral optic tracts [EXACT]
ZFA:0000709	vestibulo-spinal tract	structure	5	ZFA:0000318		ZFS:0000000	ZFS:0000044	vestibulo-spinal tracts [EXACT]
ZFA:0000710	viscerosensory commissural nucleus of Cajal	structure	4	ZFA:0001658	ZFA:0000545	ZFS:0000000	ZFS:0000044	commissural nucleus of Cajal [EXACT] | nucleus commissuralis Cajal [EXACT]
ZFA:0000711	DEL	structure	3	ZFA:0001105	ZFA:0001176	ZFS:0000016	ZFS:0000022	deep cell layer [EXACT] | DEL cells [EXACT]
ZFA:0000712	internal yolk syncytial layer	structure	3	ZFA:0001477	ZFA:0000088	ZFS:0000013	ZFS:0000030	I-YSL [EXACT]
ZFA:0000713	abducens motor nucleus	structure	4	ZFA:0001658	ZFA:0000545	ZFS:0000000	ZFS:0000044	abducens motor nuclei [EXACT] | abducens nucleus [EXACT] | motor nucleus VI [EXACT] | nVI [EXACT]
ZFA:0000714	accessory pretectal nucleus	structure	4	ZFA:0001659	ZFA:0000183	ZFS:0000000	ZFS:0000044	APN [EXACT] | nucleus praetectalis accessorius [EXACT]
ZFA:0000715	adductor hyohyoid	structure	6	ZFA:0000521	ZFA:0007052	ZFS:0000000	ZFS:0000044	adductors hyohyoid [EXACT] | hyohyoidei adductores [EXACT]
ZFA:0000716	afferent branchial artery	structure	4	ZFA:0000005	ZFA:0000354;ZFA:0005003	ZFS:0000000	ZFS:0000044	ABA [EXACT]
ZFA:0000717	apical ectodermal ridge median fin fold	structure	5	ZFA:0001702	ZFA:0000040	ZFS:0000030	ZFS:0000037	
ZFA:0000718	epaxial region somite 27	structure	5	ZFA:0001084	ZFA:0000931	ZFS:0000029	ZFS:0000034	
ZFA:0000719	slow muscle cell somite 21	cell	6	ZFA:0009116	ZFA:0000929	ZFS:0000028	ZFS:0000034	slow muscle cells somite 21 [EXACT]
ZFA:0000720	slow muscle cell somite 24	cell	6	ZFA:0009116	ZFA:0000930	ZFS:0000028	ZFS:0000034	slow muscle cells somite 24 [EXACT]
ZFA:0000721	slow muscle cell somite 27	cell	6	ZFA:0009116	ZFA:0000931	ZFS:0000029	ZFS:0000034	slow muscle cells somite 27 [EXACT]
ZFA:0000722	slow muscle cell somite 3	cell	6	ZFA:0009116	ZFA:0000932	ZFS:0000024	ZFS:0000034	slow muscle cells somite 3 [EXACT]
ZFA:0000723	slow muscle cell somite 5	cell	6	ZFA:0009116	ZFA:0000933	ZFS:0000024	ZFS:0000034	slow muscle cells somite 5 [EXACT]
ZFA:0000724	slow muscle cell somite 8	cell	6	ZFA:0009116	ZFA:0000934	ZFS:0000025	ZFS:0000034	slow muscle cells somite 8 [EXACT]
ZFA:0000725	somite 11	structure	4	ZFA:0000155		ZFS:0000025	ZFS:0000034	
ZFA:0000726	somite 14	structure	4	ZFA:0000155		ZFS:0000026	ZFS:0000034	
ZFA:0000727	somite 17	structure	4	ZFA:0000155		ZFS:0000026	ZFS:0000034	
ZFA:0000728	somite 2	structure	4	ZFA:0000155		ZFS:0000023	ZFS:0000034	
ZFA:0000729	epaxial region somite 3	structure	5	ZFA:0001084	ZFA:0000932	ZFS:0000024	ZFS:0000034	
ZFA:0000730	somite 23	structure	4	ZFA:0000155		ZFS:0000027	ZFS:0000034	
ZFA:0000731	somite 27	structure	4	ZFA:0000155		ZFS:0000028	ZFS:0000034	
ZFA:0000732	somite 3	structure	4	ZFA:0000155		ZFS:0000023	ZFS:0000034	
ZFA:0000733	somite 7	structure	4	ZFA:0000155		ZFS:0000024	ZFS:0000034	
ZFA:0000734	preural vertebra	structure	6	ZFA:0000326	ZFA:0000862	ZFS:0000037	ZFS:0000044	caudal fin vertebra [EXACT] | specialized centra/vertebrae [EXACT]
ZFA:0000735	hemal postzygapophysis	structure	6	ZFA:0001591	ZFA:0000519	ZFS:0000000	ZFS:0000044	haemal postzygapophysis [EXACT] | hemal postzygapophyses [EXACT] | hemal postzygopophysis [EXACT]
ZFA:0000737	cranium	structure	4	ZFA:0000434	ZFA:0001114	ZFS:0000025	ZFS:0000044	cranial skeleton [EXACT]
ZFA:0000738	dorsal oblique extraocular muscle	structure	4	ZFA:0005145	ZFA:0000511	ZFS:0000000	ZFS:0000044	dorsal oblique extraocular muscles [EXACT] | superior oblique muscle [EXACT]
ZFA:0000739	epaxial region somite 11	structure	5	ZFA:0001084	ZFA:0000801	ZFS:0000026	ZFS:0000034	
ZFA:0000740	epaxial region somite 5	structure	5	ZFA:0001084	ZFA:0000933	ZFS:0000024	ZFS:0000034	
ZFA:0000741	epaxial region somite 14	structure	5	ZFA:0001084	ZFA:0000044	ZFS:0000026	ZFS:0000034	
ZFA:0000742	epaxial region somite 17	structure	5	ZFA:0001084	ZFA:0001015	ZFS:0000027	ZFS:0000034	
ZFA:0000743	epaxial region somite 2	structure	5	ZFA:0001084	ZFA:0001016	ZFS:0000024	ZFS:0000034	
ZFA:0000744	epaxial region somite 22	structure	5	ZFA:0001084	ZFA:0001017	ZFS:0000028	ZFS:0000034	
ZFA:0000745	epaxial region somite 25	structure	5	ZFA:0001084	ZFA:0001018	ZFS:0000028	ZFS:0000034	
ZFA:0000746	epaxial region somite 28	structure	5	ZFA:0001084	ZFA:0001019	ZFS:0000029	ZFS:0000034	
ZFA:0000747	epaxial region somite 30	structure	5	ZFA:0001084	ZFA:0001020	ZFS:0000029	ZFS:0000034	
ZFA:0000748	epaxial region somite 6	structure	5	ZFA:0001084	ZFA:0001021	ZFS:0000025	ZFS:0000034	
ZFA:0000749	epaxial region somite 9	structure	5	ZFA:0001084	ZFA:0001022	ZFS:0000025	ZFS:0000034	
ZFA:0000750	fast muscle cell somite 10	cell	6	ZFA:0009117	ZFA:0001013	ZFS:0000025	ZFS:0000034	fast muscle cells somite 10 [EXACT] | fast muscle fiber somite 10 [EXACT]
ZFA:0000751	epaxial region somite 8	structure	5	ZFA:0001084	ZFA:0000934	ZFS:0000025	ZFS:0000034	
ZFA:0000752	fast muscle cell somite 13	cell	6	ZFA:0009117	ZFA:0001014	ZFS:0000026	ZFS:0000034	fast muscle cells somite 13 [EXACT] | fast muscle fiber somite 13 [EXACT]
ZFA:0000753	fast muscle cell somite 16	cell	6	ZFA:0009117	ZFA:0000927	ZFS:0000027	ZFS:0000034	fast muscle cells somite 16 [EXACT] | fast muscle fiber somite 16 [EXACT]
ZFA:0000754	fast muscle cell somite 19	cell	6	ZFA:0009117	ZFA:0000928	ZFS:0000027	ZFS:0000034	fast muscle cells somite 19 [EXACT] | fast muscle fiber somite 19 [EXACT]
ZFA:0000755	fast muscle cell somite 21	cell	6	ZFA:0009117	ZFA:0000929	ZFS:0000028	ZFS:0000034	fast muscle cells somite 21 [EXACT] | fast muscle fiber somite 21 [EXACT]
ZFA:0000756	fast muscle cell somite 24	cell	6	ZFA:0009117	ZFA:0000930	ZFS:0000028	ZFS:0000034	fast muscle cells somite 24 [EXACT] | fast muscle fiber somite 24 [EXACT]
ZFA:0000757	fast muscle cell somite 27	cell	6	ZFA:0009117	ZFA:0000931	ZFS:0000029	ZFS:0000034	fast muscle cells somite 27 [EXACT] | fast muscle fiber somite 27 [EXACT]
ZFA:0000758	fast muscle cell somite 3	cell	6	ZFA:0009117	ZFA:0000932	ZFS:0000024	ZFS:0000034	fast muscle cells somite 3 [EXACT] | fast muscle fiber somite 3 [EXACT]
ZFA:0000759	fast muscle cell somite 5	cell	6	ZFA:0009117	ZFA:0000933	ZFS:0000024	ZFS:0000034	fast muscle cells somite 5 [EXACT] | fast muscle fiber somite 5 [EXACT]
ZFA:0000760	fast muscle cell somite 8	cell	6	ZFA:0009117	ZFA:0000934	ZFS:0000025	ZFS:0000034	fast muscle cells somite 8 [EXACT] | fast muscle fiber somite 8 [EXACT]
ZFA:0000761	basal plate midbrain region	structure	3	ZFA:0001477	ZFA:0007039	ZFS:0000025	ZFS:0000029	floor plate midbrain [RELATED] | floorplate midbrain [RELATED]
ZFA:0000762	facio-acoustic neural crest	structure	5	ZFA:0001194		ZFS:0000024	ZFS:0000028	facio acoustic neural crest [EXACT]
ZFA:0000763	floor plate rhombomere 2	structure	3	ZFA:0001488	ZFA:0000822;ZFA:0001258	ZFS:0000025	ZFS:0000043	floor plate r2 [EXACT] | floorplate r2 [EXACT]
ZFA:0000764	floor plate rhombomere 5	structure	3	ZFA:0001488	ZFA:0000823;ZFA:0001258	ZFS:0000025	ZFS:0000043	floor plate r5 [EXACT] | floorplate r5 [EXACT]
ZFA:0000765	floor plate rhombomere 8	structure	3	ZFA:0001488	ZFA:0000153;ZFA:0001258	ZFS:0000025	ZFS:0000043	floor plate r8 [EXACT] | floorplate r8 [EXACT]
ZFA:0000766	granular layer valvula cerebelli	structure	3	ZFA:0001477	ZFA:0000603	ZFS:0000000	ZFS:0000044	
ZFA:0000767	hypaxial region somite 11	structure	5	ZFA:0001085	ZFA:0000801	ZFS:0000026	ZFS:0000034	
ZFA:0000768	hypaxial region somite 14	structure	5	ZFA:0001085	ZFA:0000044	ZFS:0000026	ZFS:0000034	
ZFA:0000769	hypaxial region somite 17	structure	5	ZFA:0001085	ZFA:0001015	ZFS:0000027	ZFS:0000034	
ZFA:0000770	hypaxial region somite 2	structure	5	ZFA:0001085	ZFA:0001016	ZFS:0000024	ZFS:0000034	
ZFA:0000771	hypaxial region somite 22	structure	5	ZFA:0001085	ZFA:0001017	ZFS:0000028	ZFS:0000034	
ZFA:0000772	hypaxial region somite 25	structure	5	ZFA:0001085	ZFA:0001018	ZFS:0000028	ZFS:0000034	
ZFA:0000773	fast muscle cell somite 12	cell	6	ZFA:0009117	ZFA:0000926	ZFS:0000026	ZFS:0000034	fast muscle cells somite 12 [EXACT] | fast muscle fiber somite 12 [EXACT]
ZFA:0000774	hypaxial region somite 28	structure	5	ZFA:0001085	ZFA:0001019	ZFS:0000029	ZFS:0000034	
ZFA:0000775	hypaxial region somite 30	structure	5	ZFA:0001085	ZFA:0001020	ZFS:0000029	ZFS:0000034	
ZFA:0000776	hypaxial region somite 6	structure	5	ZFA:0001085	ZFA:0001021	ZFS:0000025	ZFS:0000034	
ZFA:0000777	hypaxial region somite 9	structure	5	ZFA:0001085	ZFA:0001022	ZFS:0000025	ZFS:0000034	
ZFA:0000778	spinal cord interneuron	cell	5	ZFA:0009191	ZFA:0000075	ZFS:0000000	ZFS:0000044	interneurons spinal cord [EXACT]
ZFA:0000779	lateral forebrain bundle telencephalon	structure	5	ZFA:0000597	ZFA:0007012	ZFS:0000000	ZFS:0000044	lateral forebrain bundles telencephalon [EXACT]
ZFA:0000780	lateral wall diencephalic region	structure	3	ZFA:0001488	ZFA:0000101	ZFS:0000025	ZFS:0000000	lateral wall diencephalon [EXACT]
ZFA:0000781	lateral wall rhombomere 1	structure	3	ZFA:0001488	ZFA:0001031	ZFS:0000025	ZFS:0000000	
ZFA:0000782	lateral wall rhombomere 4	structure	3	ZFA:0001488	ZFA:0001032	ZFS:0000025	ZFS:0000000	
ZFA:0000783	lateral wall rhombomere 7	structure	3	ZFA:0001488	ZFA:0000949	ZFS:0000025	ZFS:0000000	
ZFA:0000784	fast muscle cell somite 15	cell	6	ZFA:0009117	ZFA:0000802	ZFS:0000027	ZFS:0000034	fast muscle cells somite 15 [EXACT] | fast muscle fiber somite 15 [EXACT]
ZFA:0000785	lateral wall telencephalic region	structure	3	ZFA:0001488	ZFA:0000079	ZFS:0000025	ZFS:0000000	lateral wall telencephalon [EXACT]
ZFA:0000786	medial migration pathway mesenchyme	structure	3	ZFA:0001477	ZFA:0000999	ZFS:0000025	ZFS:0000034	
ZFA:0000787	mesenchyme derived from head neural crest	structure	5	ZFA:0000113		ZFS:0000023	ZFS:0000028	
ZFA:0000788	mesenchyme dorsal fin	structure	4	ZFA:0000393	ZFA:0001173	ZFS:0000030	ZFS:0000035	
ZFA:0000789	mesoderm pectoral fin bud	structure	5	ZFA:0000041	ZFA:0000141	ZFS:0000029	ZFS:0000030	mesoderm pectoral fin buds [EXACT]
ZFA:0000790	muscle pioneer somite 10	cell	5	ZFA:0001086	ZFA:0000974	ZFS:0000025	ZFS:0000034	muscle pioneers somite 10 [EXACT]
ZFA:0000791	muscle pioneer somite 13	cell	5	ZFA:0001086	ZFA:0000975	ZFS:0000026	ZFS:0000034	muscle pioneers somite 13 [EXACT]
ZFA:0000792	muscle pioneer somite 16	cell	5	ZFA:0001086	ZFA:0000976	ZFS:0000027	ZFS:0000034	muscle pioneers somite 16 [EXACT]
ZFA:0000793	muscle pioneer somite 19	cell	5	ZFA:0001086	ZFA:0000977	ZFS:0000027	ZFS:0000034	muscle pioneers somite 19 [EXACT]
ZFA:0000794	muscle pioneer somite 22	cell	5	ZFA:0001086	ZFA:0000978	ZFS:0000028	ZFS:0000034	muscle pioneers somite 22 [EXACT]
ZFA:0000795	fast muscle cell somite 18	cell	6	ZFA:0009117	ZFA:0000803	ZFS:0000027	ZFS:0000034	fast muscle cells somite 18 [EXACT] | fast muscle fiber somite 18 [EXACT]
ZFA:0000796	muscle pioneer somite 25	cell	5	ZFA:0001086	ZFA:0000980	ZFS:0000028	ZFS:0000034	muscle pioneers somite 25 [EXACT]
ZFA:0000797	muscle pioneer somite 28	cell	5	ZFA:0001086	ZFA:0000856	ZFS:0000029	ZFS:0000034	muscle pioneers somite 28 [EXACT]
ZFA:0000798	muscle pioneer somite 30	cell	5	ZFA:0001086	ZFA:0000157	ZFS:0000029	ZFS:0000034	muscle pioneers somite 30 [EXACT]
ZFA:0000799	muscle pioneer somite 6	cell	5	ZFA:0001086	ZFA:0000982	ZFS:0000025	ZFS:0000034	muscle pioneers somite 6 [EXACT]
ZFA:0000800	muscle pioneer somite 9	cell	5	ZFA:0001086	ZFA:0000983	ZFS:0000025	ZFS:0000034	muscle pioneers somite 9 [EXACT]
ZFA:0000801	myotome somite 11	structure	5	ZFA:0001056	ZFA:0000725	ZFS:0000026	ZFS:0000034	
ZFA:0000802	myotome somite 15	structure	5	ZFA:0001056	ZFA:0000852	ZFS:0000027	ZFS:0000034	
ZFA:0000803	myotome somite 18	structure	5	ZFA:0001056	ZFA:0000853	ZFS:0000027	ZFS:0000034	
ZFA:0000804	myotome somite 20	structure	5	ZFA:0001056	ZFA:0000156	ZFS:0000027	ZFS:0000034	
ZFA:0000805	myotome somite 23	structure	5	ZFA:0001056	ZFA:0000730	ZFS:0000028	ZFS:0000034	
ZFA:0000806	fast muscle cell somite 20	cell	6	ZFA:0009117	ZFA:0000804	ZFS:0000027	ZFS:0000034	fast muscle cells somite 20 [EXACT] | fast muscle fiber somite 20 [EXACT]
ZFA:0000807	myotome somite 26	structure	5	ZFA:0001056	ZFA:0000074	ZFS:0000028	ZFS:0000034	
ZFA:0000808	myotome somite 29	structure	5	ZFA:0001056	ZFA:0000981	ZFS:0000029	ZFS:0000034	
ZFA:0000809	myotome somite 4	structure	5	ZFA:0001056	ZFA:0000857	ZFS:0000024	ZFS:0000034	
ZFA:0000810	myotome somite 7	structure	5	ZFA:0001056	ZFA:0000733	ZFS:0000025	ZFS:0000034	
ZFA:0000811	neural crest diencephalon	structure	5	ZFA:0001194		ZFS:0000025	ZFS:0000028	diencephalic neural crest [EXACT]
ZFA:0000812	neural crest telencephalon	structure	5	ZFA:0001194		ZFS:0000025	ZFS:0000028	
ZFA:0000813	infraorbital lateral line neuromast	structure	5	ZFA:0000243	ZFA:0000524	ZFS:0000036	ZFS:0000044	neuromast infraorbital [EXACT] | neuromasts infraorbital [EXACT]
ZFA:0000814	opercular lateral line neuromast	structure	5	ZFA:0000243	ZFA:0000424	ZFS:0000035	ZFS:0000044	neuromast opercular [EXACT] | neuromasts opercular [EXACT]
ZFA:0000815	nucleus of the medial longitudinal fasciculus medulla oblongata	structure	4	ZFA:0001658	ZFA:0000545	ZFS:0000000	ZFS:0000044	
ZFA:0000816	oral epithelium	structure	4	ZFA:0001486	ZFA:0000590	ZFS:0000033	ZFS:0000044	
ZFA:0000817	fast muscle cell somite 23	cell	6	ZFA:0009117	ZFA:0000805	ZFS:0000028	ZFS:0000034	fast muscle cells somite 23 [EXACT] | fast muscle fiber somite 23 [EXACT]
ZFA:0000818	vagal neural crest	structure	4	ZFA:0000045		ZFS:0000000	ZFS:0000031	post-otic neural crest [EXACT]
ZFA:0000819	postcommissural nucleus of ventral telencephalon	structure	5	ZFA:0001666		ZFS:0000000	ZFS:0000044	area ventralis telencephali, nucleus postcommissuralis [EXACT] | postcommissural nucleus of V [EXACT]
ZFA:0000821	primary neuron hindbrain	cell	5	ZFA:0009242		ZFS:0000024	ZFS:0000028	primary neurons hindbrain [EXACT]
ZFA:0000822	rhombomere 2	structure	5	ZFA:0001064		ZFS:0000025	ZFS:0000000	r2 [EXACT]
ZFA:0000823	rhombomere 5	structure	5	ZFA:0001064		ZFS:0000025	ZFS:0000000	r5 [EXACT]
ZFA:0000824	roof plate rhombomere 2	structure	3	ZFA:0001477	ZFA:0000822;ZFA:0001311	ZFS:0000025	ZFS:0000043	
ZFA:0000825	roof plate rhombomere 6	structure	3	ZFA:0001477	ZFA:0000069;ZFA:0001311	ZFS:0000025	ZFS:0000043	
ZFA:0000826	central nucleus torus semicircularis	structure	4	ZFA:0001665	ZFA:0000599	ZFS:0000000	ZFS:0000044	central nucleus of semicircular torus [EXACT] | nucleus centralis tori semicircularis [EXACT]
ZFA:0000827	fast muscle cell somite 26	cell	6	ZFA:0009117	ZFA:0000807	ZFS:0000028	ZFS:0000034	fast muscle cells somite 26 [EXACT] | fast muscle fiber somite 26 [EXACT]
ZFA:0000828	roof plate rhombomere 5	structure	3	ZFA:0001477	ZFA:0000823;ZFA:0001311	ZFS:0000025	ZFS:0000043	
ZFA:0000829	sclerotome somite 11	structure	4	ZFA:0001080	ZFA:0000725	ZFS:0000026	ZFS:0000034	
ZFA:0000830	sclerotome somite 14	structure	4	ZFA:0001080	ZFA:0000726	ZFS:0000026	ZFS:0000034	
ZFA:0000831	sclerotome somite 17	structure	4	ZFA:0001080	ZFA:0000727	ZFS:0000027	ZFS:0000034	
ZFA:0000832	sclerotome somite 2	structure	4	ZFA:0001080	ZFA:0000728	ZFS:0000024	ZFS:0000034	
ZFA:0000833	sclerotome somite 22	structure	4	ZFA:0001080	ZFA:0000978	ZFS:0000028	ZFS:0000034	
ZFA:0000834	sclerotome somite 25	structure	4	ZFA:0001080	ZFA:0000980	ZFS:0000028	ZFS:0000034	
ZFA:0000835	sclerotome somite 28	structure	4	ZFA:0001080	ZFA:0000856	ZFS:0000029	ZFS:0000034	
ZFA:0000836	sclerotome somite 30	structure	4	ZFA:0001080	ZFA:0000157	ZFS:0000029	ZFS:0000034	
ZFA:0000837	sclerotome somite 6	structure	4	ZFA:0001080	ZFA:0000982	ZFS:0000025	ZFS:0000034	
ZFA:0000838	fast muscle cell somite 29	cell	6	ZFA:0009117	ZFA:0000808	ZFS:0000029	ZFS:0000034	fast muscle cells somite 29 [EXACT] | fast muscle fiber somite 29 [EXACT]
ZFA:0000839	sclerotome somite 9	structure	4	ZFA:0001080	ZFA:0000983	ZFS:0000025	ZFS:0000034	
ZFA:0000840	slow muscle cell somite 11	cell	6	ZFA:0009116	ZFA:0000801	ZFS:0000026	ZFS:0000034	slow muscle cells somite 11 [EXACT]
ZFA:0000841	slow muscle cell somite 14	cell	6	ZFA:0009116	ZFA:0000044	ZFS:0000026	ZFS:0000034	slow muscle cells somite 14 [EXACT]
ZFA:0000842	slow muscle cell somite 17	cell	6	ZFA:0009116	ZFA:0001015	ZFS:0000027	ZFS:0000034	slow muscle cells somite 17 [EXACT]
ZFA:0000843	slow muscle cell somite 2	cell	6	ZFA:0009116	ZFA:0001016	ZFS:0000024	ZFS:0000034	slow muscle cells somite 2 [EXACT]
ZFA:0000844	slow muscle cell somite 22	cell	6	ZFA:0009116	ZFA:0001017	ZFS:0000028	ZFS:0000034	slow muscle cells somite 22 [EXACT]
ZFA:0000845	slow muscle cell somite 25	cell	6	ZFA:0009116	ZFA:0001018	ZFS:0000028	ZFS:0000034	slow muscle cells somite 25 [EXACT]
ZFA:0000846	slow muscle cell somite 28	cell	6	ZFA:0009116	ZFA:0001019	ZFS:0000029	ZFS:0000034	slow muscle cells somite 28 [EXACT]
ZFA:0000847	slow muscle cell somite 30	cell	6	ZFA:0009116	ZFA:0001020	ZFS:0000029	ZFS:0000034	slow muscle cells somite 30 [EXACT]
ZFA:0000848	slow muscle cell somite 6	cell	6	ZFA:0009116	ZFA:0001021	ZFS:0000025	ZFS:0000034	slow muscle cells somite 6 [EXACT]
ZFA:0000849	fast muscle cell somite 4	cell	6	ZFA:0009117	ZFA:0000809	ZFS:0000024	ZFS:0000034	fast muscle cells somite 4 [EXACT] | fast muscle fiber somite 4 [EXACT]
ZFA:0000850	slow muscle cell somite 9	cell	6	ZFA:0009116	ZFA:0001022	ZFS:0000025	ZFS:0000034	slow muscle cells somite 9 [EXACT]
ZFA:0000851	somite 12	structure	4	ZFA:0000155		ZFS:0000025	ZFS:0000034	
ZFA:0000852	somite 15	structure	4	ZFA:0000155		ZFS:0000026	ZFS:0000034	
ZFA:0000853	somite 18	structure	4	ZFA:0000155		ZFS:0000026	ZFS:0000034	
ZFA:0000854	somite 21	structure	4	ZFA:0000155		ZFS:0000027	ZFS:0000034	
ZFA:0000855	somite 24	structure	4	ZFA:0000155		ZFS:0000027	ZFS:0000034	
ZFA:0000856	somite 28	structure	4	ZFA:0000155		ZFS:0000028	ZFS:0000034	
ZFA:0000857	somite 4	structure	4	ZFA:0000155		ZFS:0000023	ZFS:0000034	
ZFA:0000858	somite 8	structure	4	ZFA:0000155		ZFS:0000024	ZFS:0000034	
ZFA:0000859	specialized hemal arch and spine	structure	6	ZFA:0001591	ZFA:0000862	ZFS:0000036	ZFS:0000044	ha(pu) [EXACT] | hemal arch (preural) [EXACT] | specialized haemal arch and spine [EXACT] | specialized hemal arches and spines [EXACT]
ZFA:0000860	fast muscle cell somite 7	cell	6	ZFA:0009117	ZFA:0000810	ZFS:0000025	ZFS:0000034	fast muscle cells somite 7 [EXACT] | fast muscle fiber somite 7 [EXACT]
ZFA:0000861	ventral oblique extraocular muscle	structure	4	ZFA:0005145	ZFA:0000511	ZFS:0000000	ZFS:0000044	inferior oblique muscle [EXACT] | ventral oblique extraocular muscles [EXACT]
ZFA:0000862	caudal fin skeleton	structure	5	ZFA:0001123	ZFA:0001058	ZFS:0000000	ZFS:0000044	
ZFA:0000863	dermatocranium	structure	4	ZFA:0001478	ZFA:0000737	ZFS:0000032	ZFS:0000044	dermal bone cranium [EXACT]
ZFA:0000864	epaxial region somite 1	structure	5	ZFA:0001084	ZFA:0000924	ZFS:0000024	ZFS:0000034	
ZFA:0000865	epaxial region somite 12	structure	5	ZFA:0001084	ZFA:0000926	ZFS:0000026	ZFS:0000034	
ZFA:0000866	epaxial region somite 15	structure	5	ZFA:0001084	ZFA:0000802	ZFS:0000027	ZFS:0000034	
ZFA:0000867	epaxial region somite 18	structure	5	ZFA:0001084	ZFA:0000803	ZFS:0000027	ZFS:0000034	
ZFA:0000868	epaxial region somite 20	structure	5	ZFA:0001084	ZFA:0000804	ZFS:0000027	ZFS:0000034	
ZFA:0000869	epaxial region somite 23	structure	5	ZFA:0001084	ZFA:0000805	ZFS:0000028	ZFS:0000034	
ZFA:0000870	epaxial region somite 26	structure	5	ZFA:0001084	ZFA:0000807	ZFS:0000028	ZFS:0000034	
ZFA:0000871	floor plate diencephalic region	structure	3	ZFA:0001488	ZFA:0000022;ZFA:0000101	ZFS:0000025	ZFS:0000043	floorplate diencephalon [EXACT]
ZFA:0000872	epaxial region somite 29	structure	5	ZFA:0001084	ZFA:0000808	ZFS:0000029	ZFS:0000034	
ZFA:0000873	epaxial region somite 4	structure	5	ZFA:0001084	ZFA:0000809	ZFS:0000024	ZFS:0000034	
ZFA:0000874	epaxial region somite 7	structure	5	ZFA:0001084	ZFA:0000810	ZFS:0000025	ZFS:0000034	
ZFA:0000876	fast muscle cell somite 11	cell	6	ZFA:0009117	ZFA:0000801	ZFS:0000026	ZFS:0000034	fast muscle cells somite 11 [EXACT] | fast muscle fiber somite 11 [EXACT]
ZFA:0000877	fast muscle cell somite 14	cell	6	ZFA:0009117	ZFA:0000044	ZFS:0000026	ZFS:0000034	fast muscle cells somite 14 [EXACT] | fast muscle fiber somite 14 [EXACT]
ZFA:0000878	fast muscle cell somite 17	cell	6	ZFA:0009117	ZFA:0001015	ZFS:0000027	ZFS:0000034	fast muscle cells somite 17 [EXACT] | fast muscle fiber somite 17 [EXACT]
ZFA:0000879	fast muscle cell somite 2	cell	6	ZFA:0009117	ZFA:0001016	ZFS:0000024	ZFS:0000034	fast muscle cells somite 2 [EXACT] | fast muscle fiber somite 2 [EXACT]
ZFA:0000880	fast muscle cell somite 22	cell	6	ZFA:0009117	ZFA:0001017	ZFS:0000028	ZFS:0000034	fast muscle cells somite 22 [EXACT] | fast muscle fiber somite 22 [EXACT]
ZFA:0000881	fast muscle cell somite 25	cell	6	ZFA:0009117	ZFA:0001018	ZFS:0000028	ZFS:0000034	fast muscle cells somite 25 [EXACT] | fast muscle fiber somite 25 [EXACT]
ZFA:0000882	floor plate rhombomere 1	structure	3	ZFA:0001488	ZFA:0001031;ZFA:0001258	ZFS:0000025	ZFS:0000043	floor plate r1 [EXACT]
ZFA:0000883	fast muscle cell somite 28	cell	6	ZFA:0009117	ZFA:0001019	ZFS:0000029	ZFS:0000034	fast muscle cells somite 28 [EXACT] | fast muscle fiber somite 28 [EXACT]
ZFA:0000884	fast muscle cell somite 30	cell	6	ZFA:0009117	ZFA:0001020	ZFS:0000029	ZFS:0000034	fast muscle cells somite 30 [EXACT] | fast muscle fiber somite 30 [EXACT]
ZFA:0000885	fast muscle cell somite 6	cell	6	ZFA:0009117	ZFA:0001021	ZFS:0000025	ZFS:0000034	fast muscle cells somite 6 [EXACT] | fast muscle fiber somite 6 [EXACT]
ZFA:0000886	fast muscle cell somite 9	cell	6	ZFA:0009117	ZFA:0001022	ZFS:0000025	ZFS:0000034	fast muscle cells somite 9 [EXACT] | fast muscle fiber somite 9 [EXACT]
ZFA:0000887	floor plate neural rod	structure	3	ZFA:0001488	ZFA:0000022;ZFA:0000133	ZFS:0000025	ZFS:0000026	floorplate neural rod [EXACT]
ZFA:0000888	floor plate rhombomere 3	structure	3	ZFA:0001488	ZFA:0000948;ZFA:0001258	ZFS:0000025	ZFS:0000043	floor plate r3 [EXACT] | floorplate r3 [EXACT]
ZFA:0000889	floor plate rhombomere 6	structure	3	ZFA:0001488	ZFA:0000069;ZFA:0001258	ZFS:0000025	ZFS:0000043	floor plate r6 [EXACT] | floorplate r6 [EXACT]
ZFA:0000890	floor plate spinal cord region	structure	3	ZFA:0001488	ZFA:0000022;ZFA:0000075	ZFS:0000029	ZFS:0000043	floorplate spinal cord [EXACT]
ZFA:0000891	hypaxial region somite 1	structure	5	ZFA:0001085	ZFA:0000924	ZFS:0000024	ZFS:0000034	
ZFA:0000892	hypaxial region somite 12	structure	5	ZFA:0001085	ZFA:0000926	ZFS:0000026	ZFS:0000034	
ZFA:0000893	floor plate rhombomere 4	structure	3	ZFA:0001488	ZFA:0001032;ZFA:0001258	ZFS:0000025	ZFS:0000043	floor plate r4 [EXACT] | floorplate r4 [EXACT]
ZFA:0000894	hypaxial region somite 15	structure	5	ZFA:0001085	ZFA:0000802	ZFS:0000027	ZFS:0000034	
ZFA:0000895	hypaxial region somite 18	structure	5	ZFA:0001085	ZFA:0000803	ZFS:0000027	ZFS:0000034	
ZFA:0000896	hypaxial region somite 20	structure	5	ZFA:0001085	ZFA:0000804	ZFS:0000027	ZFS:0000034	
ZFA:0000897	hypaxial region somite 23	structure	5	ZFA:0001085	ZFA:0000805	ZFS:0000028	ZFS:0000034	
ZFA:0000898	hypaxial region somite 26	structure	5	ZFA:0001085	ZFA:0000807	ZFS:0000028	ZFS:0000034	
ZFA:0000899	hypaxial region somite 29	structure	5	ZFA:0001085	ZFA:0000808	ZFS:0000029	ZFS:0000034	
ZFA:0000900	hypaxial region somite 4	structure	5	ZFA:0001085	ZFA:0000809	ZFS:0000024	ZFS:0000034	
ZFA:0000901	hypaxial region somite 7	structure	5	ZFA:0001085	ZFA:0000810	ZFS:0000025	ZFS:0000034	
ZFA:0000902	hypural muscle	structure	4	ZFA:0005145	ZFA:0000628	ZFS:0000000	ZFS:0000044	hypural muscles [EXACT]
ZFA:0000903	interpeduncular nucleus tegmentum	structure	4	ZFA:0005577	ZFA:0000160	ZFS:0000000	ZFS:0000044	
ZFA:0000904	floor plate rhombomere 7	structure	3	ZFA:0001488	ZFA:0000949;ZFA:0001258	ZFS:0000025	ZFS:0000043	floor plate r7 [EXACT] | floorplate r7 [EXACT]
ZFA:0000905	lateral mesenchyme derived from mesoderm	structure	5	ZFA:0000081		ZFS:0000024	ZFS:0000034	
ZFA:0000906	lateral wall midbrain region	structure	3	ZFA:0001488	ZFA:0000128	ZFS:0000025	ZFS:0000000	lateral wall midbrain [EXACT]
ZFA:0000907	lateral wall rhombomere 2	structure	3	ZFA:0001488	ZFA:0000822	ZFS:0000025	ZFS:0000000	
ZFA:0000908	lateral wall rhombomere 5	structure	3	ZFA:0001488	ZFA:0000823	ZFS:0000025	ZFS:0000000	
ZFA:0000909	lateral wall rhombomere 8	structure	3	ZFA:0001488	ZFA:0000153	ZFS:0000025	ZFS:0000000	
ZFA:0000910	medial forebrain bundle telencephalon	structure	5	ZFA:0000597	ZFA:0005111	ZFS:0000000	ZFS:0000044	medial forebrain bundles telencephalon [EXACT]
ZFA:0000912	mesenchyme median fin fold	structure	4	ZFA:0000393	ZFA:0000040	ZFS:0000030	ZFS:0000037	
ZFA:0000913	molecular layer valvula cerebelli	structure	3	ZFA:0001477	ZFA:0000603	ZFS:0000000	ZFS:0000044	
ZFA:0000914	floor plate telencephalic region	structure	3	ZFA:0001488	ZFA:0000022;ZFA:0000079	ZFS:0000025	ZFS:0000043	floorplate telencephalon [EXACT]
ZFA:0000915	muscle pioneer somite 11	cell	5	ZFA:0001086	ZFA:0000725	ZFS:0000026	ZFS:0000034	muscle pioneers somite 11 [EXACT]
ZFA:0000916	muscle pioneer somite 14	cell	5	ZFA:0001086	ZFA:0000726	ZFS:0000026	ZFS:0000034	muscle pioneers somite 14 [EXACT]
ZFA:0000917	muscle pioneer somite 17	cell	5	ZFA:0001086	ZFA:0000727	ZFS:0000027	ZFS:0000034	muscle pioneers somite 17 [EXACT]
ZFA:0000918	muscle pioneer somite 20	cell	5	ZFA:0001086	ZFA:0000156	ZFS:0000027	ZFS:0000034	muscle pioneers somite 20 [EXACT]
ZFA:0000919	muscle pioneer somite 23	cell	5	ZFA:0001086	ZFA:0000730	ZFS:0000028	ZFS:0000034	muscle pioneers somite 23 [EXACT]
ZFA:0000920	muscle pioneer somite 26	cell	5	ZFA:0001086	ZFA:0000074	ZFS:0000028	ZFS:0000034	muscle pioneers somite 26 [EXACT]
ZFA:0000921	muscle pioneer somite 29	cell	5	ZFA:0001086	ZFA:0000981	ZFS:0000029	ZFS:0000034	muscle pioneers somite 29 [EXACT]
ZFA:0000922	muscle pioneer somite 4	cell	5	ZFA:0001086	ZFA:0000857	ZFS:0000024	ZFS:0000034	muscle pioneers somite 4 [EXACT]
ZFA:0000923	muscle pioneer somite 7	cell	5	ZFA:0001086	ZFA:0000733	ZFS:0000025	ZFS:0000034	muscle pioneers somite 7 [EXACT]
ZFA:0000924	myotome somite 1	structure	5	ZFA:0001056	ZFA:0000072	ZFS:0000023	ZFS:0000034	
ZFA:0000925	hypaxial region somite 10	structure	5	ZFA:0001085	ZFA:0001013	ZFS:0000025	ZFS:0000034	
ZFA:0000926	myotome somite 12	structure	5	ZFA:0001056	ZFA:0000851	ZFS:0000026	ZFS:0000034	
ZFA:0000927	myotome somite 16	structure	5	ZFA:0001056	ZFA:0000976	ZFS:0000027	ZFS:0000034	
ZFA:0000928	myotome somite 19	structure	5	ZFA:0001056	ZFA:0000977	ZFS:0000027	ZFS:0000034	
ZFA:0000929	myotome somite 21	structure	5	ZFA:0001056	ZFA:0000854	ZFS:0000028	ZFS:0000034	
ZFA:0000930	myotome somite 24	structure	5	ZFA:0001056	ZFA:0000855	ZFS:0000028	ZFS:0000034	
ZFA:0000931	myotome somite 27	structure	5	ZFA:0001056	ZFA:0000731	ZFS:0000029	ZFS:0000034	
ZFA:0000932	myotome somite 3	structure	5	ZFA:0001056	ZFA:0000732	ZFS:0000024	ZFS:0000034	
ZFA:0000933	myotome somite 5	structure	5	ZFA:0001056	ZFA:0000073	ZFS:0000024	ZFS:0000034	
ZFA:0000934	myotome somite 8	structure	5	ZFA:0001056	ZFA:0000858	ZFS:0000025	ZFS:0000034	
ZFA:0000935	neural crest midbrain	structure	5	ZFA:0001194		ZFS:0000025	ZFS:0000027	mesencephalic neural crest [EXACT]
ZFA:0000936	dorsal fin distal radial	structure	5	ZFA:0001647	ZFA:0001419	ZFS:0000039	ZFS:0000044	dorsal fin distal radials [EXACT]
ZFA:0000937	hypaxial region somite 13	structure	5	ZFA:0001085	ZFA:0001014	ZFS:0000026	ZFS:0000034	
ZFA:0000938	central canal	structure	3	ZFA:0001488	ZFA:0000075;ZFA:0001261	ZFS:0000029	ZFS:0000044	canalis centralis [EXACT] | neural lumen [EXACT]
ZFA:0000939	middle lateral line neuromast	structure	5	ZFA:0000243	ZFA:0000344	ZFS:0000036	ZFS:0000044	neuromast middle [EXACT] | neuromasts middle [EXACT]
ZFA:0000940	posterior lateral line neuromast	structure	5	ZFA:0000243	ZFA:0000944	ZFS:0000032	ZFS:0000044	neuromast posterior [EXACT] | neuromasts posterior [EXACT]
ZFA:0000941	nucleus of the medial longitudinal fasciculus synencephalon	structure	4	ZFA:0001659	ZFA:0000293	ZFS:0000000	ZFS:0000044	
ZFA:0000943	pectoral fin skeleton	structure	6	ZFA:0000027	ZFA:0001161	ZFS:0000032	ZFS:0000044	
ZFA:0000944	posterior lateral line	structure	4	ZFA:0001469	ZFA:0001471	ZFS:0000032	ZFS:0000044	midbody lateral line [RELATED] | midtrunk line [RELATED] | pll [EXACT]
ZFA:0000946	hypaxial region somite 16	structure	5	ZFA:0001085	ZFA:0000927	ZFS:0000027	ZFS:0000034	
ZFA:0000947	dorsal fin proximal radial	structure	5	ZFA:0001647	ZFA:0001419	ZFS:0000039	ZFS:0000044	dorsal fin proximal radials [EXACT]
ZFA:0000948	rhombomere 3	structure	5	ZFA:0001064		ZFS:0000025	ZFS:0000000	r3 [EXACT]
ZFA:0000949	rhombomere 7	structure	5	ZFA:0001064		ZFS:0000025	ZFS:0000000	r7 [EXACT]
ZFA:0000950	roof plate rhombomere 3	structure	3	ZFA:0001477	ZFA:0000948;ZFA:0001311	ZFS:0000025	ZFS:0000043	
ZFA:0000951	roof plate rhombomere 7	structure	3	ZFA:0001477	ZFA:0000949;ZFA:0001311	ZFS:0000025	ZFS:0000043	
ZFA:0000952	sclerotome somite 1	structure	4	ZFA:0001080	ZFA:0000072	ZFS:0000023	ZFS:0000034	
ZFA:0000953	sclerotome somite 12	structure	4	ZFA:0001080	ZFA:0000851	ZFS:0000026	ZFS:0000034	
ZFA:0000954	sclerotome somite 15	structure	4	ZFA:0001080	ZFA:0000852	ZFS:0000027	ZFS:0000034	
ZFA:0000955	sclerotome somite 18	structure	4	ZFA:0001080	ZFA:0000853	ZFS:0000027	ZFS:0000034	
ZFA:0000956	sclerotome somite 20	structure	4	ZFA:0001080	ZFA:0000156	ZFS:0000027	ZFS:0000034	
ZFA:0000957	hypaxial region somite 19	structure	5	ZFA:0001085	ZFA:0000928	ZFS:0000027	ZFS:0000034	
ZFA:0000958	sclerotome somite 23	structure	4	ZFA:0001080	ZFA:0000730	ZFS:0000028	ZFS:0000034	
ZFA:0000959	sclerotome somite 26	structure	4	ZFA:0001080	ZFA:0000074	ZFS:0000028	ZFS:0000034	
ZFA:0000960	sclerotome somite 29	structure	4	ZFA:0001080	ZFA:0000981	ZFS:0000029	ZFS:0000034	
ZFA:0000961	sclerotome somite 4	structure	4	ZFA:0001080	ZFA:0000857	ZFS:0000024	ZFS:0000034	
ZFA:0000962	sclerotome somite 7	structure	4	ZFA:0001080	ZFA:0000733	ZFS:0000025	ZFS:0000034	
ZFA:0000963	slow muscle cell somite 1	cell	6	ZFA:0009116	ZFA:0000924	ZFS:0000024	ZFS:0000034	slow muscle cells somite 1 [EXACT]
ZFA:0000964	slow muscle cell somite 12	cell	6	ZFA:0009116	ZFA:0000926	ZFS:0000026	ZFS:0000034	slow muscle cells somite 12 [EXACT]
ZFA:0000965	slow muscle cell somite 15	cell	6	ZFA:0009116	ZFA:0000802	ZFS:0000027	ZFS:0000034	slow muscle cells somite 15 [EXACT]
ZFA:0000966	slow muscle cell somite 18	cell	6	ZFA:0009116	ZFA:0000803	ZFS:0000027	ZFS:0000034	slow muscle cells somite 18 [EXACT]
ZFA:0000967	slow muscle cell somite 20	cell	6	ZFA:0009116	ZFA:0000804	ZFS:0000027	ZFS:0000034	slow muscle cells somite 20 [EXACT]
ZFA:0000968	hypaxial region somite 21	structure	5	ZFA:0001085	ZFA:0000929	ZFS:0000028	ZFS:0000034	
ZFA:0000969	slow muscle cell somite 23	cell	6	ZFA:0009116	ZFA:0000805	ZFS:0000028	ZFS:0000034	slow muscle cells somite 23 [EXACT]
ZFA:0000970	slow muscle cell somite 26	cell	6	ZFA:0009116	ZFA:0000807	ZFS:0000028	ZFS:0000034	slow muscle cells somite 26 [EXACT]
ZFA:0000971	slow muscle cell somite 29	cell	6	ZFA:0009116	ZFA:0000808	ZFS:0000029	ZFS:0000034	slow muscle cells somite 29 [EXACT]
ZFA:0000972	slow muscle cell somite 4	cell	6	ZFA:0009116	ZFA:0000809	ZFS:0000024	ZFS:0000034	slow muscle cells somite 4 [EXACT]
ZFA:0000973	slow muscle cell somite 7	cell	6	ZFA:0009116	ZFA:0000810	ZFS:0000025	ZFS:0000034	slow muscle cells somite 7 [EXACT]
ZFA:0000974	somite 10	structure	4	ZFA:0000155		ZFS:0000025	ZFS:0000034	
ZFA:0000975	somite 13	structure	4	ZFA:0000155		ZFS:0000025	ZFS:0000034	
ZFA:0000976	somite 16	structure	4	ZFA:0000155		ZFS:0000026	ZFS:0000034	
ZFA:0000977	somite 19	structure	4	ZFA:0000155		ZFS:0000026	ZFS:0000034	
ZFA:0000978	somite 22	structure	4	ZFA:0000155		ZFS:0000027	ZFS:0000034	
ZFA:0000979	hypaxial region somite 24	structure	5	ZFA:0001085	ZFA:0000930	ZFS:0000028	ZFS:0000034	
ZFA:0000980	somite 25	structure	4	ZFA:0000155		ZFS:0000027	ZFS:0000034	
ZFA:0000981	somite 29	structure	4	ZFA:0000155		ZFS:0000028	ZFS:0000034	
ZFA:0000982	somite 6	structure	4	ZFA:0000155		ZFS:0000024	ZFS:0000034	
ZFA:0000983	somite 9	structure	4	ZFA:0000155		ZFS:0000024	ZFS:0000034	
ZFA:0000984	superior reticular formation tegmentum	structure	4	ZFA:0005575	ZFA:0000160	ZFS:0000000	ZFS:0000044	
ZFA:0000985	ventral rhombencephalic commissure medulla oblongata	structure	4	ZFA:0001682	ZFA:0000545	ZFS:0000000	ZFS:0000044	
ZFA:0000986	hypaxial region somite 27	structure	5	ZFA:0001085	ZFA:0000931	ZFS:0000029	ZFS:0000034	
ZFA:0000987	hypaxial region somite 3	structure	5	ZFA:0001085	ZFA:0000932	ZFS:0000024	ZFS:0000034	
ZFA:0000988	hypaxial region somite 5	structure	5	ZFA:0001085	ZFA:0000933	ZFS:0000024	ZFS:0000034	
ZFA:0000989	hypaxial region somite 8	structure	5	ZFA:0001085	ZFA:0000934	ZFS:0000025	ZFS:0000034	
ZFA:0000990	intermediate mesenchyme	structure	5	ZFA:0000081		ZFS:0000024	ZFS:0000034	
ZFA:0000991	epaxial region somite 10	structure	5	ZFA:0001084	ZFA:0001013	ZFS:0000025	ZFS:0000034	
ZFA:0000992	lateral migration pathway mesenchyme	structure	3	ZFA:0001477	ZFA:0000999	ZFS:0000025	ZFS:0000034	
ZFA:0000993	lateral wall neural rod	structure	3	ZFA:0001477	ZFA:0000133	ZFS:0000025	ZFS:0000026	
ZFA:0000994	lateral wall rhombomere 3	structure	3	ZFA:0001488	ZFA:0000948	ZFS:0000025	ZFS:0000000	
ZFA:0000995	lateral wall rhombomere 6	structure	3	ZFA:0001488	ZFA:0000069	ZFS:0000025	ZFS:0000000	
ZFA:0000996	lateral wall spinal cord	structure	3	ZFA:0001488	ZFA:0000075	ZFS:0000029	ZFS:0000000	
ZFA:0000997	medial funicular nucleus trigeminal nucleus	structure	5	ZFA:0000433		ZFS:0000000	ZFS:0000044	medial funicular nucleus trigeminal nuclei [EXACT]
ZFA:0000998	mesenchyme derived from head mesoderm	structure	5	ZFA:0000113		ZFS:0000024	ZFS:0000034	
ZFA:0000999	mesenchyme derived from trunk neural crest	structure	5	ZFA:0000081		ZFS:0000024	ZFS:0000034	
ZFA:0001000	mesenchyme pectoral fin	structure	4	ZFA:0000393	ZFA:0001161	ZFS:0000030	ZFS:0000035	mesenchyme pectoral fins [EXACT]
ZFA:0001001	epaxial region somite 13	structure	5	ZFA:0001084	ZFA:0001014	ZFS:0000026	ZFS:0000034	
ZFA:0001003	muscle pioneer somite 12	cell	5	ZFA:0001086	ZFA:0000851	ZFS:0000026	ZFS:0000034	muscle pioneers somite 12 [EXACT]
ZFA:0001004	muscle pioneer somite 15	cell	5	ZFA:0001086	ZFA:0000852	ZFS:0000027	ZFS:0000034	muscle pioneers somite 15 [EXACT]
ZFA:0001005	muscle pioneer somite 18	cell	5	ZFA:0001086	ZFA:0000853	ZFS:0000027	ZFS:0000034	muscle pioneers somite 18 [EXACT]
ZFA:0001006	muscle pioneer somite 21	cell	5	ZFA:0001086	ZFA:0000854	ZFS:0000028	ZFS:0000034	muscle pioneers somite 21 [EXACT]
ZFA:0001007	muscle pioneer somite 24	cell	5	ZFA:0001086	ZFA:0000855	ZFS:0000028	ZFS:0000034	muscle pioneers somite 24 [EXACT]
ZFA:0001008	muscle pioneer somite 27	cell	5	ZFA:0001086	ZFA:0000731	ZFS:0000029	ZFS:0000034	muscle pioneers somite 27 [EXACT]
ZFA:0001009	muscle pioneer somite 3	cell	5	ZFA:0001086	ZFA:0000732	ZFS:0000024	ZFS:0000034	muscle pioneers somite 3 [EXACT]
ZFA:0001010	muscle pioneer somite 5	cell	5	ZFA:0001086	ZFA:0000073	ZFS:0000024	ZFS:0000034	muscle pioneers somite 5 [EXACT]
ZFA:0001011	muscle pioneer somite 8	cell	5	ZFA:0001086	ZFA:0000858	ZFS:0000025	ZFS:0000034	muscle pioneers somite 8 [EXACT]
ZFA:0001012	epaxial region somite 16	structure	5	ZFA:0001084	ZFA:0000927	ZFS:0000027	ZFS:0000034	
ZFA:0001013	myotome somite 10	structure	5	ZFA:0001056	ZFA:0000974	ZFS:0000025	ZFS:0000034	
ZFA:0001014	myotome somite 13	structure	5	ZFA:0001056	ZFA:0000975	ZFS:0000026	ZFS:0000034	
ZFA:0001015	myotome somite 17	structure	5	ZFA:0001056	ZFA:0000727	ZFS:0000027	ZFS:0000034	
ZFA:0001016	myotome somite 2	structure	5	ZFA:0001056	ZFA:0000728	ZFS:0000024	ZFS:0000034	
ZFA:0001017	myotome somite 22	structure	5	ZFA:0001056	ZFA:0000978	ZFS:0000028	ZFS:0000034	
ZFA:0001018	myotome somite 25	structure	5	ZFA:0001056	ZFA:0000980	ZFS:0000028	ZFS:0000034	
ZFA:0001019	myotome somite 28	structure	5	ZFA:0001056	ZFA:0000856	ZFS:0000029	ZFS:0000034	
ZFA:0001020	myotome somite 30	structure	5	ZFA:0001056	ZFA:0000157	ZFS:0000029	ZFS:0000034	
ZFA:0001021	myotome somite 6	structure	5	ZFA:0001056	ZFA:0000982	ZFS:0000025	ZFS:0000034	
ZFA:0001022	myotome somite 9	structure	5	ZFA:0001056	ZFA:0000983	ZFS:0000025	ZFS:0000034	
ZFA:0001023	epaxial region somite 19	structure	5	ZFA:0001084	ZFA:0000928	ZFS:0000027	ZFS:0000034	
ZFA:0001024	trunk neural crest	structure	4	ZFA:0000045		ZFS:0000025	ZFS:0000031	
ZFA:0001025	occipital lateral line neuromast	structure	5	ZFA:0000243	ZFA:0000400	ZFS:0000036	ZFS:0000044	neuromast occipital [EXACT] | neuromasts occipital [EXACT]
ZFA:0001026	supraorbital lateral line neuromast	structure	5	ZFA:0000243	ZFA:0000443	ZFS:0000036	ZFS:0000044	neuromast supraorbital [EXACT] | neuromasts supraorbital [EXACT]
ZFA:0001027	oral cavity	structure	2	ZFA:0001643	ZFA:0000590	ZFS:0000035	ZFS:0000044	buccal cavity [EXACT] | buccal chamber [EXACT]
ZFA:0001028	hypurapophysis	structure	7	ZFA:0000859	ZFA:0000438	ZFS:0000040	ZFS:0000044	hypurapophyses [EXACT] | parhypurapophysis [EXACT] | parhypurapophysis process [EXACT]
ZFA:0001029	inner limiting membrane	structure	3	ZFA:0000382	ZFA:0000046	ZFS:0000000	ZFS:0000044	ILM [EXACT] | inner limiting membranes [EXACT]
ZFA:0001030	epaxial region somite 21	structure	5	ZFA:0001084	ZFA:0000929	ZFS:0000028	ZFS:0000034	
ZFA:0001031	rhombomere 1	structure	5	ZFA:0001064		ZFS:0000025	ZFS:0000000	r1 [EXACT]
ZFA:0001032	rhombomere 4	structure	5	ZFA:0001064		ZFS:0000025	ZFS:0000000	r4 [EXACT]
ZFA:0001033	roof plate rhombomere 1	structure	3	ZFA:0001477	ZFA:0001031;ZFA:0001311	ZFS:0000025	ZFS:0000043	
ZFA:0001034	roof plate rhombomere 4	structure	3	ZFA:0001477	ZFA:0001032;ZFA:0001311	ZFS:0000025	ZFS:0000043	
ZFA:0001035	roof plate rhombomere 8	structure	3	ZFA:0001477	ZFA:0000153;ZFA:0001311	ZFS:0000025	ZFS:0000043	
ZFA:0001036	sclerotome somite 10	structure	4	ZFA:0001080	ZFA:0000974	ZFS:0000025	ZFS:0000034	
ZFA:0001037	sclerotome somite 13	structure	4	ZFA:0001080	ZFA:0000975	ZFS:0000026	ZFS:0000034	
ZFA:0001038	sclerotome somite 16	structure	4	ZFA:0001080	ZFA:0000976	ZFS:0000027	ZFS:0000034	
ZFA:0001039	sclerotome somite 19	structure	4	ZFA:0001080	ZFA:0000977	ZFS:0000027	ZFS:0000034	
ZFA:0001040	epaxial region somite 24	structure	5	ZFA:0001084	ZFA:0000930	ZFS:0000028	ZFS:0000034	
ZFA:0001041	sclerotome somite 21	structure	4	ZFA:0001080	ZFA:0000854	ZFS:0000028	ZFS:0000034	
ZFA:0001042	sclerotome somite 24	structure	4	ZFA:0001080	ZFA:0000855	ZFS:0000028	ZFS:0000034	
ZFA:0001043	sclerotome somite 27	structure	4	ZFA:0001080	ZFA:0000731	ZFS:0000029	ZFS:0000034	
ZFA:0001044	sclerotome somite 3	structure	4	ZFA:0001080	ZFA:0000732	ZFS:0000024	ZFS:0000034	
ZFA:0001045	sclerotome somite 5	structure	4	ZFA:0001080	ZFA:0000073	ZFS:0000024	ZFS:0000034	
ZFA:0001046	sclerotome somite 8	structure	4	ZFA:0001080	ZFA:0000858	ZFS:0000025	ZFS:0000034	
ZFA:0001047	slow muscle cell somite 10	cell	6	ZFA:0009116	ZFA:0001013	ZFS:0000025	ZFS:0000034	slow muscle cells somite 10 [EXACT]
ZFA:0001048	slow muscle cell somite 13	cell	6	ZFA:0009116	ZFA:0001014	ZFS:0000026	ZFS:0000034	slow muscle cells somite 13 [EXACT]
ZFA:0001049	slow muscle cell somite 16	cell	6	ZFA:0009116	ZFA:0000927	ZFS:0000027	ZFS:0000034	slow muscle cells somite 16 [EXACT]
ZFA:0001050	slow muscle cell somite 19	cell	6	ZFA:0009116	ZFA:0000928	ZFS:0000027	ZFS:0000034	slow muscle cells somite 19 [EXACT]
ZFA:0001051	caudal division of the internal carotid artery	structure	5	ZFA:0000005	ZFA:0005081	ZFS:0000029	ZFS:0000000	CaDI [EXACT] | posterior cerebral carotid artery [EXACT] | posterior rami of the cerebral carotid artery [EXACT]
ZFA:0001052	primordial hindbrain channel	structure	5	ZFA:0000082	ZFA:0005297	ZFS:0000029	ZFS:0000000	medial head vein [EXACT] | PHBC [EXACT]
ZFA:0001053	primitive internal carotid artery	structure	5	ZFA:0000005		ZFS:0000029	ZFS:0000000	PICA [EXACT]
ZFA:0001054	lateral dorsal aorta	structure	5	ZFA:0000005		ZFS:0000029	ZFS:0000000	LDA [EXACT]
ZFA:0001055	pronephric duct opening	structure	2	ZFA:0001643	ZFA:0000150;ZFA:0000330	ZFS:0000027	ZFS:0000039	pronephric duct openings [EXACT] | urogenital opening [RELATED]
ZFA:0001056	myotome	structure	4	ZFA:0005145	ZFA:0000473	ZFS:0000023	ZFS:0000044	myomeres [EXACT]
ZFA:0001057	intersegmental vein	structure	5	ZFA:0000082;ZFA:0001285		ZFS:0000033	ZFS:0000000	ISV [EXACT]
ZFA:0001058	caudal fin	structure	4	ZFA:0005597	ZFA:0001117	ZFS:0000029	ZFS:0000044	tail [EXACT] | tail fin [EXACT]
ZFA:0001059	cranial division of the internal carotid artery	structure	5	ZFA:0000005	ZFA:0005081	ZFS:0000029	ZFS:0000034	anterior cerebral carotid artery [EXACT] | anterior rami of the cerebral carotid artery [EXACT] | CrDI [EXACT] | rostral division of the internal carotid artery [EXACT]
ZFA:0001060	basidorsal	structure	6	ZFA:0001457		ZFS:0000000	ZFS:0000039	arcualia [RELATED]
ZFA:0001061	intersegmental artery	structure	5	ZFA:0000005;ZFA:0001285		ZFS:0000033	ZFS:0000000	intersegmental arteries [EXACT]
ZFA:0001062	primitive mesencephalic artery	structure	5	ZFA:0000005		ZFS:0000029	ZFS:0000032	PMsA [EXACT]
ZFA:0001063	posterior caudal vein	structure	5	ZFA:0000082	ZFA:0005037	ZFS:0000029	ZFS:0000034	
ZFA:0001064	rhombomere	structure	4	ZFA:0001328	ZFA:0000029	ZFS:0000025	ZFS:0000000	hindbrain segment [EXACT] | neuromere [RELATED] | rhombomeres [EXACT]
ZFA:0001065	lateral mesoderm	structure	5	ZFA:0000041		ZFS:0000022	ZFS:0000027	
ZFA:0001066	neural arch	structure	6	ZFA:0001591	ZFA:0001189	ZFS:0000039	ZFS:0000044	dorsal arcocentrum [EXACT]
ZFA:0001067	anterior cerebral vein	structure	5	ZFA:0000082	ZFA:0005297	ZFS:0000029	ZFS:0000034	ACeV [EXACT] | rostral cerebral vein [EXACT]
ZFA:0001068	mesencephalic artery	structure	5	ZFA:0000005		ZFS:0000033	ZFS:0000000	MsA [EXACT]
ZFA:0001069	ventral fin fold	structure	3	ZFA:0001488	ZFA:0000040	ZFS:0000028	ZFS:0000037	anal fin fold [EXACT] | tail fin fold [EXACT] | ventral fin [EXACT]
ZFA:0001070	presumptive pronephric mesoderm	structure	4	ZFA:0001116	ZFA:0001206	ZFS:0000022	ZFS:0000022	nephron primordium [EXACT]
ZFA:0001071	presumptive neural retina	structure	3	ZFA:0001477	ZFA:0001202	ZFS:0000028	ZFS:0000029	inner layer optic cup [EXACT] | presumptive retinas [EXACT]
ZFA:0001072	thyroid follicle	structure	3	ZFA:0001477	ZFA:0001158	ZFS:0000033	ZFS:0000044	thyroid follicles [EXACT]
ZFA:0001073	axial vasculature	structure	4	ZFA:0005249		ZFS:0000028	ZFS:0000044	
ZFA:0001074	taste bud	structure	3	ZFA:0001488	ZFA:0001101	ZFS:0000035	ZFS:0000044	taste buds [EXACT]
ZFA:0001075	choroidal fissure	structure	2	ZFA:0001643	ZFA:0000008	ZFS:0000029	ZFS:0000044	choroidal fissures [EXACT]
ZFA:0001076	intestinal bulb	structure	3	ZFA:0001488	ZFA:0001338	ZFS:0000032	ZFS:0000044	 pseudogaster  [EXACT] | anterior intestine [EXACT] | foregut [RELATED]
ZFA:0001077	thymus primordium	structure	4	ZFA:0001486	ZFA:0001159	ZFS:0000030	ZFS:0000035	thymic rudiment [EXACT]
ZFA:0001078	thymus	structure	3	ZFA:0000496	ZFA:0001159	ZFS:0000035	ZFS:0000044	
ZFA:0001079	blood vasculature	structure	4	ZFA:0001490;ZFA:0005249		ZFS:0000027	ZFS:0000044	blood vessel [RELATED]
ZFA:0001080	sclerotome	structure	3	ZFA:0001477		ZFS:0000023	ZFS:0000034	sclerotomes [EXACT]
ZFA:0001081	thyroid primordium	structure	3	ZFA:0001477	ZFA:0001158	ZFS:0000030	ZFS:0000033	thyroid primordia [EXACT]
ZFA:0001082	chordo neural hinge	structure	3	ZFA:0001477	ZFA:0000077	ZFS:0000023	ZFS:0000029	
ZFA:0001083	ventricular zone	structure	5	ZFA:0000098	ZFA:0001261	ZFS:0000029	ZFS:0000044	ventricular zones [EXACT]
ZFA:0001084	epaxial myotome region	structure	4	ZFA:0005145	ZFA:0001056	ZFS:0000024	ZFS:0000034	epaxial myotome regions [EXACT]
ZFA:0001085	hypaxial myotome region	structure	4	ZFA:0005145	ZFA:0001056	ZFS:0000024	ZFS:0000034	hypaxial muscle [EXACT]
ZFA:0001086	muscle pioneer	cell	4	ZFA:0009114	ZFA:0000155	ZFS:0000024	ZFS:0000034	muscle pioneers [EXACT] | non migratory adaxial cells [EXACT]
ZFA:0001089	myoseptum	structure	3	ZFA:0000382	ZFA:0001056	ZFS:0000023	ZFS:0000044	myocommata [EXACT] | myosepta [EXACT]
ZFA:0001093	unspecified	structure	1	ZFA:0100000		ZFS:0000001	ZFS:0000044	
ZFA:0001094	whole organism	structure	2	ZFA:0000037		ZFS:0000001	ZFS:0000044	multi-cellular organism [EXACT]
ZFA:0001095	immature macula	structure	4	ZFA:0007070	ZFA:0000051	ZFS:0000028	ZFS:0000036	immature maculae [EXACT] | immature sensory patch [EXACT] | immature sensory patches [EXACT]
ZFA:0001096	immature anterior macula	structure	5	ZFA:0007070	ZFA:0001095	ZFS:0000028	ZFS:0000036	immature anterior maculae [EXACT]
ZFA:0001097	immature posterior macula	structure	5	ZFA:0007070	ZFA:0001095	ZFS:0000028	ZFS:0000036	immature posterior maculae [EXACT]
ZFA:0001098	immature hair cell anterior macula	cell	6	ZFA:0009366	ZFA:0001096	ZFS:0000028	ZFS:0000036	immature sensory hair cells anterior macula [EXACT]
ZFA:0001099	immature hair cell posterior macula	cell	6	ZFA:0009366	ZFA:0001097	ZFS:0000028	ZFS:0000036	immature sensory hair cells posterior macula [EXACT]
ZFA:0001100	hepatic duct	structure	5	ZFA:0005162	ZFA:0000036	ZFS:0000032	ZFS:0000044	
ZFA:0001101	gustatory system	structure	5	ZFA:0000282		ZFS:0000029	ZFS:0000044	
ZFA:0001104	pharyngeal endoderm	structure	4	ZFA:0000017	ZFA:0000056	ZFS:0000025	ZFS:0000030	
ZFA:0001105	embryonic structure	structure	2	ZFA:0000037	ZFA:0001094	ZFS:0000001	ZFS:0000038	embryonic structures [EXACT]
ZFA:0001106	pharyngeal pouch	structure	3	ZFA:0001488	ZFA:0000056;ZFA:0001306	ZFS:0000026	ZFS:0000000	pharyngeal pouches [EXACT]
ZFA:0001107	internal gill bud	structure	3	ZFA:0001477	ZFA:0000056	ZFS:0000036	ZFS:0000000	internal gill buds [EXACT]
ZFA:0001108	anterior commissure	structure	5	ZFA:0000597		ZFS:0000029	ZFS:0000044	commissura anterior [EXACT] | commissura rostral [EXACT] | rostral commissure [EXACT]
ZFA:0001109	oocyte	cell	4	ZFA:0009016	ZFA:0001110	ZFS:0000042	ZFS:0000044	egg [RELATED]
ZFA:0001110	ovarian follicle	structure	3	ZFA:0001488	ZFA:0000403	ZFS:0000042	ZFS:0000044	egg follicle [EXACT]
ZFA:0001111	zona radiata	structure	3	ZFA:0000382	ZFA:0001110	ZFS:0000000	ZFS:0000044	vitelline envelope [EXACT]
ZFA:0001112	granulosa cell layer	structure	3	ZFA:0001477	ZFA:0001110	ZFS:0000000	ZFS:0000044	granulosa cell layers [EXACT]
ZFA:0001113	thecal cell layer	structure	3	ZFA:0001488	ZFA:0001110	ZFS:0000000	ZFS:0000044	thecal cell layers [EXACT]
ZFA:0001114	head	structure	3	ZFA:0001308		ZFS:0000022	ZFS:0000044	
ZFA:0001115	trunk	structure	3	ZFA:0001308		ZFS:0000022	ZFS:0000044	
ZFA:0001116	presumptive structure	structure	3	ZFA:0001105		ZFS:0000014	ZFS:0000032	presumptive structures [EXACT]
ZFA:0001117	post-vent region	structure	3	ZFA:0001308		ZFS:0000028	ZFS:0000044	tail [RELATED]
ZFA:0001118	urogenital papilla	structure	4	ZFA:0000292	ZFA:0000632	ZFS:0000038	ZFS:0000044	anal papilla [EXACT] | anal papillae [EXACT] | genital papilla [EXACT] | UGP [EXACT] | urogenital papillae [EXACT]
ZFA:0001119	dermis	structure	3	ZFA:0001488	ZFA:0000368	ZFS:0000029	ZFS:0000044	
ZFA:0001120	neuroectoderm	structure	3	ZFA:0001477	ZFA:0000016	ZFS:0000020	ZFS:0000038	neural ectoderm [EXACT] | neurectoderm [EXACT]
ZFA:0001121	presumptive shield	structure	4	ZFA:0001116		ZFS:0000016	ZFS:0000018	
ZFA:0001122	primary germ layer	structure	3	ZFA:0001477		ZFS:0000020	ZFS:0000038	embryonic germ layers [EXACT]
ZFA:0001123	axial fin skeleton	structure	6	ZFA:0000317		ZFS:0000032	ZFS:0000044	median fin skeleton [EXACT] | unpaired fin skeleton [EXACT]
ZFA:0001124	dorsal fin skeleton	structure	7	ZFA:0001123	ZFA:0001173	ZFS:0000039	ZFS:0000044	
ZFA:0001125	organizer inducing center	structure	3	ZFA:0001477	ZFA:0000088	ZFS:0000012	ZFS:0000019	Nieuwkoop center [EXACT]
ZFA:0001126	noninvoluting endocytic marginal cell cluster	structure	3	ZFA:0001477	ZFA:0000038	ZFS:0000000	ZFS:0000017	NEM [EXACT] | noninvoluting endocytic marginal cells [EXACT]
ZFA:0001127	visual system	structure	5	ZFA:0000282		ZFS:0000024	ZFS:0000044	
ZFA:0001128	pharyngeal pouch 1	structure	4	ZFA:0001106		ZFS:0000026	ZFS:0000034	pharyngeal pouches 1 [EXACT]
ZFA:0001129	pharyngeal pouches 2-6	structure	4	ZFA:0001106		ZFS:0000027	ZFS:0000000	
ZFA:0001130	pharyngeal pouch 2	structure	5	ZFA:0001129		ZFS:0000027	ZFS:0000000	pharyngeal pouches 2 [EXACT]
ZFA:0001131	pharyngeal pouch 3	structure	5	ZFA:0001129		ZFS:0000028	ZFS:0000000	pharyngeal pouches 3 [EXACT]
ZFA:0001132	pharyngeal pouch 6	structure	5	ZFA:0001129		ZFS:0000028	ZFS:0000000	pharyngeal pouches 6 [EXACT]
ZFA:0001133	pharyngeal pouch 5	structure	5	ZFA:0001129		ZFS:0000028	ZFS:0000000	pharyngeal pouches 5 [EXACT]
ZFA:0001134	pharyngeal pouch 4	structure	5	ZFA:0001129		ZFS:0000028	ZFS:0000000	pharyngeal pouches 4 [EXACT]
ZFA:0001135	neural tube	structure	3	ZFA:0001477		ZFS:0000025	ZFS:0000029	presumptive central nervous system [RELATED]
ZFA:0001136	hypodermis	structure	3	ZFA:0001477	ZFA:0000368	ZFS:0000040	ZFS:0000044	subcutis [EXACT]
ZFA:0001137	ventral tooth row	structure	5	ZFA:0001642		ZFS:0000033	ZFS:0000044	ventral tooth rows [EXACT]
ZFA:0001138	vestibuloauditory system	structure	5	ZFA:0000282		ZFS:0000022	ZFS:0000044	
ZFA:0001139	mediodorsal tooth row	structure	5	ZFA:0001642		ZFS:0000000	ZFS:0000044	mediodorsal tooth rows [EXACT]
ZFA:0001140	dorsal tooth row	structure	5	ZFA:0001642		ZFS:0000000	ZFS:0000044	dorsal tooth rows [EXACT]
ZFA:0001141	tooth 1V	structure	5	ZFA:0005851	ZFA:0001137	ZFS:0000000	ZFS:0000044	
ZFA:0001142	tooth 5V	structure	5	ZFA:0005851	ZFA:0001137	ZFS:0000035	ZFS:0000000	
ZFA:0001143	tooth 4V	structure	5	ZFA:0005851	ZFA:0001137	ZFS:0000033	ZFS:0000000	
ZFA:0001144	tooth 2V	structure	5	ZFA:0005851	ZFA:0001137	ZFS:0000000	ZFS:0000044	
ZFA:0001145	tooth 3V	structure	5	ZFA:0005851	ZFA:0001137	ZFS:0000035	ZFS:0000000	
ZFA:0001146	tooth 1MD	structure	5	ZFA:0005851	ZFA:0001139	ZFS:0000000	ZFS:0000044	
ZFA:0001147	tooth 2MD	structure	5	ZFA:0005851	ZFA:0001139	ZFS:0000000	ZFS:0000044	
ZFA:0001148	tooth 1D	structure	5	ZFA:0005851	ZFA:0001140	ZFS:0000000	ZFS:0000044	
ZFA:0001149	olfactory system	structure	5	ZFA:0000282		ZFS:0000025	ZFS:0000044	
ZFA:0001150	tooth 2D	structure	5	ZFA:0005851	ZFA:0001140	ZFS:0000000	ZFS:0000044	
ZFA:0001151	tooth 4MD	structure	5	ZFA:0005851	ZFA:0001139	ZFS:0000000	ZFS:0000044	
ZFA:0001152	tooth 3MD	structure	5	ZFA:0005851	ZFA:0001139	ZFS:0000000	ZFS:0000044	
ZFA:0001153	tooth placode	structure	3	ZFA:0001477	ZFA:0001174	ZFS:0000033	ZFS:0000000	dental primordium [EXACT] | tooth germ [EXACT]
ZFA:0001154	anal fin musculature	structure	5	ZFA:0000207	ZFA:0001162	ZFS:0000000	ZFS:0000044	
ZFA:0001155	enteric nervous system	structure	4	ZFA:0001574	ZFA:0000112	ZFS:0000033	ZFS:0000044	
ZFA:0001156	posterior lateral line placode	structure	5	ZFA:0001310	ZFA:0001471	ZFS:0000025	ZFS:0000028	posterior lateral line placodes [EXACT]
ZFA:0001157	posterior lateral line primordium	structure	4	ZFA:0000228	ZFA:0001471	ZFS:0000027	ZFS:0000036	posterior lateral line primordia [EXACT]
ZFA:0001158	endocrine system	structure	4	ZFA:0001439		ZFS:0000025	ZFS:0000044	
ZFA:0001159	immune system	structure	4	ZFA:0001439		ZFS:0000025	ZFS:0000044	
ZFA:0001161	pectoral fin	structure	6	ZFA:0005596		ZFS:0000030	ZFS:0000044	forefin [EXACT] | pectoral fins [EXACT]
ZFA:0001162	anal fin	structure	4	ZFA:0005597	ZFA:0001117	ZFS:0000000	ZFS:0000044	
ZFA:0001163	supraneural 7	structure	8	ZFA:0001397		ZFS:0000040	ZFS:0000044	
ZFA:0001164	supraneural 6	structure	8	ZFA:0001397		ZFS:0000040	ZFS:0000044	sn6 [EXACT]
ZFA:0001165	supraneural 5	structure	8	ZFA:0001397		ZFS:0000040	ZFS:0000044	sn5 [EXACT]
ZFA:0001166	supraneural 9	structure	8	ZFA:0001397		ZFS:0000040	ZFS:0000044	
ZFA:0001167	vertebra 1	structure	6	ZFA:0001190		ZFS:0000039	ZFS:0000044	cervical vertebra 1 [EXACT]
ZFA:0001168	vertebra 2	structure	6	ZFA:0001190		ZFS:0000039	ZFS:0000044	cervical vertebra 2 [EXACT]
ZFA:0001169	vertebra 3	structure	6	ZFA:0001190		ZFS:0000039	ZFS:0000044	
ZFA:0001170	vertebra 4	structure	6	ZFA:0001190		ZFS:0000039	ZFS:0000044	
ZFA:0001171	os suspensorium	structure	5	ZFA:0001591;ZFA:0001636	ZFA:0000461;ZFA:0001170	ZFS:0000039	ZFS:0000044	
ZFA:0001172	roofing cartilage	structure	6	ZFA:0001457	ZFA:0001191;ZFA:0001192	ZFS:0000039	ZFS:0000041	
ZFA:0001173	dorsal fin	structure	6	ZFA:0005597		ZFS:0000000	ZFS:0000044	
ZFA:0001174	pharyngeal epithelium	structure	4	ZFA:0001495	ZFA:0000056	ZFS:0000030	ZFS:0000044	
ZFA:0001175	blastodisc	structure	3	ZFA:0001105		ZFS:0000001	ZFS:0000015	
ZFA:0001176	blastoderm	structure	3	ZFA:0001105		ZFS:0000016	ZFS:0000022	
ZFA:0001177	roof plate spinal cord region	structure	3	ZFA:0001477	ZFA:0000075;ZFA:0007058	ZFS:0000029	ZFS:0000043	
ZFA:0001178	non neural ectoderm	structure	3	ZFA:0001477	ZFA:0000016	ZFS:0000020	ZFS:0000027	ventral ectoderm [EXACT]
ZFA:0001179	epidermal superficial stratum	structure	3	ZFA:0001477	ZFA:0000105	ZFS:0000029	ZFS:0000044	
ZFA:0001180	epidermal basal stratum	structure	3	ZFA:0001477	ZFA:0000105	ZFS:0000029	ZFS:0000044	basal epidermal layer [EXACT]
ZFA:0001181	epidermal intermediate stratum	structure	3	ZFA:0001477	ZFA:0000105	ZFS:0000041	ZFS:0000044	
ZFA:0001182	dermal deep region	structure	3	ZFA:0001477	ZFA:0001119	ZFS:0000041	ZFS:0000044	stratum compactum [EXACT]
ZFA:0001183	dermal superficial region	structure	3	ZFA:0001488	ZFA:0001119	ZFS:0000042	ZFS:0000044	stratum laxum [EXACT]
ZFA:0001184	pelvic fin	structure	6	ZFA:0005596		ZFS:0000042	ZFS:0000044	pelvic fins [EXACT]
ZFA:0001185	periderm	structure	4	ZFA:0001486	ZFA:0000016	ZFS:0000022	ZFS:0000028	EVL [RELATED]
ZFA:0001186	collagenous dermal stroma	structure	3	ZFA:0000382	ZFA:0001119	ZFS:0000029	ZFS:0000041	primary dermal stroma [EXACT]
ZFA:0001187	presumptive midbrain hindbrain boundary	structure	3	ZFA:0001105	ZFA:0000146	ZFS:0000020	ZFS:0000020	presumptive midbrain-hindbrain boundary [EXACT]
ZFA:0001188	Weberian apparatus	structure	4	ZFA:0001478	ZFA:0001559	ZFS:0000039	ZFS:0000044	
ZFA:0001189	vertebra	structure	5	ZFA:0001591	ZFA:0001559	ZFS:0000035	ZFS:0000044	vertebrae [EXACT]
ZFA:0001190	Weberian vertebra	structure	5	ZFA:0000263	ZFA:0001188	ZFS:0000039	ZFS:0000044	Weberian vertebrae [EXACT]
ZFA:0001191	supraneural 2	structure	5	ZFA:0000442	ZFA:0001363	ZFS:0000039	ZFS:0000044	small supraneural [EXACT] | sn2 [EXACT]
ZFA:0001192	supraneural 3	structure	5	ZFA:0000442	ZFA:0001363	ZFS:0000039	ZFS:0000044	large supraneural [EXACT] | sn3 [EXACT]
ZFA:0001193	supraneural 8	structure	8	ZFA:0001397		ZFS:0000040	ZFS:0000044	
ZFA:0001194	cranial neural crest	structure	4	ZFA:0000045		ZFS:0000023	ZFS:0000029	
ZFA:0001195	pars anterior	structure	3	ZFA:0001477	ZFA:0001282	ZFS:0000000	ZFS:0000044	pars distalis [EXACT]
ZFA:0001197	pars intermedia	structure	3	ZFA:0001477	ZFA:0001282	ZFS:0000000	ZFS:0000044	
ZFA:0001198	adenohypophyseal placode	structure	3	ZFA:0001477		ZFS:0000000	ZFS:0000034	pituitary placode [EXACT]
ZFA:0001199	infundibulum	structure	3	ZFA:0001488	ZFA:0001271	ZFS:0000000	ZFS:0000044	hypophysial stalk [EXACT] | infundibulum of hypothalamus [EXACT] | pituitary stalk [EXACT]
ZFA:0001200	corpuscles of Stannius	structure	3	ZFA:0001477		ZFS:0000027	ZFS:0000044	
ZFA:0001201	ventral lateral mesoderm	structure	5	ZFA:0000041	ZFA:0000083	ZFS:0000021	ZFS:0000029	
ZFA:0001202	optic cup	structure	3	ZFA:0001488	ZFA:0001678	ZFS:0000027	ZFS:0000029	eye cup [EXACT]
ZFA:0001203	ciliary zone	structure	3	ZFA:0001488	ZFA:0005566	ZFS:0000042	ZFS:0000044	ciliary bodies [RELATED] | ciliary body [RELATED] | ciliary epithelial zone [EXACT]
ZFA:0001204	axial mesoderm	structure	5	ZFA:0000041		ZFS:0000020	ZFS:0000029	
ZFA:0001205	Meckel's cartilage	structure	5	ZFA:0001460	ZFA:0001273	ZFS:0000033	ZFS:0000044	ventral mandibular cartilage [EXACT]
ZFA:0001206	intermediate mesoderm	structure	5	ZFA:0000041		ZFS:0000022	ZFS:0000029	IM [EXACT]
ZFA:0001207	presumptive rhombomere 1	structure	3	ZFA:0001105	ZFA:0007029	ZFS:0000022	ZFS:0000024	
ZFA:0001208	presumptive rhombomere 2	structure	3	ZFA:0001105	ZFA:0007029	ZFS:0000022	ZFS:0000024	
ZFA:0001209	presumptive rhombomere 7	structure	3	ZFA:0001105	ZFA:0007029	ZFS:0000022	ZFS:0000024	
ZFA:0001210	presumptive rhombomere 6	structure	3	ZFA:0001105	ZFA:0007029	ZFS:0000022	ZFS:0000024	
ZFA:0001211	presumptive rhombomere 5	structure	3	ZFA:0001105	ZFA:0007029	ZFS:0000022	ZFS:0000024	
ZFA:0001212	presumptive rhombomere 4	structure	3	ZFA:0001105	ZFA:0007029	ZFS:0000022	ZFS:0000024	
ZFA:0001213	presumptive rhombomere 3	structure	3	ZFA:0001105	ZFA:0007029	ZFS:0000022	ZFS:0000024	
ZFA:0001214	presumptive rhombomere 8	structure	3	ZFA:0001105	ZFA:0007029	ZFS:0000022	ZFS:0000024	
ZFA:0001215	thalamus	structure	3	ZFA:0001488	ZFA:0000101	ZFS:0000000	ZFS:0000044	thalami [EXACT]
ZFA:0001216	splanchnocranium	structure	4	ZFA:0001478	ZFA:0000737	ZFS:0000025	ZFS:0000044	pharyngeal arch skeleton [EXACT] | pharyngeal skeleton [EXACT]
ZFA:0001217	presumptive hypochord	structure	4	ZFA:0001116		ZFS:0000020	ZFS:0000024	
ZFA:0001218	presumptive floor plate	structure	3	ZFA:0001105	ZFA:0000132	ZFS:0000020	ZFS:0000023	
ZFA:0001220	copula	structure	5	ZFA:0001460	ZFA:0000095	ZFS:0000032	ZFS:0000044	copulae [EXACT]
ZFA:0001221	copula 1	structure	6	ZFA:0001220		ZFS:0000032	ZFS:0000044	anterior copula [EXACT]
ZFA:0001222	copula 2	structure	6	ZFA:0001220		ZFS:0000039	ZFS:0000000	posterior copula [EXACT]
ZFA:0001223	basibranchial 1	structure	6	ZFA:0000170		ZFS:0000040	ZFS:0000044	
ZFA:0001224	basibranchial 2	structure	6	ZFA:0000170		ZFS:0000040	ZFS:0000044	
ZFA:0001225	basibranchial 3	structure	6	ZFA:0000170		ZFS:0000040	ZFS:0000044	
ZFA:0001226	basibranchial 4	structure	6	ZFA:0000170		ZFS:0000041	ZFS:0000044	
ZFA:0001227	mandibular arch skeleton	structure	4	ZFA:0001478	ZFA:0001216;ZFA:0001612	ZFS:0000000	ZFS:0000044	jaw [EXACT] | jaw cartilage [EXACT] | jaws [EXACT] | oral jaw skeleton [EXACT] | pharyngeal arch 1 skeleton [EXACT]
ZFA:0001228	pharyngeal arch 3 skeleton	structure	4	ZFA:0001478	ZFA:0000095;ZFA:0001606	ZFS:0000000	ZFS:0000044	branchial arch 1 skeleton [EXACT] | gill arch 1 skeleton [EXACT] | visceral arch 3 skeleton [EXACT]
ZFA:0001229	pharyngeal arch 7 skeleton	structure	4	ZFA:0001478	ZFA:0000095;ZFA:0001610	ZFS:0000000	ZFS:0000044	branchial arch 5 skeleton [EXACT] | gill arch 5 skeleton [EXACT] | visceral arch 7 skeleton [EXACT]
ZFA:0001230	pharyngeal arch 6 skeleton	structure	4	ZFA:0001478	ZFA:0000095;ZFA:0001609	ZFS:0000000	ZFS:0000044	branchial arch 4 skeleton [EXACT] | gill arch 4 skeleton [EXACT] | visceral arch 6 skeleton [EXACT]
ZFA:0001231	pharyngeal arch 4 skeleton	structure	4	ZFA:0001478	ZFA:0000095;ZFA:0001607	ZFS:0000000	ZFS:0000044	branchial arch 2 skeleton [EXACT] | gill arch 2 skeleton [EXACT] | visceral arch 4 skeleton [EXACT]
ZFA:0001232	pharyngeal arch 5 skeleton	structure	4	ZFA:0001478	ZFA:0000095;ZFA:0001608	ZFS:0000000	ZFS:0000044	branchial arch 3 skeleton [EXACT] | gill arch 3 skeleton [EXACT] | visceral arch 5 skeleton [EXACT]
ZFA:0001233	hypobranchial 1 bone	structure	5	ZFA:0000363	ZFA:0001228	ZFS:0000000	ZFS:0000044	hypobranchial 1 bones [EXACT]
ZFA:0001234	hypobranchial 4 bone	structure	5	ZFA:0000363	ZFA:0001230	ZFS:0000000	ZFS:0000044	hypobranchial 4 bones [EXACT]
ZFA:0001235	hypobranchial 3 bone	structure	5	ZFA:0000363	ZFA:0001232	ZFS:0000000	ZFS:0000044	hypobranchial 3 bones [EXACT]
ZFA:0001236	hypobranchial 2 bone	structure	5	ZFA:0000363	ZFA:0001231	ZFS:0000000	ZFS:0000044	hypobranchial 2 bones [EXACT]
ZFA:0001237	ceratobranchial 1 bone	structure	5	ZFA:0000488	ZFA:0001228	ZFS:0000040	ZFS:0000044	
ZFA:0001238	iris	structure	3	ZFA:0001488	ZFA:0005566	ZFS:0000000	ZFS:0000044	irises [EXACT]
ZFA:0001239	ceratobranchial 5 bone	structure	5	ZFA:0000488	ZFA:0001229	ZFS:0000033	ZFS:0000044	
ZFA:0001240	ceratobranchial 4 bone	structure	5	ZFA:0000488	ZFA:0001230	ZFS:0000040	ZFS:0000044	
ZFA:0001241	ceratobranchial 3 bone	structure	5	ZFA:0000488	ZFA:0001232	ZFS:0000040	ZFS:0000044	
ZFA:0001242	ceratobranchial 2 bone	structure	5	ZFA:0000488	ZFA:0001231	ZFS:0000040	ZFS:0000044	
ZFA:0001243	epibranchial 1 bone	structure	5	ZFA:0000658	ZFA:0001228	ZFS:0000041	ZFS:0000044	
ZFA:0001244	epibranchial 5	structure	5	ZFA:0001527	ZFA:0001229	ZFS:0000000	ZFS:0000044	interbranchial IV [EXACT]
ZFA:0001245	epibranchial 4 bone	structure	5	ZFA:0000658	ZFA:0001230	ZFS:0000040	ZFS:0000044	
ZFA:0001246	epibranchial 2 bone	structure	5	ZFA:0000658	ZFA:0001231	ZFS:0000041	ZFS:0000044	
ZFA:0001247	epibranchial 3 bone	structure	5	ZFA:0000658	ZFA:0001232	ZFS:0000040	ZFS:0000044	infrapharyngobranchial 3 [EXACT]
ZFA:0001249	exocrine pancreas	structure	3	ZFA:0001488	ZFA:0000140	ZFS:0000033	ZFS:0000044	head pancreas [RELATED] | rostral pancreas [RELATED]
ZFA:0001250	pharyngobranchial 2 bone	structure	5	ZFA:0000527	ZFA:0001231	ZFS:0000042	ZFS:0000044	infrapharyngobranchial 2 [EXACT]
ZFA:0001251	pharyngobranchial 4 cartilage	structure	5	ZFA:0001533	ZFA:0001230	ZFS:0000040	ZFS:0000044	infrapharyngobranchial 4 cartilage [EXACT] | infrapharyngobranchials [EXACT]
ZFA:0001252	pharyngobranchial 3 bone	structure	5	ZFA:0000527	ZFA:0001232	ZFS:0000041	ZFS:0000044	pharyngobranchial 3 bones [EXACT]
ZFA:0001256	lateral floor plate	structure	3	ZFA:0001477	ZFA:0000022	ZFS:0000024	ZFS:0000043	
ZFA:0001257	medial floor plate	structure	3	ZFA:0001477	ZFA:0000022	ZFS:0000024	ZFS:0000043	
ZFA:0001258	floor plate rhombomere region	structure	3	ZFA:0001488	ZFA:0000022;ZFA:0000029	ZFS:0000025	ZFS:0000043	floor plate hindbrain region [RELATED]
ZFA:0001259	forebrain ventricle	structure	3	ZFA:0001488	ZFA:0000109;ZFA:0001261	ZFS:0000026	ZFS:0000000	forebrain vesicle [EXACT] | prosencephalic ventricle [EXACT]
ZFA:0001260	endocrine pancreas	structure	4	ZFA:0001489	ZFA:0000140	ZFS:0000033	ZFS:0000044	pancreatic islet [RELATED] | tail pancreas [RELATED]
ZFA:0001261	ventricular system	structure	4	ZFA:0001439	ZFA:0000012	ZFS:0000025	ZFS:0000044	
ZFA:0001262	gonad primordium	structure	3	ZFA:0001477	ZFA:0000632	ZFS:0000000	ZFS:0000039	gonadal primordium [EXACT] | undifferentiated gonad [EXACT]
ZFA:0001263	ovarian follicle stage I	structure	4	ZFA:0001110		ZFS:0000042	ZFS:0000044	ovarian follicle stage 1 [EXACT] | previtellogenic ovarian follicle [EXACT]
ZFA:0001264	ovarian follicle stage IV	structure	4	ZFA:0001110		ZFS:0000042	ZFS:0000044	mature ovarian follicle [EXACT] | ovarian follicle stage 4 [EXACT]
ZFA:0001265	ovarian follicle stage II	structure	4	ZFA:0001110		ZFS:0000042	ZFS:0000044	ovarian follicle stage 2 [EXACT] | ovarian follicles stage II [EXACT]
ZFA:0001266	ovarian follicle stage III	structure	4	ZFA:0001110		ZFS:0000042	ZFS:0000044	ovarian follicle stage 3 [EXACT] | ovarian follicles stage III [EXACT]
ZFA:0001267	cranial vasculature	structure	4	ZFA:0005249	ZFA:0001114	ZFS:0000029	ZFS:0000044	head vasculature [EXACT]
ZFA:0001268	sperm duct	structure	4	ZFA:0005171	ZFA:0000598	ZFS:0000000	ZFS:0000044	efferent duct [EXACT] | efferent tubule [EXACT] | sperm ducts [EXACT]
ZFA:0001269	regenerating fin	structure	5	ZFA:0000108		ZFS:0000000	ZFS:0000044	regenerating fins [EXACT]
ZFA:0001270	blastema	structure	4	ZFA:0005147	ZFA:0001269	ZFS:0000000	ZFS:0000044	regeneration blastema [EXACT]
ZFA:0001271	neurohypophysis	structure	3	ZFA:0001488	ZFA:0000118	ZFS:0000000	ZFS:0000044	posterior pituitary [EXACT]
ZFA:0001272	palatoquadrate arch	structure	4	ZFA:0001478	ZFA:0000444;ZFA:0000590;ZFA:0001227	ZFS:0000000	ZFS:0000044	dorsal mandibular arch [EXACT] | dorsal visceral arch 1 [EXACT] | upper jaw [EXACT] | upper pharyngeal jaw [EXACT]
ZFA:0001273	ventral mandibular arch	structure	4	ZFA:0001478	ZFA:0000590;ZFA:0001227	ZFS:0000033	ZFS:0000044	lower jaw [EXACT] | mandible [EXACT] | mandibular series [EXACT]
ZFA:0001274	coronomeckelian	structure	5	ZFA:0001590	ZFA:0000863;ZFA:0001273	ZFS:0000000	ZFS:0000044	coronoid [RELATED] | sesamoid articular [EXACT]
ZFA:0001276	pharyngeal arch 2 skeleton	structure	4	ZFA:0001478	ZFA:0001216;ZFA:0001611	ZFS:0000000	ZFS:0000044	hyoid bars [EXACT]
ZFA:0001277	anterior chamber swim bladder	structure	3	ZFA:0001488	ZFA:0000076	ZFS:0000040	ZFS:0000044	camera arerea weberiana [EXACT]
ZFA:0001278	posterior chamber swim bladder	structure	3	ZFA:0001488	ZFA:0000076	ZFS:0000000	ZFS:0000044	
ZFA:0001279	branchiostegal ray 1	structure	6	ZFA:0000476		ZFS:0000000	ZFS:0000044	branchiostegal rays 1 [EXACT]
ZFA:0001280	branchiostegal ray 3	structure	6	ZFA:0000476		ZFS:0000000	ZFS:0000044	branchiostegal rays 3 [EXACT]
ZFA:0001281	branchiostegal ray 2	structure	6	ZFA:0000476		ZFS:0000000	ZFS:0000044	branchiostegal rays 2 [EXACT]
ZFA:0001282	adenohypophysis	structure	3	ZFA:0001488	ZFA:0000118	ZFS:0000033	ZFS:0000044	anterior hypophysis [EXACT] | anterior pituitary [EXACT]
ZFA:0001283	pupil	structure	2	ZFA:0001643	ZFA:0000107	ZFS:0000000	ZFS:0000044	pupils [EXACT]
ZFA:0001284	optic fissure	structure	3	ZFA:0001690	ZFA:0001202	ZFS:0000028	ZFS:0000029	choroid fissure [RELATED] | optic fissures [EXACT]
ZFA:0001285	intersegmental vessel	structure	4	ZFA:0005314	ZFA:0005024;ZFA:0005037	ZFS:0000029	ZFS:0000000	intersegmental vessels [EXACT] | intersomitic vessels [EXACT] | segmental vessel [EXACT]
ZFA:0001286	caudal vein plexus	structure	6	ZFA:0005932		ZFS:0000029	ZFS:0000039	
ZFA:0001287	renal tubule	structure	5	ZFA:0005289	ZFA:0005282	ZFS:0000039	ZFS:0000044	mesonephric tubule [EXACT] | renal tubules [EXACT]
ZFA:0001288	renal glomerulus	structure	3	ZFA:0001488	ZFA:0005281	ZFS:0000039	ZFS:0000044	glomerular capillary tuft [RELATED] | renal glomeruli [EXACT]
ZFA:0001289	ciliary marginal zone	structure	4	ZFA:0000098	ZFA:0000152	ZFS:0000033	ZFS:0000044	circumferential germinal zone [EXACT] | CMZ [EXACT] | peripheral growth zone [EXACT] | retinal ciliary marginal zone [EXACT] | retinal proliferative zone [RELATED]
ZFA:0001290	stomodeum	structure	4	ZFA:0000292	ZFA:0000112;ZFA:0000590	ZFS:0000027	ZFS:0000000	oral ectoderm [RELATED]
ZFA:0001291	facial ganglion	structure	6	ZFA:0001555		ZFS:0000000	ZFS:0000044	geniculate ganglion [EXACT] | gVII [EXACT]
ZFA:0001292	epiphyseal stalk	structure	3	ZFA:0001477	ZFA:0001359	ZFS:0000043	ZFS:0000044	pineal stalk [EXACT]
ZFA:0001293	posterior kidney	structure	3	ZFA:0000496	ZFA:0000529	ZFS:0000038	ZFS:0000044	posterior kidneys [EXACT]
ZFA:0001294	epibranchial placode	structure	4	ZFA:0001309	ZFA:0000142	ZFS:0000029	ZFS:0000000	epibranchial placodes [EXACT]
ZFA:0001295	facial placode	structure	5	ZFA:0001294		ZFS:0000029	ZFS:0000000	geniculate placode [EXACT]
ZFA:0001296	glossopharyngeal placode	structure	5	ZFA:0001294		ZFS:0000029	ZFS:0000000	petrosal placode [EXACT]
ZFA:0001297	vagal placode 1	structure	5	ZFA:0001294		ZFS:0000029	ZFS:0000000	
ZFA:0001298	vagal placode 2	structure	5	ZFA:0001294		ZFS:0000029	ZFS:0000000	
ZFA:0001299	vagal placode 3	structure	5	ZFA:0001294		ZFS:0000029	ZFS:0000000	
ZFA:0001300	vagal placode 4	structure	5	ZFA:0001294		ZFS:0000029	ZFS:0000000	
ZFA:0001301	glossopharyngeal ganglion	structure	6	ZFA:0001555		ZFS:0000000	ZFS:0000044	gIX [EXACT] | petrosal ganglion [EXACT]
ZFA:0001302	vagal ganglion 1	structure	7	ZFA:0007067		ZFS:0000000	ZFS:0000044	gX1 [EXACT] | nodose ganglion 1 [EXACT]
ZFA:0001303	vagal ganglion 2	structure	7	ZFA:0007067		ZFS:0000000	ZFS:0000044	gX2 [EXACT] | nodose ganglion 2 [EXACT]
ZFA:0001304	vagal ganglion 3	structure	7	ZFA:0007067		ZFS:0000000	ZFS:0000044	gX3 [EXACT] | nodose ganglion 3 [EXACT]
ZFA:0001305	vagal ganglion 4	structure	7	ZFA:0007067		ZFS:0000000	ZFS:0000044	gX4 [EXACT] | nodose ganglion 4 [EXACT]
ZFA:0001306	pharyngeal arch	structure	3	ZFA:0001488	ZFA:0001114	ZFS:0000025	ZFS:0000044	pharyngeal arches [EXACT]
ZFA:0001307	pharyngeal musculature	structure	4	ZFA:0000328	ZFA:0001306	ZFS:0000000	ZFS:0000044	
ZFA:0001308	organism subdivision	structure	2	ZFA:0000037	ZFA:0001094	ZFS:0000017	ZFS:0000044	body part [EXACT]
ZFA:0001309	neurogenic placode	structure	3	ZFA:0001105	ZFA:0000016	ZFS:0000022	ZFS:0000000	neurogenic placodes [EXACT]
ZFA:0001310	dorsolateral placode	structure	4	ZFA:0001309		ZFS:0000022	ZFS:0000000	dorsolateral placodes [EXACT]
ZFA:0001311	roof plate rhombomere region	structure	3	ZFA:0001477	ZFA:0001064;ZFA:0007058	ZFS:0000025	ZFS:0000043	roof plate hindbrain [RELATED]
ZFA:0001312	dorsal anterior lateral line ganglion	structure	7	ZFA:0001391		ZFS:0000029	ZFS:0000044	anterodorsal lateral line ganglion [EXACT]
ZFA:0001313	ventral anterior lateral line ganglion	structure	7	ZFA:0001391		ZFS:0000029	ZFS:0000044	anteroventral lateral line ganglion [EXACT]
ZFA:0001314	posterior lateral line ganglion	structure	6	ZFA:0000120		ZFS:0000029	ZFS:0000044	pLLg [EXACT] | posterior lateral line ganglia [EXACT]
ZFA:0001315	atrioventricular canal	structure	3	ZFA:0001488	ZFA:0000114	ZFS:0000032	ZFS:0000000	AV canal [EXACT] | AVC [EXACT]
ZFA:0001316	anterior lateral line placode	structure	5	ZFA:0001310	ZFA:0001468	ZFS:0000025	ZFS:0000031	anterior lateral line placodes [EXACT]
ZFA:0001317	endocardial cushion	structure	3	ZFA:0001477	ZFA:0001320	ZFS:0000034	ZFS:0000035	endocardial cushions [EXACT]
ZFA:0001318	cardiac jelly	structure	3	ZFA:0001477	ZFA:0000149	ZFS:0000028	ZFS:0000000	
ZFA:0001319	myocardium	structure	5	ZFA:0005280	ZFA:0000114	ZFS:0000000	ZFS:0000044	cardiac muscle [RELATED] | heart muscle  [RELATED]
ZFA:0001320	endocardium	structure	3	ZFA:0001477	ZFA:0000114	ZFS:0000000	ZFS:0000044	
ZFA:0001321	neurocranial trabecula	structure	5	ZFA:0001461	ZFA:0000351;ZFA:0001580	ZFS:0000032	ZFS:0000000	neurocranial trabeculae [EXACT] | trabecula [EXACT] | trabecular cartilage [EXACT]
ZFA:0001322	dorsoventral diencephalic tract	structure	5	ZFA:0000338		ZFS:0000029	ZFS:0000000	DVDT [EXACT]
ZFA:0001323	mid intestine	structure	3	ZFA:0001488	ZFA:0001338	ZFS:0000030	ZFS:0000044	
ZFA:0001324	enteric musculature	structure	4	ZFA:0000548	ZFA:0000112	ZFS:0000000	ZFS:0000044	gut musculature [EXACT] | tunica muscularis [RELATED]
ZFA:0001325	neural prezygapophysis	structure	6	ZFA:0001591	ZFA:0001066	ZFS:0000000	ZFS:0000044	neural prezygapophyses [EXACT] | neural prezygopophyses [EXACT]
ZFA:0001326	lens epithelium	structure	4	ZFA:0001486	ZFA:0000035	ZFS:0000000	ZFS:0000044	
ZFA:0001327	abdominal musculature	structure	6	ZFA:0000473		ZFS:0000030	ZFS:0000044	
ZFA:0001328	neuromere	structure	3	ZFA:0001308	ZFA:0000012	ZFS:0000025	ZFS:0000044	neural segment [EXACT] | neuromeres [EXACT]
ZFA:0001329	retinal inner plexiform layer	structure	3	ZFA:0001477	ZFA:0000046	ZFS:0000000	ZFS:0000044	inner plexiform layer [EXACT]
ZFA:0001330	retinal outer plexiform layer	structure	3	ZFA:0001477	ZFA:0000046	ZFS:0000000	ZFS:0000044	retinal outer plexiform layers [EXACT]
ZFA:0001331	outer limiting membrane	structure	3	ZFA:0000382	ZFA:0000046	ZFS:0000000	ZFS:0000044	external limiting membrane [EXACT] | outer limiting membranes [EXACT]
ZFA:0001332	spinal neuromere	structure	3	ZFA:0001328;ZFA:0001488	ZFA:0000075	ZFS:0000000	ZFS:0000044	spinal cord segment [EXACT] | spinal neuromeres [EXACT]
ZFA:0001334	presumptive enteric nervous system	structure	4	ZFA:0001116		ZFS:0000029	ZFS:0000032	
ZFA:0001335	supradorsal	structure	6	ZFA:0001457	ZFA:0001066	ZFS:0000000	ZFS:0000044	supradorsals [EXACT]
ZFA:0001336	neural spine	structure	6	ZFA:0001591	ZFA:0001066	ZFS:0000000	ZFS:0000044	neural spines [EXACT]
ZFA:0001338	intestine	structure	4	ZFA:0001490	ZFA:0000112;ZFA:0007116	ZFS:0000030	ZFS:0000044	
ZFA:0001339	nucleus of the tract of the anterior commissure	structure	5	ZFA:0001660		ZFS:0000000	ZFS:0000044	ntAC [EXACT]
ZFA:0001340	nucleus of the tract of the postoptic commissure	structure	4	ZFA:0001659		ZFS:0000025	ZFS:0000044	ntPOC [EXACT]
ZFA:0001341	intervening zone	structure	3	ZFA:0001478	ZFA:0000042	ZFS:0000026	ZFS:0000000	IZ [EXACT]
ZFA:0001342	presumptive intervening zone	structure	3	ZFA:0001105	ZFA:0007023	ZFS:0000022	ZFS:0000025	
ZFA:0001343	telencephalon diencephalon boundary	structure	2	ZFA:0001689	ZFA:0000109	ZFS:0000025	ZFS:0000044	
ZFA:0001344	zona limitans intrathalamica	structure	2	ZFA:0001689	ZFA:0001215	ZFS:0000029	ZFS:0000044	zli [EXACT]
ZFA:0001345	interrenal gland	structure	3	ZFA:0001488	ZFA:0000669	ZFS:0000035	ZFS:0000044	
ZFA:0001346	interrenal primordium	structure	3	ZFA:0001488	ZFA:0000151	ZFS:0000027	ZFS:0000035	
ZFA:0001347	stratum fibrosum et griseum superficiale	structure	3	ZFA:0001477	ZFA:0005907	ZFS:0000038	ZFS:0000044	SFGS [RELATED] | strata fibrosum et griseum superficiales [EXACT]
ZFA:0001348	stratum marginale	structure	3	ZFA:0001477	ZFA:0005907	ZFS:0000038	ZFS:0000044	strata marginale [EXACT] | stratum fibrosum marginale [EXACT]
ZFA:0001349	stratum opticum	structure	3	ZFA:0001477	ZFA:0005907	ZFS:0000038	ZFS:0000044	strata opticum [EXACT]
ZFA:0001350	stratum griseum centrale	structure	3	ZFA:0001477	ZFA:0005907	ZFS:0000038	ZFS:0000044	
ZFA:0001351	stratum album centrale	structure	3	ZFA:0001477	ZFA:0005907	ZFS:0000038	ZFS:0000044	strata album centrales [EXACT]
ZFA:0001355	primitive meninx	structure	3	ZFA:0001488	ZFA:0000396	ZFS:0000000	ZFS:0000044	meninges [EXACT] | meninx primitiva [EXACT]
ZFA:0001356	terminal nerve	structure	5	ZFA:0000641		ZFS:0000029	ZFS:0000044	nervus terminalis [EXACT]
ZFA:0001357	alar plate midbrain region	structure	3	ZFA:0001477	ZFA:0007039	ZFS:0000025	ZFS:0000029	
ZFA:0001358	roof plate diencephalic region	structure	3	ZFA:0001477	ZFA:0000101;ZFA:0007058	ZFS:0000025	ZFS:0000043	
ZFA:0001359	pineal complex	structure	3	ZFA:0001512	ZFA:0000509	ZFS:0000025	ZFS:0000044	
ZFA:0001360	parapineal organ	structure	3	ZFA:0000496	ZFA:0001359	ZFS:0000033	ZFS:0000044	
ZFA:0001361	basiventral	structure	6	ZFA:0001457		ZFS:0000000	ZFS:0000044	arcualia [RELATED]
ZFA:0001362	parapophysis	structure	6	ZFA:0001591	ZFA:0001582	ZFS:0000000	ZFS:0000044	lateral process of basiventral [EXACT] | parapophyses [EXACT] | transverse process [EXACT]
ZFA:0001363	neural complex	structure	4	ZFA:0001478	ZFA:0001188	ZFS:0000039	ZFS:0000044	Weberian supraneural [EXACT]
ZFA:0001364	hemal spine	structure	6	ZFA:0001591	ZFA:0000519	ZFS:0000000	ZFS:0000044	haemal spine [EXACT]
ZFA:0001365	trigeminal motor nucleus	structure	4	ZFA:0001658	ZFA:0000545	ZFS:0000000	ZFS:0000044	motor nucleus V [EXACT] | nV [EXACT]
ZFA:0001366	tract of the postoptic commissure	structure	4	ZFA:0001682	ZFA:0000059	ZFS:0000029	ZFS:0000044	TPOC [EXACT]
ZFA:0001367	forebrain midbrain boundary	structure	2	ZFA:0001689	ZFA:0000008	ZFS:0000026	ZFS:0000044	diencephalic-mesencephalic boundary [EXACT]
ZFA:0001368	presumptive forebrain midbrain boundary	structure	3	ZFA:0001105	ZFA:0000146;ZFA:0007014	ZFS:0000020	ZFS:0000020	
ZFA:0001369	anterior pancreatic bud	structure	4	ZFA:0001390		ZFS:0000031	ZFS:0000034	exocrine anlage [EXACT] | rostral anlage [EXACT] | ventral anterior bud [EXACT] | ventral pancreatic anlage [EXACT]
ZFA:0001370	posterior pancreatic bud	structure	4	ZFA:0001390		ZFS:0000029	ZFS:0000033	caudal anlage [EXACT] | dorsal pancreatic anlage [EXACT] | dorsal posterior bud [RELATED]
ZFA:0001371	pancreatic system	structure	4	ZFA:0001439	ZFA:0000339;ZFA:0001158	ZFS:0000025	ZFS:0000044	
ZFA:0001372	pancreatic duct	structure	5	ZFA:0005162	ZFA:0001371	ZFS:0000031	ZFS:0000044	
ZFA:0001373	migratory slow muscle precursor cell	cell	3	ZFA:0009000	ZFA:0000155	ZFS:0000023	ZFS:0000000	migratory slow muscle precursor cells [EXACT]
ZFA:0001374	atrial myocardium	structure	3	ZFA:0001477	ZFA:0000471;ZFA:0001319	ZFS:0000000	ZFS:0000044	
ZFA:0001375	ventriculo bulbo valve	structure	4	ZFA:0005065	ZFA:0000009;ZFA:0000173	ZFS:0000000	ZFS:0000044	bulboventricular valve [EXACT]
ZFA:0001376	presumptive ectoderm	structure	4	ZFA:0001116		ZFS:0000014	ZFS:0000019	presumptive epidermis [EXACT]
ZFA:0001377	presumptive mesoderm	structure	4	ZFA:0001116		ZFS:0000014	ZFS:0000021	
ZFA:0001378	axial hypoblast	structure	3	ZFA:0001477	ZFA:0000117	ZFS:0000020	ZFS:0000022	
ZFA:0001379	pharyngeal ectoderm	structure	4	ZFA:0000016	ZFA:0000056	ZFS:0000025	ZFS:0000027	
ZFA:0001381	hypohyal bone	structure	5	ZFA:0001591	ZFA:0001402	ZFS:0000000	ZFS:0000044	hypohyals [EXACT]
ZFA:0001382	epibranchial uncinate process	structure	6	ZFA:0001591	ZFA:0000658	ZFS:0000000	ZFS:0000044	epibranchial uncinate processes [EXACT]
ZFA:0001383	fin bud	structure	4	ZFA:0000292		ZFS:0000000	ZFS:0000042	fin buds [EXACT]
ZFA:0001384	pelvic fin bud	structure	5	ZFA:0001383		ZFS:0000040	ZFS:0000042	pelvic fin buds [EXACT]
ZFA:0001385	apical ectodermal ridge pelvic fin bud	structure	6	ZFA:0001702	ZFA:0001384	ZFS:0000040	ZFS:0000000	apical ectodermal ridge pelvic fin buds [EXACT]
ZFA:0001386	mesoderm pelvic fin bud	structure	5	ZFA:0000041	ZFA:0001384	ZFS:0000040	ZFS:0000000	mesoderm pelvic fin buds [EXACT]
ZFA:0001387	pelvic fin skeleton	structure	6	ZFA:0000027	ZFA:0001184	ZFS:0000000	ZFS:0000044	
ZFA:0001388	epithelial mesenchymal boundary	structure	2	ZFA:0001689	ZFA:0001269	ZFS:0000000	ZFS:0000044	epithelial mesenchymal boundarys [EXACT]
ZFA:0001389	regeneration epithelium	structure	4	ZFA:0001486	ZFA:0001269	ZFS:0000000	ZFS:0000044	epidermal cap [EXACT] | wound epidermis [EXACT] | wound epithelium [EXACT]
ZFA:0001390	pancreatic bud	structure	3	ZFA:0001105	ZFA:0001371	ZFS:0000029	ZFS:0000034	pancreatic buds [EXACT]
ZFA:0001391	anterior lateral line ganglion	structure	6	ZFA:0000120		ZFS:0000029	ZFS:0000044	anterior lateral line ganglia [EXACT]
ZFA:0001392	parapophysis 1	structure	7	ZFA:0001362	ZFA:0001167	ZFS:0000000	ZFS:0000044	basipophysis 1 [EXACT] | lateral process 1 [EXACT]
ZFA:0001393	parapophysis 2	structure	7	ZFA:0001362	ZFA:0001168	ZFS:0000000	ZFS:0000044	basipophysis [EXACT] | lateral process 2 [EXACT]
ZFA:0001394	neural arch 3	structure	7	ZFA:0001066	ZFA:0001169	ZFS:0000000	ZFS:0000044	
ZFA:0001395	neural arch 4	structure	7	ZFA:0001066	ZFA:0001170	ZFS:0000000	ZFS:0000044	
ZFA:0001396	parapophysis/rib	structure	6	ZFA:0001591	ZFA:0001170	ZFS:0000000	ZFS:0000044	
ZFA:0001397	post-Weberian supraneural	structure	7	ZFA:0000442		ZFS:0000040	ZFS:0000044	post-Weberian supraneurals [EXACT]
ZFA:0001399	palatoquadrate cartilage	structure	5	ZFA:0001460	ZFA:0001272	ZFS:0000033	ZFS:0000044	dorsal mandibular cartilage [EXACT] | pterygoquadrate [EXACT] | quadrate cartilage [EXACT]
ZFA:0001400	ceratohyal cartilage	structure	5	ZFA:0001460	ZFA:0001402	ZFS:0000033	ZFS:0000044	
ZFA:0001401	dorsal hyoid arch	structure	4	ZFA:0001478	ZFA:0000444;ZFA:0001276	ZFS:0000000	ZFS:0000044	dorsal visceral arch 2 [EXACT]
ZFA:0001402	ventral hyoid arch	structure	4	ZFA:0001478	ZFA:0001276	ZFS:0000000	ZFS:0000044	ventral visceral arch 2 [EXACT]
ZFA:0001403	supraethmoid	structure	5	ZFA:0001590	ZFA:0000351;ZFA:0000863	ZFS:0000041	ZFS:0000044	supra-ethmoid [RELATED]
ZFA:0001404	preethmoid bone	structure	5	ZFA:0001591	ZFA:0000351;ZFA:0001424	ZFS:0000043	ZFS:0000044	pre-ethmoid [EXACT] | preethmoid bones [EXACT]
ZFA:0001405	ethmoid cartilage	structure	5	ZFA:0001461	ZFA:0000351;ZFA:0001580;ZFA:0005958	ZFS:0000033	ZFS:0000042	ethmoid plate [EXACT]
ZFA:0001406	kinethmoid bone	structure	5	ZFA:0001590	ZFA:0000351;ZFA:0000863;ZFA:0001424	ZFS:0000041	ZFS:0000044	
ZFA:0001407	infraorbital 2	structure	5	ZFA:0000376	ZFA:0001649	ZFS:0000042	ZFS:0000044	
ZFA:0001408	infraorbital 3	structure	5	ZFA:0000376	ZFA:0001649	ZFS:0000042	ZFS:0000044	
ZFA:0001409	infraorbital 4	structure	5	ZFA:0000376	ZFA:0001649	ZFS:0000042	ZFS:0000044	
ZFA:0001410	orbital region	structure	4	ZFA:0001478	ZFA:0000737	ZFS:0000000	ZFS:0000044	
ZFA:0001411	sclerotic bone	structure	5	ZFA:0001591	ZFA:0001410;ZFA:0001424	ZFS:0000000	ZFS:0000044	scleral ossicle [EXACT] | sclerotic bones [EXACT]
ZFA:0001412	epiotic	structure	5	ZFA:0001591	ZFA:0000189;ZFA:0001424;ZFA:0001580	ZFS:0000041	ZFS:0000044	epioccipital [EXACT]
ZFA:0001414	occipital region	structure	4	ZFA:0001478	ZFA:0000737	ZFS:0000000	ZFS:0000044	basicranial region [EXACT]
ZFA:0001415	pelvic radial 2	structure	8	ZFA:0000508		ZFS:0000000	ZFS:0000044	pelvic radials 2 [EXACT]
ZFA:0001416	pelvic radial 3	structure	8	ZFA:0000508		ZFS:0000000	ZFS:0000044	pelvic radials 3 [EXACT]
ZFA:0001417	pelvic radial 1	structure	8	ZFA:0000508		ZFS:0000000	ZFS:0000044	pelvic radials 1 [EXACT]
ZFA:0001418	dorsal fin lepidotrichium	structure	8	ZFA:0001554	ZFA:0001124	ZFS:0000000	ZFS:0000044	dorsal fin lepidotrichia [EXACT] | dorsal fin ray [EXACT]
ZFA:0001419	dorsal fin pterygiophore	structure	4	ZFA:0001478	ZFA:0001124	ZFS:0000039	ZFS:0000044	dorsal fin support [EXACT]
ZFA:0001420	anal fin pterygiophore	structure	4	ZFA:0001478	ZFA:0000167	ZFS:0000000	ZFS:0000044	anal fin radial [RELATED]
ZFA:0001421	anal fin lepidotrichium	structure	6	ZFA:0001554	ZFA:0000167	ZFS:0000000	ZFS:0000044	anal fin lepidotrichia [EXACT] | anal fin ray [EXACT]
ZFA:0001422	hyosymplectic cartilage	structure	5	ZFA:0001460	ZFA:0001401	ZFS:0000033	ZFS:0000044	hyomandibular cartilage [EXACT]
ZFA:0001423	parachordal cartilage	structure	5	ZFA:0001461	ZFA:0000189;ZFA:0001414;ZFA:0001580	ZFS:0000033	ZFS:0000000	parachordal cartilages [EXACT]
ZFA:0001424	chondrocranium	structure	4	ZFA:0001478	ZFA:0000737	ZFS:0000032	ZFS:0000044	chondocranium [EXACT] | neurocranium [RELATED]
ZFA:0001425	basal plate cartilage	structure	5	ZFA:0001461	ZFA:0001423;ZFA:0001580	ZFS:0000000	ZFS:0000044	basal plate cartilages [EXACT]
ZFA:0001426	posterior naris	structure	5	ZFA:0000550		ZFS:0000042	ZFS:0000044	excurrent nostril [EXACT] | posterior nares [EXACT]
ZFA:0001427	anterior naris	structure	5	ZFA:0000550		ZFS:0000042	ZFS:0000044	anterior nares [EXACT] | incurrent nostril [EXACT]
ZFA:0001428	olfactory rosette	structure	4	ZFA:0001486	ZFA:0000047	ZFS:0000035	ZFS:0000044	olfactory rosettes [EXACT]
ZFA:0001429	raphe nucleus	structure	5	ZFA:0001658	ZFA:0000241	ZFS:0000000	ZFS:0000044	median raphe nucleus [EXACT]
ZFA:0001430	pneumatic duct	structure	4	ZFA:0005171		ZFS:0000030	ZFS:0000044	
ZFA:0001431	primitive olfactory epithelium	structure	4	ZFA:0001486	ZFA:0000048	ZFS:0000025	ZFS:0000029	
ZFA:0001432	anterior sclerotic bone	structure	6	ZFA:0001411		ZFS:0000000	ZFS:0000044	anterior sclerotic bones [EXACT]
ZFA:0001433	posterior sclerotic bone	structure	6	ZFA:0001411		ZFS:0000000	ZFS:0000044	posterior sclerotic bones [EXACT]
ZFA:0001434	floor plate neural tube	structure	3	ZFA:0001488	ZFA:0000022;ZFA:0001135	ZFS:0000026	ZFS:0000029	
ZFA:0001435	lateral wall neural tube	structure	3	ZFA:0001477	ZFA:0001135	ZFS:0000026	ZFS:0000029	
ZFA:0001436	roof plate neural tube region	structure	3	ZFA:0001477	ZFA:0001135;ZFA:0007058	ZFS:0000026	ZFS:0000029	
ZFA:0001437	ductus communicans	structure	4	ZFA:0005171	ZFA:0000076	ZFS:0000000	ZFS:0000044	
ZFA:0001438	coelom	structure	3	ZFA:0001488	ZFA:0001115	ZFS:0000000	ZFS:0000044	body cavity [EXACT]
ZFA:0001439	anatomical system	structure	3	ZFA:0001512	ZFA:0001094	ZFS:0000000	ZFS:0000044	anatomical systems [EXACT]
ZFA:0001440	rhombic lip	structure	3	ZFA:0001488	ZFA:0000029	ZFS:0000025	ZFS:0000028	
ZFA:0001441	lower rhombic lip	structure	3	ZFA:0001488	ZFA:0000069;ZFA:0000153;ZFA:0000822;ZFA:0000823;ZFA:0000948;ZFA:0000949;ZFA:0001032;ZFA:0001440	ZFS:0000025	ZFS:0000028	
ZFA:0001442	upper rhombic lip	structure	3	ZFA:0001488	ZFA:0001031;ZFA:0001440	ZFS:0000025	ZFS:0000028	
ZFA:0001443	choroid plexus	structure	5	ZFA:0000099	ZFA:0000008	ZFS:0000000	ZFS:0000044	
ZFA:0001444	choroid plexus third ventricle	structure	4	ZFA:0001443	ZFA:0000161	ZFS:0000000	ZFS:0000044	diencephalic choroid plexus  [EXACT]
ZFA:0001445	choroid plexus tectal ventricle	structure	4	ZFA:0001443	ZFA:0000159	ZFS:0000000	ZFS:0000044	choroid plexus tectal ventricles [EXACT]
ZFA:0001446	choroid plexus fourth ventricle	structure	4	ZFA:0001443	ZFA:0000110	ZFS:0000000	ZFS:0000044	
ZFA:0001447	choroid plexus telencephalic ventricle	structure	4	ZFA:0001443	ZFA:0000696	ZFS:0000000	ZFS:0000044	
ZFA:0001448	ultimobranchial body	structure	3	ZFA:0001488	ZFA:0001158	ZFS:0000034	ZFS:0000044	ultimobranchial bodies [EXACT]
ZFA:0001449	mesenchyme pelvic fin	structure	4	ZFA:0000393	ZFA:0001184	ZFS:0000042	ZFS:0000044	mesenchyme pelvic fins [EXACT]
ZFA:0001450	apical ectodermal ridge pelvic fin	structure	6	ZFA:0001702	ZFA:0001184	ZFS:0000042	ZFS:0000000	apical ectodermal ridge pelvic fins [EXACT]
ZFA:0001451	zone of polarizing activity pectoral fin bud	structure	3	ZFA:0001477	ZFA:0000789	ZFS:0000029	ZFS:0000030	ZPA [RELATED]
ZFA:0001452	zone of polarizing activity pelvic fin bud	structure	3	ZFA:0001477	ZFA:0001386	ZFS:0000040	ZFS:0000000	ZPA [RELATED]
ZFA:0001453	pectoral fin field	structure	3	ZFA:0001105	ZFA:0005042	ZFS:0000024	ZFS:0000029	pectoral fin fields [EXACT]
ZFA:0001454	pelvic fin field	structure	3	ZFA:0001477	ZFA:0005042	ZFS:0000000	ZFS:0000040	pelvic fin fields [EXACT]
ZFA:0001455	scapulocoracoid	structure	5	ZFA:0000257	ZFA:0000407	ZFS:0000000	ZFS:0000041	coraco-scapular cartilage [EXACT] | scapulo-coracoid cartilage [EXACT]
ZFA:0001456	pectoral fin endoskeletal disc	structure	7	ZFA:0000257		ZFS:0000036	ZFS:0000000	fin plate cartilage [EXACT]
ZFA:0001457	postcranial axial cartilage	structure	5	ZFA:0001501	ZFA:0000317	ZFS:0000000	ZFS:0000044	postcranial axial cartilages [EXACT]
ZFA:0001458	cranial cartilage	structure	5	ZFA:0001501	ZFA:0000737	ZFS:0000000	ZFS:0000044	cranial cartilages [EXACT]
ZFA:0001459	pelvic fin cartilage	structure	6	ZFA:0001543	ZFA:0001387	ZFS:0000000	ZFS:0000044	pelvic fin cartilages [EXACT]
ZFA:0001460	pharyngeal arch cartilage	structure	5	ZFA:0001458	ZFA:0001216	ZFS:0000000	ZFS:0000044	pharyngeal arch cartilages [EXACT] | splanchnocranium cartilage [EXACT]
ZFA:0001461	chondrocranium cartilage	structure	5	ZFA:0001458	ZFA:0001424	ZFS:0000000	ZFS:0000044	neurocranium cartilage [EXACT]
ZFA:0001462	somite border	structure	2	ZFA:0005594	ZFA:0000155	ZFS:0000023	ZFS:0000000	somite border cell [EXACT] | somite boundary [RELATED]
ZFA:0001463	melanophore stripe	structure	4	ZFA:0000292	ZFA:0000368	ZFS:0000000	ZFS:0000044	melanophore stripes [EXACT]
ZFA:0001464	retinal outer nuclear layer	structure	3	ZFA:0001477	ZFA:0000046	ZFS:0000000	ZFS:0000044	retinal outer nuclear layers [EXACT]
ZFA:0001465	photoreceptor inner segment layer	structure	3	ZFA:0001477	ZFA:0000143	ZFS:0000000	ZFS:0000044	photoreceptor inner segment layers [EXACT]
ZFA:0001466	photoreceptor outer segment layer	structure	3	ZFA:0001477	ZFA:0000143	ZFS:0000000	ZFS:0000044	photoreceptor outer segment layers [EXACT]
ZFA:0001467	pharyngeal mesoderm	structure	4	ZFA:0000041	ZFA:0000056	ZFS:0000025	ZFS:0000030	
ZFA:0001468	anterior lateral line system	structure	6	ZFA:0000034		ZFS:0000025	ZFS:0000044	
ZFA:0001469	lateral line	structure	3	ZFA:0001477	ZFA:0000034	ZFS:0000030	ZFS:0000044	lateral lines [EXACT]
ZFA:0001470	anterior lateral line	structure	4	ZFA:0001469	ZFA:0001468	ZFS:0000030	ZFS:0000044	anterior lateral lines [EXACT]
ZFA:0001471	posterior lateral line system	structure	6	ZFA:0000034		ZFS:0000025	ZFS:0000044	
ZFA:0001472	anterior lateral line neuromast	structure	5	ZFA:0000243	ZFA:0001470	ZFS:0000032	ZFS:0000044	neuromast anterior [EXACT]
ZFA:0001473	deep blastomere	cell	4	ZFA:0000093		ZFS:0000007	ZFS:0000015	deep blastomeres [EXACT]
ZFA:0001477	portion of tissue	structure	2	ZFA:0000037		ZFS:0000012	ZFS:0000044	
ZFA:0001478	anatomical cluster	structure	3	ZFA:0001512		ZFS:0000012	ZFS:0000044	
ZFA:0001479	lateral line nerve	structure	4	ZFA:0007009	ZFA:0000034	ZFS:0000000	ZFS:0000044	lateral line nerves [EXACT]
ZFA:0001480	dorsal anterior lateral line nerve	structure	5	ZFA:0001479	ZFA:0000425	ZFS:0000000	ZFS:0000044	anterodorsal lateral line nerve [EXACT] | dorsal anterior lateral line nerves [EXACT]
ZFA:0001481	ventral anterior lateral line nerve	structure	5	ZFA:0001479	ZFA:0000425	ZFS:0000000	ZFS:0000044	anteroventral lateral line nerve [EXACT] | ventral anterior lateral line nerves [EXACT]
ZFA:0001482	middle lateral line nerve	structure	5	ZFA:0001479	ZFA:0000175;ZFA:0005114	ZFS:0000000	ZFS:0000044	middle lateral line nerves [EXACT]
ZFA:0001483	middle lateral line ganglion	structure	6	ZFA:0000120	ZFA:0005114	ZFS:0000000	ZFS:0000044	middle lateral line ganglia [EXACT]
ZFA:0001484	superficial blastomere	cell	4	ZFA:0000093		ZFS:0000007	ZFS:0000015	superficial blastomeres [EXACT]
ZFA:0001485	basal lamina	structure	3	ZFA:0000382		ZFS:0000000	ZFS:0000044	basal laminae [EXACT]
ZFA:0001486	epithelium	structure	3	ZFA:0001477		ZFS:0000000	ZFS:0000044	
ZFA:0001487	portion of organism substance	structure	1	ZFA:0100000	ZFA:0001094	ZFS:0000000	ZFS:0000044	
ZFA:0001488	multi-tissue structure	structure	2	ZFA:0000037		ZFS:0000000	ZFS:0000044	multi-tissue structures [EXACT]
ZFA:0001489	compound organ component	structure	3	ZFA:0001488		ZFS:0000000	ZFS:0000044	compound organ components [EXACT]
ZFA:0001490	cavitated compound organ	structure	3	ZFA:0000496		ZFS:0000000	ZFS:0000044	cavitated compound organs [EXACT]
ZFA:0001491	solid compound organ	structure	3	ZFA:0000496		ZFS:0000000	ZFS:0000044	solid compound organs [EXACT]
ZFA:0001492	simple organ	structure	3	ZFA:0001488		ZFS:0000000	ZFS:0000044	simple organs [EXACT]
ZFA:0001493	atypical epithelium	structure	4	ZFA:0001486		ZFS:0000000	ZFS:0000044	atypical epithelia [EXACT]
ZFA:0001494	multilaminar epithelium	structure	4	ZFA:0001486		ZFS:0000000	ZFS:0000044	
ZFA:0001495	unilaminar epithelium	structure	4	ZFA:0001486		ZFS:0000000	ZFS:0000044	unilaminar epithelia [EXACT]
ZFA:0001496	simple columnar epithelium	structure	5	ZFA:0001495		ZFS:0000000	ZFS:0000044	simple columnar epithelia [EXACT]
ZFA:0001497	simple cuboidal epithelium	structure	5	ZFA:0001495		ZFS:0000000	ZFS:0000044	simple cuboidal epithelia [EXACT]
ZFA:0001498	simple squamous epithelium	structure	5	ZFA:0001495		ZFS:0000000	ZFS:0000044	simple squamous epithelia [EXACT]
ZFA:0001499	esophageal epithelium	structure	4	ZFA:0001496	ZFA:0000204;ZFA:0005123	ZFS:0000000	ZFS:0000044	
ZFA:0001500	auditory capsule	structure	5	ZFA:0001461	ZFA:0001580	ZFS:0000000	ZFS:0000044	otic capsule [EXACT]
ZFA:0001501	cartilage element	structure	4	ZFA:0005494		ZFS:0000000	ZFS:0000044	cartilages [EXACT]
ZFA:0001502	epiphyseal bar	structure	5	ZFA:0001461	ZFA:0001580	ZFS:0000000	ZFS:0000044	
ZFA:0001503	lamina orbitonasalis	structure	5	ZFA:0001461	ZFA:0001580	ZFS:0000000	ZFS:0000039	laminas orbitonasalis [EXACT]
ZFA:0001504	occipital arch cartilage	structure	5	ZFA:0001461	ZFA:0001580	ZFS:0000000	ZFS:0000038	occipital arch cartilages [EXACT]
ZFA:0001505	taenia marginalis anterior	structure	5	ZFA:0001461	ZFA:0000290;ZFA:0001580	ZFS:0000000	ZFS:0000044	orbital cartilage [RELATED] | taeniae marginales anterior [EXACT]
ZFA:0001506	tectum synoticum	structure	5	ZFA:0001461	ZFA:0001580	ZFS:0000000	ZFS:0000044	
ZFA:0001507	trabecula cranii	structure	5	ZFA:0001461	ZFA:0001321;ZFA:0001580;ZFA:0005958	ZFS:0000032	ZFS:0000000	trabeculae cranii [EXACT]
ZFA:0001508	trabecula communis	structure	5	ZFA:0001461	ZFA:0001321;ZFA:0001580;ZFA:0005958	ZFS:0000000	ZFS:0000000	trabecular bar [EXACT]
ZFA:0001509	sclerotic cartilage	structure	6	ZFA:0001461		ZFS:0000039	ZFS:0000044	scleral cartilage [RELATED] | sclerotic cartilages [EXACT]
ZFA:0001510	basihyal cartilage	structure	5	ZFA:0001460	ZFA:0001402	ZFS:0000000	ZFS:0000044	basihyal [RELATED]
ZFA:0001511	interhyal cartilage	structure	5	ZFA:0001460	ZFA:0001402	ZFS:0000034	ZFS:0000044	interhyal bone [EXACT] | stylohyal [EXACT]
ZFA:0001512	anatomical group	structure	2	ZFA:0000037		ZFS:0000000	ZFS:0000044	
ZFA:0001513	dermomyotome	structure	4	ZFA:0001486		ZFS:0000029	ZFS:0000044	dermomyotomes [EXACT]
ZFA:0001514	bone element	structure	4	ZFA:0005494		ZFS:0000000	ZFS:0000044	bones [EXACT]
ZFA:0001515	taenia marginalis posterior	structure	5	ZFA:0001461	ZFA:0000290;ZFA:0001580	ZFS:0000000	ZFS:0000044	orbital cartilage [RELATED] | taeniae  marginales posterior [EXACT]
ZFA:0001516	ceratobranchial cartilage	structure	5	ZFA:0001460	ZFA:0000095	ZFS:0000033	ZFS:0000044	ceratobranchial cartilages [EXACT]
ZFA:0001517	ceratobranchial 2 cartilage	structure	5	ZFA:0001516	ZFA:0001231	ZFS:0000034	ZFS:0000039	
ZFA:0001518	ceratobranchial 3 cartilage	structure	5	ZFA:0001516	ZFA:0001232	ZFS:0000034	ZFS:0000039	
ZFA:0001519	ceratobranchial 4 cartilage	structure	5	ZFA:0001516	ZFA:0001230	ZFS:0000034	ZFS:0000039	
ZFA:0001520	ceratobranchial 1 cartilage	structure	5	ZFA:0001516	ZFA:0001228	ZFS:0000033	ZFS:0000039	
ZFA:0001521	ceratobranchial 5 cartilage	structure	5	ZFA:0001516	ZFA:0001229	ZFS:0000033	ZFS:0000044	
ZFA:0001522	hypobranchial cartilage	structure	5	ZFA:0001460	ZFA:0000095	ZFS:0000035	ZFS:0000044	hypobranchial cartilages [EXACT]
ZFA:0001523	hypobranchial 4 cartilage	structure	5	ZFA:0001522	ZFA:0001230	ZFS:0000000	ZFS:0000044	hypobranchial 4 cartilages [EXACT]
ZFA:0001524	hypobranchial 1 cartilage	structure	5	ZFA:0001522	ZFA:0001228	ZFS:0000000	ZFS:0000044	hypobranchial 1 cartilages [EXACT]
ZFA:0001525	hypobranchial 2 cartilage	structure	5	ZFA:0001522	ZFA:0001231	ZFS:0000000	ZFS:0000044	hypobranchial 2 cartilages [EXACT]
ZFA:0001526	hypobranchial 3 cartilage	structure	5	ZFA:0001522	ZFA:0001232	ZFS:0000000	ZFS:0000044	hypobranchial 3 cartilages [EXACT]
ZFA:0001527	epibranchial cartilage	structure	5	ZFA:0001460	ZFA:0000095	ZFS:0000000	ZFS:0000044	epibranchial cartilages [EXACT]
ZFA:0001528	epibranchial 1 cartilage	structure	5	ZFA:0001527	ZFA:0001228	ZFS:0000000	ZFS:0000040	
ZFA:0001529	epibranchial 3 cartilage	structure	5	ZFA:0001527	ZFA:0001232	ZFS:0000000	ZFS:0000039	
ZFA:0001530	epibranchial 2 cartilage	structure	5	ZFA:0001527	ZFA:0001231	ZFS:0000000	ZFS:0000040	
ZFA:0001531	epibranchial 4 cartilage	structure	5	ZFA:0001527	ZFA:0001230	ZFS:0000000	ZFS:0000039	
ZFA:0001533	pharyngobranchial cartilage	structure	6	ZFA:0001460		ZFS:0000000	ZFS:0000044	pharyngobranchial cartilages [EXACT]
ZFA:0001534	pharyngobranchial 3 cartilage	structure	5	ZFA:0001533	ZFA:0001232	ZFS:0000000	ZFS:0000040	pharyngobranchial 3 cartilages [EXACT]
ZFA:0001535	median fin cartilage	structure	6	ZFA:0001457		ZFS:0000000	ZFS:0000044	median fin cartilages [EXACT]
ZFA:0001536	pharyngobranchial 2 cartilage	structure	5	ZFA:0001533	ZFA:0001231	ZFS:0000000	ZFS:0000041	pharyngobranchial 2 cartilages [EXACT]
ZFA:0001537	mesocoracoid cartilage	structure	7	ZFA:0000257		ZFS:0000000	ZFS:0000040	mesocorocoid cartilages [EXACT]
ZFA:0001538	pelvic radial cartilage	structure	7	ZFA:0001459		ZFS:0000000	ZFS:0000044	pelvic radial cartilages [EXACT]
ZFA:0001539	basipterygium cartilage	structure	7	ZFA:0001459		ZFS:0000000	ZFS:0000044	basipterygium cartilages [EXACT]
ZFA:0001540	pelvic radial 3 cartilage	structure	8	ZFA:0001538		ZFS:0000000	ZFS:0000044	pelvic radials 3 cartilages [EXACT]
ZFA:0001541	pelvic radial 2 cartilage	structure	8	ZFA:0001538		ZFS:0000000	ZFS:0000044	pelvic radials 2 cartilages [EXACT]
ZFA:0001542	pelvic radial 1 cartilage	structure	8	ZFA:0001538		ZFS:0000000	ZFS:0000044	pelvic radials 1 cartilages [EXACT]
ZFA:0001543	paired fin cartilage	structure	5	ZFA:0001501	ZFA:0000027	ZFS:0000000	ZFS:0000044	paired fin cartilages [EXACT]
ZFA:0001550	caudal fin lepidotrichium	structure	6	ZFA:0001554	ZFA:0000862	ZFS:0000000	ZFS:0000044	caudal fin lepidotrichia [EXACT] | caudal fin ray [EXACT]
ZFA:0001551	pectoral fin lepidotrichium	structure	7	ZFA:0001554	ZFA:0000943	ZFS:0000000	ZFS:0000044	pectoral fin lepidotrichia [EXACT] | pectoral fin ray [EXACT]
ZFA:0001552	pelvic fin lepidotrichium	structure	7	ZFA:0001554	ZFA:0001387	ZFS:0000000	ZFS:0000044	pelvic fin lepidotrichia [EXACT] | pelvic fin ray [EXACT]
ZFA:0001554	lepidotrichium	structure	7	ZFA:0001590		ZFS:0000000	ZFS:0000044	fin ray [EXACT] | lepidotrichia [EXACT]
ZFA:0001555	epibranchial ganglion	structure	5	ZFA:0000013		ZFS:0000000	ZFS:0000044	epibranchial ganglia [EXACT]
ZFA:0001556	sympathetic chain ganglion	structure	5	ZFA:0001573	ZFA:0001576	ZFS:0000000	ZFS:0000044	paravertebral ganglion [EXACT]
ZFA:0001557	pronephric glomerulus	structure	3	ZFA:0001488	ZFA:0000151	ZFS:0000025	ZFS:0000039	pronephric glomera [EXACT] | pronephric glomeruli [EXACT] | pronephric glomus  [EXACT]
ZFA:0001558	pronephric tubule	structure	4	ZFA:0005171	ZFA:0000151	ZFS:0000025	ZFS:0000039	ciliated neck segment [EXACT]
ZFA:0001559	vertebral column	structure	4	ZFA:0001478	ZFA:0000317	ZFS:0000000	ZFS:0000044	
ZFA:0001560	hypural 1	structure	7	ZFA:0000364		ZFS:0000036	ZFS:0000044	
ZFA:0001561	hypural 2	structure	7	ZFA:0000364		ZFS:0000037	ZFS:0000044	
ZFA:0001562	hypural 3	structure	7	ZFA:0000364		ZFS:0000038	ZFS:0000044	
ZFA:0001563	hypural 4	structure	7	ZFA:0000364		ZFS:0000039	ZFS:0000044	
ZFA:0001564	hypural 5	structure	7	ZFA:0000364		ZFS:0000039	ZFS:0000044	
ZFA:0001565	oocyte stage II	cell	5	ZFA:0001109	ZFA:0001265	ZFS:0000043	ZFS:0000044	cortical-alveolar oocyte [EXACT] | oocytes stage II [EXACT] | previtellogenic oocyte [RELATED] | Stage 2 oocyte [EXACT]
ZFA:0001566	oocyte stage III	cell	5	ZFA:0001109	ZFA:0001266	ZFS:0000043	ZFS:0000044	oocytes stage III [EXACT] | postvitellogenic oocyte [RELATED] | Stage 3 oocyte [EXACT] | vitellogenic oocytes [EXACT]
ZFA:0001567	oocyte stage I	cell	5	ZFA:0001109	ZFA:0001263	ZFS:0000043	ZFS:0000044	oocytes stage I [EXACT] | previtellogenic oocyte [RELATED] | primary oocyte [EXACT] | Stage 1 oocyte [EXACT]
ZFA:0001568	oocyte stage IV	cell	5	ZFA:0001109	ZFA:0001264	ZFS:0000043	ZFS:0000044	mature oocytes [EXACT] | oocytes stage IV [EXACT] | postvitellogenic oocyte [RELATED] | Stage 4 oocyte [EXACT]
ZFA:0001569	oocyte stage V	cell	5	ZFA:0001109		ZFS:0000043	ZFS:0000044	mature egg [EXACT] | unactivated egg [EXACT]
ZFA:0001570	unfertilized egg	cell	3	ZFA:0009000		ZFS:0000000	ZFS:0000001	activated oocyte [EXACT] | egg [EXACT]
ZFA:0001571	postovulatory follicle	structure	4	ZFA:0001110		ZFS:0000042	ZFS:0000044	postovulatory follicles [EXACT]
ZFA:0001572	superior cervical ganglion	structure	5	ZFA:0001573	ZFA:0001576	ZFS:0000000	ZFS:0000044	SCG [RELATED] | superior sympathetic cervical ganglion [EXACT]
ZFA:0001573	trunk ganglion	structure	4	ZFA:0000190		ZFS:0000029	ZFS:0000044	trunk ganglia [EXACT]
ZFA:0001574	autonomic nervous system	structure	5	ZFA:0000396		ZFS:0000000	ZFS:0000044	ANS [EXACT]
ZFA:0001575	parasympathetic nervous system	structure	6	ZFA:0001574		ZFS:0000000	ZFS:0000044	
ZFA:0001576	sympathetic nervous system	structure	6	ZFA:0001574		ZFS:0000000	ZFS:0000044	
ZFA:0001577	premaxilla ascending process	structure	6	ZFA:0001590	ZFA:0000567	ZFS:0000000	ZFS:0000044	premaxilla ascending processes [EXACT]
ZFA:0001578	anterior dorsomedial process of autopalatine	structure	6	ZFA:0001637	ZFA:0000620	ZFS:0000000	ZFS:0000044	anterior dorsomedial process of autopalatines [EXACT]
ZFA:0001579	ural vertebra 2	structure	6	ZFA:0005959	ZFA:0000862	ZFS:0000000	ZFS:0000044	
ZFA:0001580	neurocranium	structure	4	ZFA:0001478	ZFA:0000737	ZFS:0000000	ZFS:0000044	braincase [EXACT] | palatal skeleton [RELATED]
ZFA:0001581	ural centrum 2	structure	6	ZFA:0001591	ZFA:0001579	ZFS:0000000	ZFS:0000044	
ZFA:0001582	non-Weberian precaudal vertebra	structure	5	ZFA:0000263		ZFS:0000000	ZFS:0000044	non-Weberian precaudal vertebrae [EXACT]
ZFA:0001583	preural centrum 1+ ural centrum 1	structure	6	ZFA:0001189	ZFA:0000862	ZFS:0000000	ZFS:0000044	urostyle  [RELATED]
ZFA:0001584	caudal fin procurrent ray	structure	7	ZFA:0001550		ZFS:0000000	ZFS:0000044	caudal procurrent lepidotrichium [EXACT] | caudal procurrent ray  [RELATED]
ZFA:0001585	caudal fin principal ray	structure	7	ZFA:0001550		ZFS:0000000	ZFS:0000044	caudal principal lepidotrichium [EXACT] | caudal principal ray [EXACT]
ZFA:0001586	pectoral fin radial	structure	7	ZFA:0000271	ZFA:0000943	ZFS:0000000	ZFS:0000044	pectoral fin radials [EXACT]
ZFA:0001587	pectoral fin proximal radial	structure	8	ZFA:0001586		ZFS:0000000	ZFS:0000044	
ZFA:0001588	pectoral fin distal radial	structure	8	ZFA:0001586		ZFS:0000000	ZFS:0000044	pectoral fin distal radials [EXACT]
ZFA:0001589	propterygium	structure	9	ZFA:0001588		ZFS:0000000	ZFS:0000044	propterygia [EXACT]
ZFA:0001590	dermal bone	structure	6	ZFA:0001635		ZFS:0000000	ZFS:0000044	dermal bones [EXACT]
ZFA:0001591	endochondral bone	structure	5	ZFA:0001693;ZFA:0005620		ZFS:0000000	ZFS:0000044	endochondral bones [EXACT]
ZFA:0001592	claustrum bone	structure	5	ZFA:0000461;ZFA:0001591;ZFA:0001636		ZFS:0000040	ZFS:0000044	
ZFA:0001593	quadrate ventral process	structure	6	ZFA:0001591	ZFA:0000621	ZFS:0000039	ZFS:0000044	quadrate ventral processes [EXACT]
ZFA:0001594	preopercle horizontal limb	structure	6	ZFA:0001590	ZFA:0000264	ZFS:0000000	ZFS:0000044	preopercle anterior arm [EXACT] | preopercle horizontal arm [EXACT] | preopercle lower limb [EXACT] | preopercle ventral arm [EXACT]
ZFA:0001595	preopercle vertical limb	structure	6	ZFA:0001590	ZFA:0000264	ZFS:0000000	ZFS:0000044	preopercle dorsal arm [EXACT] | preopercle posterior arm [EXACT] | preopercle upper limb [EXACT] | preopercle vertical arm [EXACT]
ZFA:0001596	joint	structure	4	ZFA:0001478	ZFA:0000434	ZFS:0000000	ZFS:0000044	joints [EXACT]
ZFA:0001597	exoccipital posteroventral region	structure	5	ZFA:0001591	ZFA:0000661;ZFA:0001627	ZFS:0000039	ZFS:0000044	exoccipitals posteroventral regions [EXACT]
ZFA:0001598	basioccipital posterodorsal region	structure	5	ZFA:0001591	ZFA:0000472;ZFA:0001627	ZFS:0000000	ZFS:0000044	
ZFA:0001599	os suspensorium medial flange	structure	6	ZFA:0001591	ZFA:0001171	ZFS:0000039	ZFS:0000044	
ZFA:0001600	neural spine 4	structure	7	ZFA:0001336		ZFS:0000000	ZFS:0000044	
ZFA:0001601	manubrium	structure	6	ZFA:0001636	ZFA:0000525	ZFS:0000039	ZFS:0000044	anterior branch of the intercalarium [RELATED] | anterior process of the intercalarium [EXACT] | horizontal process [EXACT] | manubrium incudus [EXACT]
ZFA:0001602	intercalarium ascending process	structure	6	ZFA:0001591	ZFA:0000525	ZFS:0000039	ZFS:0000044	
ZFA:0001603	intercalarium articulating process	structure	6	ZFA:0001591	ZFA:0000525	ZFS:0000039	ZFS:0000044	articular process [RELATED]
ZFA:0001604	caudal fin upper lobe	structure	4	ZFA:0000292	ZFA:0001058	ZFS:0000000	ZFS:0000044	caudal fin dorsal lobe [EXACT]
ZFA:0001605	caudal fin lower lobe	structure	4	ZFA:0000292	ZFA:0001058	ZFS:0000000	ZFS:0000044	caudal fin ventral lobe [EXACT]
ZFA:0001606	pharyngeal arch 3	structure	5	ZFA:0001613		ZFS:0000025	ZFS:0000044	branchial arch 1 [EXACT] | gill arch 1 [EXACT] | visceral arch 3 [EXACT]
ZFA:0001607	pharyngeal arch 4	structure	5	ZFA:0001613		ZFS:0000025	ZFS:0000044	branchial arch 2 [EXACT] | gill arch 2 [EXACT] | visceral arch 4 [EXACT]
ZFA:0001608	pharyngeal arch 5	structure	5	ZFA:0001613		ZFS:0000025	ZFS:0000044	branchial arch 3 [EXACT] | gill arch 3 [EXACT] | visceral arch 5 [EXACT]
ZFA:0001609	pharyngeal arch 6	structure	5	ZFA:0001613		ZFS:0000025	ZFS:0000044	branchial arch 4 [EXACT] | gill arch 4 [EXACT] | visceral arch 6 [EXACT]
ZFA:0001610	pharyngeal arch 7	structure	5	ZFA:0001613		ZFS:0000025	ZFS:0000044	branchial arch 5 [EXACT] | gill arch 5 [EXACT] | visceral arch 7 [EXACT]
ZFA:0001611	pharyngeal arch 2	structure	4	ZFA:0001306		ZFS:0000025	ZFS:0000044	hyoid arch [EXACT] | visceral arch 2 [EXACT]
ZFA:0001612	pharyngeal arch 1	structure	4	ZFA:0001306		ZFS:0000025	ZFS:0000044	mandibular arch [EXACT] | visceral arch 1 [EXACT]
ZFA:0001613	pharyngeal arch 3-7	structure	4	ZFA:0001306	ZFA:0000056;ZFA:0000354	ZFS:0000025	ZFS:0000044	branchial arch [EXACT] | branchial arches [EXACT] | branchial bar [EXACT] | branchial bars [EXACT] | gill arch [EXACT] | gill arches 1-5 [EXACT] | visceral arches 3-7 [EXACT]
ZFA:0001614	atrial endocardium	structure	4	ZFA:0001320	ZFA:0000471	ZFS:0000000	ZFS:0000044	
ZFA:0001615	ventricular endocardium	structure	4	ZFA:0001320	ZFA:0000009	ZFS:0000000	ZFS:0000044	
ZFA:0001616	atrioventricular canal endocardium	structure	4	ZFA:0001320	ZFA:0001315	ZFS:0000000	ZFS:0000044	
ZFA:0001617	otolith	structure	2	ZFA:0001487	ZFA:0000051;ZFA:0000559	ZFS:0000027	ZFS:0000044	immature otolith [RELATED] | immature otoliths [RELATED] | statolith [EXACT]
ZFA:0001619	optic fiber layer	structure	3	ZFA:0001477	ZFA:0000046	ZFS:0000033	ZFS:0000044	nerve fiber layer [EXACT] | optic fiber layers [EXACT]
ZFA:0001620	pronephric proximal convoluted tubule	structure	4	ZFA:0005171	ZFA:0000150	ZFS:0000000	ZFS:0000039	PCT [EXACT]
ZFA:0001621	pronephric proximal straight tubule	structure	4	ZFA:0005171	ZFA:0000150	ZFS:0000000	ZFS:0000039	proximal straight tubules [EXACT]
ZFA:0001622	pronephric distal early tubule	structure	4	ZFA:0005171	ZFA:0000150	ZFS:0000000	ZFS:0000039	pronephric distal early tubules [EXACT]
ZFA:0001623	posterior pronephric duct	structure	4	ZFA:0005171	ZFA:0000150	ZFS:0000000	ZFS:0000039	posterior pronephric ducts [EXACT]
ZFA:0001624	pronephric distal late tubule	structure	4	ZFA:0005171	ZFA:0000150	ZFS:0000000	ZFS:0000039	distal late tubules [EXACT]
ZFA:0001625	optic nerve head	structure	4	ZFA:0007009	ZFA:0000435	ZFS:0000000	ZFS:0000044	optic nerve heads [EXACT]
ZFA:0001626	cerebral spinal fluid	structure	2	ZFA:0001487		ZFS:0000000	ZFS:0000044	CSF [EXACT]
ZFA:0001627	lagenar capsule	structure	4	ZFA:0001478		ZFS:0000000	ZFS:0000044	lagenar capsules [EXACT]
ZFA:0001628	replacement bone	structure	5	ZFA:0001514;ZFA:0005624		ZFS:0000000	ZFS:0000044	replacement bones [EXACT]
ZFA:0001629	perichordal bone	structure	6	ZFA:0001628		ZFS:0000000	ZFS:0000044	perichordal bones [EXACT]
ZFA:0001630	perichondral bone	structure	7	ZFA:0001693		ZFS:0000000	ZFS:0000044	perichondral bones [EXACT]
ZFA:0001631	notochordal ossification	structure	7	ZFA:0001629		ZFS:0000000	ZFS:0000044	
ZFA:0001632	portion of connective tissue	structure	3	ZFA:0001477		ZFS:0000000	ZFS:0000044	
ZFA:0001633	perichordal connective tissue	structure	4	ZFA:0001632		ZFS:0000000	ZFS:0000044	
ZFA:0001634	perichondrium	structure	4	ZFA:0001632		ZFS:0000000	ZFS:0000044	cartilage connective tissue [EXACT]
ZFA:0001635	intramembranous bone	structure	5	ZFA:0001514		ZFS:0000000	ZFS:0000044	intramembranous bones [EXACT]
ZFA:0001636	membrane bone	structure	6	ZFA:0001635		ZFS:0000000	ZFS:0000044	membrane bones [EXACT]
ZFA:0001637	bony projection	structure	5	ZFA:0005619	ZFA:0001514	ZFS:0000000	ZFS:0000044	bony projections [EXACT] | process [EXACT]
ZFA:0001638	statoacoustic (VIII) nucleus	structure	4	ZFA:0001658	ZFA:0000029	ZFS:0000000	ZFS:0000044	cochlear nucleus [EXACT] | octaval nucleus [EXACT] | vestibulocochlear nucleus [EXACT]
ZFA:0001639	vascular endothelium	structure	4	ZFA:0001498	ZFA:0005249	ZFS:0000000	ZFS:0000044	endothelia [EXACT]
ZFA:0001640	cephalic flexure	structure	3	ZFA:0005593	ZFA:0000008	ZFS:0000027	ZFS:0000000	ventral flexure [EXACT]
ZFA:0001641	rudimentary neural arch	structure	7	ZFA:0001066	ZFA:0000158	ZFS:0000000	ZFS:0000044	
ZFA:0001642	tooth row	structure	4	ZFA:0001478		ZFS:0000000	ZFS:0000044	tooth rows [EXACT]
ZFA:0001643	anatomical space	structure	1	ZFA:0100000		ZFS:0000001	ZFS:0000044	anatomical spaces [EXACT]
ZFA:0001644	articular cartilage	structure	6	ZFA:0001460		ZFS:0000000	ZFS:0000044	articular cartilages [EXACT]
ZFA:0001645	angular bone	structure	7	ZFA:0001590		ZFS:0000000	ZFS:0000044	angular bones [EXACT]
ZFA:0001646	anal fin radial	structure	7	ZFA:0000271		ZFS:0000000	ZFS:0000044	anal fin pterygiophores [RELATED] | anal fin radials [EXACT]
ZFA:0001647	dorsal fin radial	structure	7	ZFA:0000271		ZFS:0000000	ZFS:0000044	dorsal fin pterygiophore  [RELATED] | dorsal fin radials [EXACT]
ZFA:0001648	cardiac neural crest	structure	4	ZFA:0000045		ZFS:0000000	ZFS:0000029	
ZFA:0001649	infraorbital series	structure	4	ZFA:0001478		ZFS:0000040	ZFS:0000044	circumorbital series [EXACT]
ZFA:0001650	branchial mesenchyme	structure	5	ZFA:0000113		ZFS:0000000	ZFS:0000044	gill mesenchyme [EXACT]
ZFA:0001651	sternohyoid	structure	6	ZFA:0000236		ZFS:0000033	ZFS:0000044	hypobranchial muscle [EXACT] | sternohyoideus [EXACT] | sternohyoids [EXACT]
ZFA:0001652	head muscle	structure	4	ZFA:0005145	ZFA:0000328	ZFS:0000000	ZFS:0000044	cephalic muscle [EXACT] | cranial muscle  [RELATED]
ZFA:0001653	pericardial muscle	structure	4	ZFA:0005145	ZFA:0000473	ZFS:0000000	ZFS:0000044	
ZFA:0001654	opercular cavity	structure	2	ZFA:0001643	ZFA:0001114	ZFS:0000000	ZFS:0000044	
ZFA:0001655	pericardial cavity	structure	2	ZFA:0001643	ZFA:0001438;ZFA:0007115	ZFS:0000000	ZFS:0000044	thoracic cavity [EXACT]
ZFA:0001656	pleuroperitoneal cavity	structure	2	ZFA:0001643	ZFA:0001438;ZFA:0007116	ZFS:0000000	ZFS:0000044	coelom [RELATED] | coelomic cavity [RELATED] | visceral cavity [EXACT]
ZFA:0001657	supraoptic tract	structure	4	ZFA:0001682	ZFA:0000008	ZFS:0000027	ZFS:0000044	SOT [EXACT]
ZFA:0001658	hindbrain nucleus	structure	4	ZFA:0005575	ZFA:0000029	ZFS:0000000	ZFS:0000044	
ZFA:0001659	diencephalic nucleus	structure	3	ZFA:0001488;ZFA:0005575	ZFA:0000101	ZFS:0000000	ZFS:0000044	
ZFA:0001660	telencephalic nucleus	structure	4	ZFA:0005575	ZFA:0000079	ZFS:0000000	ZFS:0000044	
ZFA:0001662	preglomerular nucleus	structure	4	ZFA:0001659	ZFA:0000633	ZFS:0000000	ZFS:0000044	
ZFA:0001663	cranial nerve root	structure	3	ZFA:0001477	ZFA:0000641	ZFS:0000000	ZFS:0000044	
ZFA:0001665	midbrain nucleus	structure	4	ZFA:0005575	ZFA:0000128	ZFS:0000000	ZFS:0000044	
ZFA:0001666	periventricular nucleus of ventral telencephalon	structure	4	ZFA:0001660	ZFA:0000304	ZFS:0000000	ZFS:0000044	
ZFA:0001667	peripheral nucleus of ventral telencephalon	structure	4	ZFA:0001660	ZFA:0000304	ZFS:0000000	ZFS:0000044	
ZFA:0001668	central nucleus of ventral telencephalon	structure	5	ZFA:0001667		ZFS:0000000	ZFS:0000044	area ventralis telencephali, nucleus centralis [EXACT]
ZFA:0001669	intermediate nucleus	structure	4	ZFA:0001659	ZFA:0000633	ZFS:0000000	ZFS:0000044	
ZFA:0001670	notochord posterior region	structure	3	ZFA:0001477	ZFA:0000135;ZFA:0000862	ZFS:0000022	ZFS:0000044	
ZFA:0001671	macula communis	structure	4	ZFA:0001486	ZFA:0000217	ZFS:0000027	ZFS:0000028	
ZFA:0001672	dorsolateral septum	structure	3	ZFA:0001477	ZFA:0000262;ZFA:0000314	ZFS:0000032	ZFS:0000044	dorsal bar [RELATED]
ZFA:0001673	pronephric podocyte	cell	4	ZFA:0009285	ZFA:0001557	ZFS:0000025	ZFS:0000039	
ZFA:0001674	mesonephric podocyte	cell	4	ZFA:0009285	ZFA:0001288	ZFS:0000039	ZFS:0000044	
ZFA:0001675	ligament	structure	4	ZFA:0001632		ZFS:0000000	ZFS:0000044	
ZFA:0001676	annular ligament	structure	5	ZFA:0001675	ZFA:0005566	ZFS:0000000	ZFS:0000044	
ZFA:0001677	floor plate midbrain region	structure	3	ZFA:0001488	ZFA:0000022	ZFS:0000025	ZFS:0000029	
ZFA:0001678	immature eye	structure	3	ZFA:0001488		ZFS:0000024	ZFS:0000029	
ZFA:0001679	solid lens vesicle	structure	3	ZFA:0001477	ZFA:0001678	ZFS:0000027	ZFS:0000029	 immature lens [EXACT] | lens mass [EXACT] | lens vesicle [EXACT] | presumptive lens [RELATED]
ZFA:0001680	parvocellular preoptic nucleus	structure	4	ZFA:0001659		ZFS:0000000	ZFS:0000044	
ZFA:0001681	grey matter	structure	3	ZFA:0001488	ZFA:0000012	ZFS:0000000	ZFS:0000044	gray mater [RELATED] | gray matter [EXACT]
ZFA:0001682	white matter	structure	3	ZFA:0001488	ZFA:0000012	ZFS:0000027	ZFS:0000044	CNS tract/commissure [EXACT] | CNS white matter [EXACT] | white mater [RELATED]
ZFA:0001683	corneal epithelium	structure	4	ZFA:0001486	ZFA:0000640	ZFS:0000034	ZFS:0000044	
ZFA:0001684	Bowman's layer	structure	3	ZFA:0000382	ZFA:0000640	ZFS:0000039	ZFS:0000044	anterior elastic lamina [EXACT] | anterior limiting membrane [RELATED]
ZFA:0001685	corneal stroma	structure	3	ZFA:0001477	ZFA:0000640	ZFS:0000034	ZFS:0000044	
ZFA:0001686	Descemet's membrane	structure	3	ZFA:0000382	ZFA:0000640	ZFS:0000034	ZFS:0000044	posterior limiting membrane [EXACT]
ZFA:0001687	corneal endothelium	structure	4	ZFA:0001486	ZFA:0000640	ZFS:0000034	ZFS:0000044	
ZFA:0001688	corneal primordium	structure	3	ZFA:0001477	ZFA:0000107	ZFS:0000029	ZFS:0000033	
ZFA:0001689	anatomical line	structure	1	ZFA:0100000		ZFS:0000001	ZFS:0000044	
ZFA:0001690	groove	structure	2	ZFA:0000037		ZFS:0000001	ZFS:0000044	
ZFA:0001691	cerebellar granule cell	cell	4	ZFA:0009070	ZFA:0000358;ZFA:0000766	ZFS:0000000	ZFS:0000044	
ZFA:0001692	hindbrain commissure	structure	4	ZFA:0001682	ZFA:0000029	ZFS:0000030	ZFS:0000044	
ZFA:0001693	chondral bone	structure	6	ZFA:0001628		ZFS:0000000	ZFS:0000044	
ZFA:0001694	olfactory granule cell	cell	4	ZFA:0009070	ZFA:0000402	ZFS:0000000	ZFS:0000044	
ZFA:0001695	dorsolateral motor nucleus of vagal nerve	structure	5	ZFA:0000387		ZFS:0000030	ZFS:0000044	dlX [EXACT]
ZFA:0001696	medial motor nucleus of vagal nerve	structure	5	ZFA:0000387		ZFS:0000033	ZFS:0000044	mmX [EXACT]
ZFA:0001697	octaval nerve motor nucleus	structure	4	ZFA:0001658	ZFA:0000545	ZFS:0000000	ZFS:0000044	cranial nerve VIII motor nucleus [EXACT] | octaval nerve motor nuclei [EXACT] | OLe [EXACT]
ZFA:0001698	rostral octaval nerve motor nucleus	structure	5	ZFA:0001697		ZFS:0000000	ZFS:0000044	REN [EXACT] | ROLE [EXACT] | rostral cranial nerve VIII motor nucleus [EXACT] | rostral efferent nuclei [RELATED]
ZFA:0001699	caudal octaval nerve motor nucleus	structure	5	ZFA:0001697		ZFS:0000000	ZFS:0000044	caudal efferent nuclei [RELATED] | CEN [EXACT] | RELL [EXACT] | rostral cranial nerve VIII motor nucleus [EXACT]
ZFA:0001700	tunica externa swim bladder	structure	3	ZFA:0001488	ZFA:0000076	ZFS:0000000	ZFS:0000044	
ZFA:0001701	tunica interna swim bladder	structure	3	ZFA:0001488	ZFA:0000076	ZFS:0000000	ZFS:0000044	
ZFA:0001702	apical ectodermal ridge	structure	5	ZFA:0000098		ZFS:0000030	ZFS:0000000	
ZFA:0001703	epidermal placode	structure	3	ZFA:0001477	ZFA:0001180	ZFS:0000041	ZFS:0000043	
ZFA:0001704	scale primordium	structure	3	ZFA:0001477	ZFA:0001119	ZFS:0000041	ZFS:0000043	scale placode [RELATED] | scale primordia  [EXACT]
ZFA:0001705	endolymphatic duct	structure	4	ZFA:0005171	ZFA:0000217	ZFS:0000000	ZFS:0000044	
ZFA:0001706	Purkinje cell layer corpus cerebelli	structure	3	ZFA:0001477	ZFA:0000188	ZFS:0000000	ZFS:0000044	
ZFA:0001707	brainstem	structure	3	ZFA:0001488	ZFA:0000012	ZFS:0000000	ZFS:0000044	
ZFA:0001708	cerebellar white matter	structure	4	ZFA:0001682	ZFA:0000100	ZFS:0000000	ZFS:0000044	cerebellar tracts/commissures [EXACT]
ZFA:0001709	Purkinje cell layer valvula cerebelli	structure	3	ZFA:0001477	ZFA:0000603	ZFS:0000000	ZFS:0000044	
ZFA:0001710	mossy fiber	structure	3	ZFA:0001477	ZFA:0000188;ZFA:0000603	ZFS:0000000	ZFS:0000044	mossy fibers [EXACT]
ZFA:0001711	climbing fiber	structure	3	ZFA:0001477	ZFA:0000188;ZFA:0000603	ZFS:0000000	ZFS:0000044	climbing fibers [EXACT]
ZFA:0001712	presumptive bulbus arteriosus	structure	3	ZFA:0001477	ZFA:0000360	ZFS:0000029	ZFS:0000031	
ZFA:0001713	parallel fiber	structure	3	ZFA:0001477	ZFA:0000394;ZFA:0000913	ZFS:0000000	ZFS:0000044	parallel fibers [EXACT]
ZFA:0001714	presumptive ventral mesoderm	structure	5	ZFA:0001377		ZFS:0000014	ZFS:0000019	
ZFA:0001715	otic vesicle protrusion	structure	3	ZFA:0001477	ZFA:0000051	ZFS:0000032	ZFS:0000035	
ZFA:0001716	otic vesicle ventral protrusion	structure	4	ZFA:0001715		ZFS:0000034	ZFS:0000035	
ZFA:0001717	pillar of the semicircular canal	structure	3	ZFA:0001477	ZFA:0000431	ZFS:0000035	ZFS:0000044	
ZFA:0001718	presumptive atrium heart tube	structure	3	ZFA:0001488	ZFA:0000360	ZFS:0000029	ZFS:0000031	
ZFA:0001719	presumptive cardiac ventricle heart tube	structure	3	ZFA:0001488	ZFA:0000360	ZFS:0000029	ZFS:0000031	
ZFA:0001720	presumptive cardiac ventricle primitive heart tube	structure	3	ZFA:0001488	ZFA:0000149	ZFS:0000028	ZFS:0000029	
ZFA:0001721	presumptive atrium primitive heart tube	structure	3	ZFA:0001488	ZFA:0000149	ZFS:0000028	ZFS:0000029	
ZFA:0001722	presumptive sinus venosus	structure	3	ZFA:0001477	ZFA:0000360	ZFS:0000029	ZFS:0000031	
ZFA:0001723	presumptive atrioventricular canal	structure	3	ZFA:0001477	ZFA:0000360	ZFS:0000031	ZFS:0000031	
ZFA:0001724	presumptive endocardium	structure	3	ZFA:0001477	ZFA:0000360	ZFS:0000029	ZFS:0000031	
ZFA:0001725	immature Schwann cell	cell	5	ZFA:0009147	ZFA:0000142	ZFS:0000025	ZFS:0000032	
ZFA:0005000	basal communicating artery	structure	5	ZFA:0000005	ZFA:0005297	ZFS:0000031	ZFS:0000000	BCA [EXACT]
ZFA:0005001	posterior communicating artery	structure	5	ZFA:0000005		ZFS:0000031	ZFS:0000044	caudal communicating segment [EXACT] | PCA [EXACT] | PCS [EXACT] | posterior communicating segment of the basilar artery [EXACT]
ZFA:0005002	basilar artery	structure	5	ZFA:0000005	ZFA:0005297	ZFS:0000029	ZFS:0000044	BA [EXACT]
ZFA:0005003	pharyngeal vasculature	structure	4	ZFA:0005249	ZFA:0001267;ZFA:0001306	ZFS:0000000	ZFS:0000044	branchial basket [RELATED] | branchial vasculature [EXACT]
ZFA:0005004	aortic arch	structure	5	ZFA:0000005	ZFA:0005003	ZFS:0000029	ZFS:0000044	aortic arches [EXACT] | branchial aortic arches  [EXACT]
ZFA:0005005	aortic arch 1	structure	5	ZFA:0005004	ZFA:0001612	ZFS:0000029	ZFS:0000000	AA1 [EXACT] | mandibular aortic arch [EXACT]
ZFA:0005006	aortic arch 2	structure	5	ZFA:0005004	ZFA:0001611	ZFS:0000029	ZFS:0000034	AA2 [EXACT] | hyoid aortic arch [EXACT]
ZFA:0005007	aortic arch 3	structure	6	ZFA:0005004	ZFA:0001606	ZFS:0000033	ZFS:0000044	AA3 [EXACT]
ZFA:0005008	aortic arch 4	structure	6	ZFA:0005004	ZFA:0001607	ZFS:0000033	ZFS:0000044	AA4 [EXACT]
ZFA:0005009	aortic arch 5	structure	6	ZFA:0005004	ZFA:0001608	ZFS:0000034	ZFS:0000044	AA5 [EXACT]
ZFA:0005010	mid cerebral vein	structure	5	ZFA:0000082	ZFA:0005297	ZFS:0000029	ZFS:0000000	MCeV [EXACT] | MeCV [EXACT] | mid-cerebral vein [EXACT] | middle cerebral vein [EXACT]
ZFA:0005011	pseudobranchial artery	structure	5	ZFA:0000005		ZFS:0000035	ZFS:0000000	pseudobranchial arteries [EXACT]
ZFA:0005012	afferent filamental artery	structure	5	ZFA:0000005	ZFA:0000666;ZFA:0000716	ZFS:0000000	ZFS:0000044	AFA [EXACT] | afferent filamental arteries [EXACT]
ZFA:0005013	concurrent branch afferent branchial artery	structure	5	ZFA:0000005	ZFA:0000716	ZFS:0000000	ZFS:0000044	CCB [EXACT]
ZFA:0005014	recurrent branch afferent branchial artery	structure	5	ZFA:0000005	ZFA:0000716	ZFS:0000000	ZFS:0000044	RCB [EXACT] | recurrent branch afferent branchial arteries [EXACT]
ZFA:0005015	afferent lamellar arteriole	structure	4	ZFA:0005255	ZFA:0000211;ZFA:0005012	ZFS:0000000	ZFS:0000044	afferent lamellar arterioles [EXACT] | AFL [EXACT]
ZFA:0005016	aortic arch 6	structure	6	ZFA:0005004	ZFA:0001609	ZFS:0000034	ZFS:0000000	AA6 [EXACT]
ZFA:0005017	primordial midbrain channel	structure	5	ZFA:0000082	ZFA:0005297	ZFS:0000029	ZFS:0000000	PMBC [EXACT]
ZFA:0005018	efferent filamental artery	structure	5	ZFA:0000005	ZFA:0000202;ZFA:0000666	ZFS:0000000	ZFS:0000044	EFA [EXACT]
ZFA:0005019	efferent lamellar arteriole	structure	4	ZFA:0005255	ZFA:0000211;ZFA:0005018	ZFS:0000000	ZFS:0000044	efferent lamellar arterioles [EXACT] | ELA [EXACT]
ZFA:0005020	central artery	structure	5	ZFA:0000005	ZFA:0000099	ZFS:0000033	ZFS:0000000	CtA [EXACT]
ZFA:0005021	cerebellar central artery	structure	6	ZFA:0005020		ZFS:0000035	ZFS:0000000	CCtA [EXACT]
ZFA:0005022	opercular artery	structure	5	ZFA:0000005		ZFS:0000033	ZFS:0000044	external carotid artery [RELATED] | ORA [EXACT]
ZFA:0005023	hematopoietic system	structure	4	ZFA:0001439		ZFS:0000023	ZFS:0000044	
ZFA:0005024	trunk vasculature	structure	4	ZFA:0005249	ZFA:0001115	ZFS:0000027	ZFS:0000044	
ZFA:0005025	dorsal longitudinal anastomotic vessel	structure	4	ZFA:0005314	ZFA:0001073;ZFA:0005024;ZFA:0005037	ZFS:0000031	ZFS:0000000	DLAV [EXACT]
ZFA:0005026	primary head sinus	structure	5	ZFA:0000082	ZFA:0005297	ZFS:0000033	ZFS:0000000	lateral head vein [EXACT] | PHS [EXACT]
ZFA:0005027	posterior cerebral vein	structure	5	ZFA:0000082	ZFA:0000099	ZFS:0000033	ZFS:0000000	caudal cerebral vein [EXACT] | PCeV [EXACT]
ZFA:0005028	ventral wall of dorsal aorta	structure	3	ZFA:0001477	ZFA:0000014;ZFA:0005023	ZFS:0000028	ZFS:0000044	AGM [RELATED] | aorta gonad mesonephros region [EXACT] | DA roof [RELATED] | DA-PCV joint  [EXACT] | dorsal aorta - posterior cardinal vein joint [EXACT] | DP joint [EXACT]
ZFA:0005029	rostral blood island	structure	3	ZFA:0001477	ZFA:0005023	ZFS:0000024	ZFS:0000000	anterior myeloid compartment [RELATED] | RBI [EXACT]
ZFA:0005030	dorsal ciliary vein	structure	5	ZFA:0000082	ZFA:0005297	ZFS:0000033	ZFS:0000000	DCV [EXACT]
ZFA:0005031	dorsal longitudinal vein	structure	5	ZFA:0000082	ZFA:0000099	ZFS:0000033	ZFS:0000000	DLV [EXACT]
ZFA:0005032	optic vein	structure	5	ZFA:0000082		ZFS:0000030	ZFS:0000044	OV [EXACT]
ZFA:0005033	vertebral artery	structure	5	ZFA:0000005		ZFS:0000036	ZFS:0000000	vertebral arteries [EXACT]
ZFA:0005034	parachordal vessel	structure	5	ZFA:0000082	ZFA:0005024;ZFA:0005037	ZFS:0000036	ZFS:0000000	PAV [EXACT]
ZFA:0005035	subintestinal vein	structure	5	ZFA:0000082	ZFA:0005024	ZFS:0000034	ZFS:0000000	SIV [EXACT] | vitelline vein [EXACT]
ZFA:0005036	supraintestinal artery	structure	5	ZFA:0000005		ZFS:0000035	ZFS:0000000	SIA [EXACT]
ZFA:0005037	post-vent vasculature	structure	4	ZFA:0005249	ZFA:0001117	ZFS:0000000	ZFS:0000044	tail vasculature [RELATED]
ZFA:0005038	supraintestinal vein	structure	5	ZFA:0000082	ZFA:0005024	ZFS:0000033	ZFS:0000000	<new synonym> [RELATED] | supraintestinal veins [EXACT]
ZFA:0005039	anterior lateral mesoderm	structure	3	ZFA:0001477	ZFA:0001065	ZFS:0000023	ZFS:0000000	ALM [EXACT]
ZFA:0005040	posterior lateral mesoderm	structure	5	ZFA:0000041	ZFA:0001065	ZFS:0000023	ZFS:0000000	PLM [EXACT]
ZFA:0005041	anterior lateral plate mesoderm	structure	3	ZFA:0001477	ZFA:0000121	ZFS:0000023	ZFS:0000029	ALPM [EXACT]
ZFA:0005042	posterior lateral plate mesoderm	structure	5	ZFA:0000041	ZFA:0000121	ZFS:0000024	ZFS:0000000	PLPM [EXACT]
ZFA:0005043	nevus	structure	3	ZFA:0001477	ZFA:0001119	ZFS:0000000	ZFS:0000044	f-nevi [EXACT] | naevus [EXACT]
ZFA:0005044	optic artery	structure	5	ZFA:0000005;ZFA:0007057		ZFS:0000029	ZFS:0000044	optic arteries [EXACT]
ZFA:0005045	hyaloid artery	structure	5	ZFA:0000005	ZFA:0005046	ZFS:0000029	ZFS:0000044	hyaloid arteries [EXACT]
ZFA:0005046	hyaloid vessel	structure	6	ZFA:0007057		ZFS:0000029	ZFS:0000044	hyaloid vasculature [RELATED] | hyaloid vessels [EXACT]
ZFA:0005047	hyaloid vein	structure	5	ZFA:0000082	ZFA:0005046	ZFS:0000029	ZFS:0000044	hyaloid veins [EXACT]
ZFA:0005048	primitive prosencephalic artery	structure	5	ZFA:0000005		ZFS:0000030	ZFS:0000033	PPrA [EXACT]
ZFA:0005049	prosencephalic artery	structure	5	ZFA:0000005		ZFS:0000033	ZFS:0000000	PrA [EXACT]
ZFA:0005050	palatocerebral artery	structure	5	ZFA:0000005		ZFS:0000033	ZFS:0000000	PLA [EXACT]
ZFA:0005051	communicating vessel palatocerebral artery	structure	5	ZFA:0000005		ZFS:0000033	ZFS:0000000	CMV [EXACT] | communicating vessels [EXACT]
ZFA:0005052	anterior mesencephalic central artery	structure	6	ZFA:0005020		ZFS:0000033	ZFS:0000000	AMCtA [EXACT] | rostral mesencephalic central artery [EXACT]
ZFA:0005053	nasal ciliary artery	structure	5	ZFA:0000005		ZFS:0000031	ZFS:0000000	NCA [EXACT]
ZFA:0005054	inner optic circle	structure	5	ZFA:0000005;ZFA:0007057		ZFS:0000000	ZFS:0000044	IOC [EXACT]
ZFA:0005055	median palatocerebral vein	structure	5	ZFA:0000082	ZFA:0005297	ZFS:0000033	ZFS:0000000	MPLV [EXACT]
ZFA:0005056	palatocerebral vein	structure	5	ZFA:0000082	ZFA:0005297	ZFS:0000034	ZFS:0000000	PLV [EXACT]
ZFA:0005057	epicardium	structure	3	ZFA:0001477	ZFA:0000114	ZFS:0000035	ZFS:0000044	
ZFA:0005058	ventricular epicardium	structure	3	ZFA:0001477	ZFA:0000009;ZFA:0005057	ZFS:0000035	ZFS:0000044	
ZFA:0005059	trabecular layer	structure	3	ZFA:0001477	ZFA:0001319	ZFS:0000000	ZFS:0000044	trabecula [RELATED]
ZFA:0005060	trabecular layer of ventricle	structure	3	ZFA:0001477	ZFA:0005059;ZFA:0005061	ZFS:0000000	ZFS:0000044	
ZFA:0005061	ventricular myocardium	structure	3	ZFA:0001477	ZFA:0000009;ZFA:0001319	ZFS:0000000	ZFS:0000044	
ZFA:0005062	compact layer of ventricle	structure	3	ZFA:0001477	ZFA:0005061	ZFS:0000000	ZFS:0000044	
ZFA:0005063	cardiac conduction system	structure	4	ZFA:0001439	ZFA:0000114	ZFS:0000000	ZFS:0000044	cardiac pacemaker [EXACT] | central conduction system [EXACT]
ZFA:0005064	atrioventricular valve	structure	4	ZFA:0005065	ZFA:0000009;ZFA:0000471	ZFS:0000000	ZFS:0000044	
ZFA:0005065	heart valve	structure	3	ZFA:0001488	ZFA:0000114	ZFS:0000035	ZFS:0000044	heart valves [EXACT]
ZFA:0005066	bulbus arteriosus outer layer	structure	3	ZFA:0001477	ZFA:0000173	ZFS:0000000	ZFS:0000044	bulbus arteriosus externa [EXACT]
ZFA:0005067	bulbus arteriosus middle layer	structure	3	ZFA:0001488	ZFA:0000173	ZFS:0000000	ZFS:0000044	bulbus arteriosus media [EXACT]
ZFA:0005068	bulbus arteriosus inner layer	structure	3	ZFA:0001488	ZFA:0000173	ZFS:0000000	ZFS:0000044	bulbus arteriosus intima [EXACT]
ZFA:0005069	sinoatrial node	structure	3	ZFA:0001477	ZFA:0000471;ZFA:0005063	ZFS:0000035	ZFS:0000044	
ZFA:0005070	atrioventricular node	structure	3	ZFA:0001477	ZFA:0001315;ZFA:0005063	ZFS:0000035	ZFS:0000044	AV node [EXACT] | downstream pacemaker [RELATED]
ZFA:0005072	endocardial ring	structure	3	ZFA:0001477	ZFA:0001320;ZFA:0005073	ZFS:0000032	ZFS:0000035	
ZFA:0005073	atrioventricular ring	structure	3	ZFA:0001477	ZFA:0001315;ZFA:0005063	ZFS:0000032	ZFS:0000035	AV ring [EXACT]
ZFA:0005074	central cardiac conduction system	structure	5	ZFA:0005063		ZFS:0000000	ZFS:0000044	
ZFA:0005075	peripheral cardiac conduction system	structure	5	ZFA:0005063	ZFA:0000009	ZFS:0000035	ZFS:0000044	distal conduction system  [RELATED] | ventricular fast conduction system [EXACT]
ZFA:0005076	primordial vasculature	structure	3	ZFA:0001477	ZFA:0000010	ZFS:0000026	ZFS:0000034	
ZFA:0005077	vascular cord	structure	4	ZFA:0005076		ZFS:0000026	ZFS:0000028	
ZFA:0005078	middle mesencephalic central artery	structure	6	ZFA:0005020		ZFS:0000033	ZFS:0000000	MMCtA [EXACT]
ZFA:0005079	posterior mesencephalic central artery	structure	6	ZFA:0005020		ZFS:0000033	ZFS:0000000	caudal mesencephalic central artery [EXACT] | PMCtA [EXACT]
ZFA:0005080	anterior mesenteric artery	structure	5	ZFA:0000005		ZFS:0000034	ZFS:0000000	AMA [EXACT] | rostral mesenteric artery [EXACT]
ZFA:0005081	internal carotid artery	structure	5	ZFA:0000005	ZFA:0000097	ZFS:0000000	ZFS:0000044	cranial carotid artery [EXACT] | ICA [EXACT]
ZFA:0005082	dorsal branch nasal ciliary artery	structure	5	ZFA:0000005;ZFA:0007057	ZFA:0005053	ZFS:0000033	ZFS:0000000	dorsal branch nasal ciliary arteries [EXACT]
ZFA:0005083	ventral branch nasal ciliary artery	structure	5	ZFA:0000005;ZFA:0007057	ZFA:0005053	ZFS:0000033	ZFS:0000000	
ZFA:0005084	metencephalic artery	structure	5	ZFA:0000005		ZFS:0000031	ZFS:0000000	metencephalic arteries [EXACT]
ZFA:0005085	nasal artery	structure	5	ZFA:0000005		ZFS:0000036	ZFS:0000044	NA [EXACT]
ZFA:0005086	pectoral artery	structure	5	ZFA:0000005	ZFA:0005301	ZFS:0000034	ZFS:0000044	PA [EXACT] | subclavian artery [EXACT]
ZFA:0005087	pectoral vein	structure	5	ZFA:0000082	ZFA:0005301	ZFS:0000034	ZFS:0000044	PV [EXACT]
ZFA:0005088	posterior mesenteric artery	structure	5	ZFA:0000005		ZFS:0000034	ZFS:0000000	caudal mesenteric artery [EXACT] | PMA [EXACT]
ZFA:0005089	swim bladder artery	structure	5	ZFA:0000005		ZFS:0000034	ZFS:0000044	SBA [EXACT]
ZFA:0005090	hepatic portal vein	structure	5	ZFA:0000082	ZFA:0000123	ZFS:0000035	ZFS:0000044	HPV [EXACT] | primary hepatic portal vein [RELATED]
ZFA:0005091	hepatic sinusoid	structure	4	ZFA:0005314	ZFA:0000123;ZFA:0005024	ZFS:0000000	ZFS:0000044	hepatic sinusoids [EXACT]
ZFA:0005092	mesencephalic vein	structure	5	ZFA:0000082		ZFS:0000033	ZFS:0000000	MsV [EXACT]
ZFA:0005093	nasal vein	structure	5	ZFA:0000082	ZFA:0005297	ZFS:0000036	ZFS:0000044	NV [EXACT]
ZFA:0005094	optic choroid vascular plexus	structure	4	ZFA:0005933;ZFA:0007057	ZFA:0005229	ZFS:0000036	ZFS:0000044	choroid vasculature [EXACT] | CVP [EXACT]
ZFA:0005095	fin vasculature	structure	4	ZFA:0005249	ZFA:0000108	ZFS:0000000	ZFS:0000044	
ZFA:0005096	pectoral fin vasculature	structure	5	ZFA:0005095	ZFA:0001161	ZFS:0000034	ZFS:0000044	
ZFA:0005097	caudal fin vasculature	structure	5	ZFA:0005095	ZFA:0001058	ZFS:0000000	ZFS:0000044	
ZFA:0005098	central ray artery	structure	5	ZFA:0000005	ZFA:0005299	ZFS:0000000	ZFS:0000044	central ray arteries [EXACT]
ZFA:0005099	ray vein	structure	5	ZFA:0000082	ZFA:0005299	ZFS:0000000	ZFS:0000044	ray veins [EXACT]
ZFA:0005100	intervessel commissure	structure	5	ZFA:0005299		ZFS:0000000	ZFS:0000044	intervessel comisures [EXACT]
ZFA:0005101	interray vessel	structure	5	ZFA:0005299		ZFS:0000000	ZFS:0000044	interray vessels [EXACT]
ZFA:0005102	presumptive median fin fold	structure	4	ZFA:0001116		ZFS:0000027	ZFS:0000028	
ZFA:0005103	presumptive ventral fin fold	structure	5	ZFA:0005102		ZFS:0000027	ZFS:0000028	
ZFA:0005104	presumptive dorsal fin fold	structure	5	ZFA:0005102		ZFS:0000027	ZFS:0000028	
ZFA:0005105	lymph vasculature	structure	4	ZFA:0005249	ZFA:0000385	ZFS:0000032	ZFS:0000044	lymph vessel [RELATED] | lymph vessels [EXACT]
ZFA:0005106	longitudinal lateral lymphatic vessel	structure	4	ZFA:0005844		ZFS:0000000	ZFS:0000044	LLL [EXACT]
ZFA:0005107	pectoral lymphatic vessel	structure	4	ZFA:0005844		ZFS:0000000	ZFS:0000044	PL [EXACT]
ZFA:0005108	facial lymphatic vessel	structure	4	ZFA:0005844	ZFA:0005831	ZFS:0000000	ZFS:0000044	FL [EXACT]
ZFA:0005109	jugular lymphatic vessel	structure	4	ZFA:0005844	ZFA:0005831	ZFS:0000000	ZFS:0000044	JL [EXACT] | JLV [EXACT]
ZFA:0005110	thoracic duct	structure	5	ZFA:0005296		ZFS:0000035	ZFS:0000044	
ZFA:0005111	medial forebrain bundle	structure	4	ZFA:0001682		ZFS:0000030	ZFS:0000044	medial forebrain bundles [EXACT]
ZFA:0005112	dorsal lateral line	structure	4	ZFA:0001469	ZFA:0001471	ZFS:0000034	ZFS:0000044	dorsal lateral lines [EXACT]
ZFA:0005113	dorsal lateral line neuromast	structure	5	ZFA:0000243	ZFA:0005112	ZFS:0000034	ZFS:0000044	neuromast dorsal [EXACT]
ZFA:0005114	middle lateral line system	structure	6	ZFA:0000034		ZFS:0000000	ZFS:0000044	
ZFA:0005115	primary posterior lateral line primordium	structure	5	ZFA:0001157		ZFS:0000027	ZFS:0000033	primary posterior lateral line primordia [EXACT] | primI [EXACT]
ZFA:0005116	secondary posterior lateral line primordium	structure	5	ZFA:0001157		ZFS:0000033	ZFS:0000000	secondary posterior lateral line primordia [EXACT]
ZFA:0005117	anterior lateral line primordium	structure	4	ZFA:0000228	ZFA:0001468	ZFS:0000030	ZFS:0000000	anterior lateral line primordia [EXACT]
ZFA:0005118	middle lateral line primordium	structure	4	ZFA:0000228	ZFA:0005114	ZFS:0000031	ZFS:0000000	middle lateral line primordia [EXACT]
ZFA:0005119	barbel primordium	structure	4	ZFA:0000292		ZFS:0000042	ZFS:0000043	barbel primordia [EXACT]
ZFA:0005120	peritoneum	structure	4	ZFA:0005425		ZFS:0000000	ZFS:0000044	
ZFA:0005121	middle lateral line placode	structure	5	ZFA:0001310	ZFA:0005114	ZFS:0000000	ZFS:0000033	middle lateral line placodes [EXACT]
ZFA:0005122	dorsal axial hypoblast	structure	3	ZFA:0001477	ZFA:0001378	ZFS:0000020	ZFS:0000022	
ZFA:0005123	gut epithelium	structure	4	ZFA:0001486	ZFA:0000112	ZFS:0000000	ZFS:0000044	
ZFA:0005124	intestinal epithelium	structure	4	ZFA:0001496	ZFA:0005123;ZFA:0005660	ZFS:0000000	ZFS:0000044	intestine epithelium [EXACT] | villous epithelium [EXACT]
ZFA:0005125	intestinal villus	structure	3	ZFA:0001477	ZFA:0005124	ZFS:0000037	ZFS:0000044	intestinal villi [EXACT]
ZFA:0005126	intestinal bulb epithelium	structure	4	ZFA:0005124	ZFA:0001076	ZFS:0000000	ZFS:0000044	
ZFA:0005127	mid intestine epithelium	structure	4	ZFA:0005124	ZFA:0001323	ZFS:0000000	ZFS:0000044	
ZFA:0005128	posterior intestine epithelium	structure	4	ZFA:0005124	ZFA:0000706	ZFS:0000000	ZFS:0000044	
ZFA:0005129	mesentery	structure	4	ZFA:0001486	ZFA:0005120	ZFS:0000000	ZFS:0000044	
ZFA:0005130	dorsal mesentery	structure	5	ZFA:0005129		ZFS:0000000	ZFS:0000044	
ZFA:0005131	parietal peritoneum	structure	4	ZFA:0005425	ZFA:0005120;ZFA:0007116	ZFS:0000000	ZFS:0000044	
ZFA:0005132	visceral peritoneum	structure	4	ZFA:0005425	ZFA:0005120	ZFS:0000000	ZFS:0000044	tunica serosa [RELATED]
ZFA:0005133	ventral mesentery	structure	5	ZFA:0005129		ZFS:0000000	ZFS:0000044	
ZFA:0005134	dental epithelium	structure	4	ZFA:0001486		ZFS:0000000	ZFS:0000044	dental epithelia [EXACT]
ZFA:0005135	primary dental epithelium	structure	5	ZFA:0005134		ZFS:0000000	ZFS:0000044	pharyngeal tooth epithelium [EXACT] | tooth epithelium [EXACT]
ZFA:0005136	inner dental epithelium	structure	4	ZFA:0005134	ZFA:0005138	ZFS:0000000	ZFS:0000044	ide [EXACT] | inner enamel epithelium [EXACT]
ZFA:0005137	outer dental epithelium	structure	4	ZFA:0005134	ZFA:0005138	ZFS:0000000	ZFS:0000044	ode [EXACT]
ZFA:0005138	dental organ	structure	3	ZFA:0001488		ZFS:0000000	ZFS:0000044	enamel organ [EXACT]
ZFA:0005139	dental mesenchyme	structure	4	ZFA:0000113	ZFA:0005138	ZFS:0000000	ZFS:0000044	
ZFA:0005140	dental papilla	structure	3	ZFA:0001477		ZFS:0000000	ZFS:0000044	pharyngeal tooth mesenchyme [EXACT] | tooth mesenchyme [EXACT]
ZFA:0005141	tooth pulp	structure	3	ZFA:0001488	ZFA:0000694	ZFS:0000000	ZFS:0000044	
ZFA:0005142	enameloid	structure	4	ZFA:0005623	ZFA:0000694	ZFS:0000000	ZFS:0000044	enamel [RELATED]
ZFA:0005143	dentine	structure	4	ZFA:0005623	ZFA:0000694	ZFS:0000000	ZFS:0000044	dentin  [EXACT]
ZFA:0005144	ampullary nerve	structure	4	ZFA:0007009	ZFA:0000247	ZFS:0000000	ZFS:0000044	ampullary nerves [EXACT]
ZFA:0005145	muscle	structure	3	ZFA:0001477	ZFA:0000548	ZFS:0000000	ZFS:0000044	muscles [EXACT]
ZFA:0005146	area postrema	structure	3	ZFA:0001477	ZFA:0000545	ZFS:0000000	ZFS:0000044	
ZFA:0005147	regenerating tissue	structure	3	ZFA:0001477		ZFS:0000000	ZFS:0000044	regenerating tissues [EXACT]
ZFA:0005148	apical epidermal cap	structure	4	ZFA:0005147	ZFA:0001389	ZFS:0000000	ZFS:0000044	apical epidermal caps [EXACT]
ZFA:0005149	distal epidermal cap	structure	4	ZFA:0005147	ZFA:0001389	ZFS:0000000	ZFS:0000044	distal epidermal caps [EXACT]
ZFA:0005150	basal regeneration epithelium	structure	4	ZFA:0005147	ZFA:0001389	ZFS:0000000	ZFS:0000044	basal wound epidermis [EXACT]
ZFA:0005151	gold iridophore	cell	5	ZFA:0009199		ZFS:0000032	ZFS:0000044	
ZFA:0005152	silver iridophore	cell	5	ZFA:0009199		ZFS:0000032	ZFS:0000044	
ZFA:0005153	synovial joint	structure	5	ZFA:0001596		ZFS:0000000	ZFS:0000044	diarthrodial joints [RELATED] | diarthroses [EXACT]
ZFA:0005154	synovial fluid	structure	2	ZFA:0001487	ZFA:0005153	ZFS:0000000	ZFS:0000044	
ZFA:0005155	cartilaginous joint	structure	5	ZFA:0001596		ZFS:0000000	ZFS:0000044	synchondrosis [EXACT]
ZFA:0005156	fibrous joint	structure	5	ZFA:0001596		ZFS:0000000	ZFS:0000044	syndesmoses [EXACT] | syndesmosis [EXACT]
ZFA:0005157	tela chorioidea tectal ventricle	structure	4	ZFA:0000447	ZFA:0000159	ZFS:0000029	ZFS:0000044	tela choroidea tectal ventricle [EXACT]
ZFA:0005158	tela chorioidea fourth ventricle	structure	4	ZFA:0000447	ZFA:0000110	ZFS:0000029	ZFS:0000044	tela choroidea fourth ventricle [EXACT]
ZFA:0005159	tela chorioidea third ventricle	structure	4	ZFA:0000447	ZFA:0000161	ZFS:0000029	ZFS:0000044	tela choroidea third ventricle [EXACT]
ZFA:0005160	tela chorioidea telencephalic ventricle	structure	4	ZFA:0000447	ZFA:0000696	ZFS:0000029	ZFS:0000044	tela choroidea telencephalic ventricle [EXACT]
ZFA:0005161	hepatic artery	structure	5	ZFA:0000005	ZFA:0000123	ZFS:0000000	ZFS:0000044	
ZFA:0005162	digestive system duct	structure	4	ZFA:0005171	ZFA:0000339	ZFS:0000025	ZFS:0000044	
ZFA:0005163	bile canaliculus	structure	2	ZFA:0001643	ZFA:0000123	ZFS:0000035	ZFS:0000044	
ZFA:0005164	bile ductule	structure	5	ZFA:0005162	ZFA:0000123	ZFS:0000035	ZFS:0000044	
ZFA:0005165	common bile duct	structure	5	ZFA:0005162	ZFA:0001100	ZFS:0000035	ZFS:0000044	
ZFA:0005166	cystic duct	structure	5	ZFA:0005162	ZFA:0000036	ZFS:0000035	ZFS:0000044	
ZFA:0005167	hepatopancreatic ampulla	structure	5	ZFA:0005162	ZFA:0000339	ZFS:0000035	ZFS:0000044	ampulla of Vater [EXACT] | papilla duodeni major [RELATED] | papilla Vateri [EXACT]
ZFA:0005168	central vein	structure	5	ZFA:0000082	ZFA:0000123	ZFS:0000000	ZFS:0000044	
ZFA:0005169	intrahepatic bile duct	structure	5	ZFA:0005162	ZFA:0000123	ZFS:0000035	ZFS:0000044	
ZFA:0005170	extrahepatic duct	structure	5	ZFA:0005162	ZFA:0001100	ZFS:0000035	ZFS:0000044	
ZFA:0005171	duct	structure	3	ZFA:0001488		ZFS:0000000	ZFS:0000044	
ZFA:0005172	left liver lobe	structure	3	ZFA:0001488	ZFA:0000123	ZFS:0000033	ZFS:0000044	1st lobe [EXACT] | first lobe [EXACT]
ZFA:0005173	right liver lobe	structure	3	ZFA:0001488	ZFA:0000123	ZFS:0000035	ZFS:0000044	2nd lobe [EXACT] | gall bladder lobe [EXACT] | second lobe [EXACT]
ZFA:0005174	ventral liver lobe	structure	3	ZFA:0001488	ZFA:0000123	ZFS:0000040	ZFS:0000044	3rd lobe [EXACT] | third lobe [EXACT]
ZFA:0005175	CoPA	cell	6	ZFA:0000778		ZFS:0000026	ZFS:0000044	primary commissural interneuron [EXACT]
ZFA:0005176	CoSA	cell	6	ZFA:0000778		ZFS:0000026	ZFS:0000044	secondary commissural interneuron [EXACT]
ZFA:0005177	VeLD	cell	6	ZFA:0000778		ZFS:0000026	ZFS:0000044	V2b interneuron [RELATED] | ventral longitudinal interneuron [EXACT]
ZFA:0005178	DoLA	cell	6	ZFA:0000778		ZFS:0000026	ZFS:0000044	dorsal longitudinal interneuron [EXACT]
ZFA:0005179	MiP motor neuron	cell	6	ZFA:0009244		ZFS:0000026	ZFS:0000044	middle primary motoneuron [EXACT]
ZFA:0005180	RoP motor neuron	cell	6	ZFA:0009244		ZFS:0000026	ZFS:0000044	rostral primary motoneuron [EXACT]
ZFA:0005181	VaP motor neuron	cell	6	ZFA:0009244		ZFS:0000026	ZFS:0000000	variable primary motoneuron [EXACT]
ZFA:0005183	MiD2i	cell	5	ZFA:0005209;ZFA:0005865	ZFA:0000823	ZFS:0000000	ZFS:0000044	middle dorsal 2 ipsilateral interneuron  [EXACT]
ZFA:0005184	MiD2cl	cell	5	ZFA:0005209;ZFA:0005865	ZFA:0000823	ZFS:0000000	ZFS:0000044	middle dorsal 2 contralateral llf interneuron  [EXACT]
ZFA:0005185	MiD2cm	cell	5	ZFA:0005209;ZFA:0005865	ZFA:0000823	ZFS:0000000	ZFS:0000044	middle dorsal 2 contralateral mlf interneuron  [EXACT]
ZFA:0005186	CoB	cell	7	ZFA:0005231		ZFS:0000000	ZFS:0000044	bifurcate commissural interneuron [EXACT]
ZFA:0005187	MiM1	cell	5	ZFA:0005209;ZFA:0005865	ZFA:0001032	ZFS:0000000	ZFS:0000044	middle medial interneuron  [EXACT]
ZFA:0005188	MiR1	cell	5	ZFA:0005209;ZFA:0005865	ZFA:0001032	ZFS:0000000	ZFS:0000044	middle rostral 1 interneuron  [EXACT]
ZFA:0005189	MiR2	cell	5	ZFA:0005209;ZFA:0005865	ZFA:0000823	ZFS:0000000	ZFS:0000044	middle rostral 2 interneuron  [EXACT]
ZFA:0005190	MiV1	cell	5	ZFA:0005209;ZFA:0005865	ZFA:0001032	ZFS:0000000	ZFS:0000044	middle ventral 1 neuron  [EXACT]
ZFA:0005191	MiV2	cell	5	ZFA:0005209;ZFA:0005865	ZFA:0000823	ZFS:0000000	ZFS:0000044	middle ventral 2 neuron  [EXACT]
ZFA:0005192	RoI2C	cell	5	ZFA:0005209;ZFA:0005865	ZFA:0000822	ZFS:0000000	ZFS:0000044	rostral intermediate 2 caudal interneuron  [EXACT]
ZFA:0005193	RoI2R	cell	5	ZFA:0005209;ZFA:0005865	ZFA:0000822	ZFS:0000000	ZFS:0000044	rostral intermediate 2 rostral interneuron  [EXACT]
ZFA:0005194	RoL1	cell	5	ZFA:0005209;ZFA:0005865	ZFA:0001031	ZFS:0000000	ZFS:0000044	rostral lateral 1 interneuron  [EXACT]
ZFA:0005195	MiD3cl	cell	5	ZFA:0005209;ZFA:0005865	ZFA:0000069	ZFS:0000000	ZFS:0000044	middle dorsal 3 contralateral llf interneuron  [EXACT]
ZFA:0005196	MiD3cm	cell	5	ZFA:0005209;ZFA:0005865	ZFA:0000069	ZFS:0000000	ZFS:0000044	middle dorsal 3 contralateral mlf interneuron  [EXACT]
ZFA:0005197	MiD3i	cell	5	ZFA:0005209;ZFA:0005865	ZFA:0000069	ZFS:0000000	ZFS:0000044	middle dorsal 3 ipsilateral interneuron  [EXACT]
ZFA:0005198	RoL2	cell	5	ZFA:0005209;ZFA:0005865	ZFA:0000822	ZFS:0000000	ZFS:0000044	rostral lateral 2 interneuron  [EXACT]
ZFA:0005199	RoL2r	cell	6	ZFA:0005198	ZFA:0000822	ZFS:0000000	ZFS:0000044	rostral lateral 2 rostral interneuron  [EXACT]
ZFA:0005200	RoL2c	cell	6	ZFA:0005198	ZFA:0000822	ZFS:0000000	ZFS:0000044	rostral lateral 2 caudal interneuron  [EXACT]
ZFA:0005201	RoL3	cell	5	ZFA:0005209;ZFA:0005865	ZFA:0000948	ZFS:0000000	ZFS:0000044	rostral lateral 3 interneuron  [EXACT]
ZFA:0005202	RoM1c	cell	5	ZFA:0005209;ZFA:0005865	ZFA:0001031	ZFS:0000000	ZFS:0000044	rostral medial 1 caudal interneuron  [EXACT]
ZFA:0005203	RoM1r	cell	5	ZFA:0005209;ZFA:0005865	ZFA:0001031	ZFS:0000000	ZFS:0000044	rostral medial 1 rostral interneuron  [EXACT]
ZFA:0005204	RoV3	cell	5	ZFA:0005209;ZFA:0005865	ZFA:0000948	ZFS:0000000	ZFS:0000044	rostral ventral 3 interneuron  [EXACT]
ZFA:0005205	RoM2l	cell	5	ZFA:0005209;ZFA:0005865	ZFA:0000822	ZFS:0000000	ZFS:0000044	rostral medial 2 lateral interneuron  [EXACT]
ZFA:0005206	RoM2m	cell	5	ZFA:0005209;ZFA:0005865	ZFA:0000822	ZFS:0000000	ZFS:0000044	rostral medial 2 medial interneuron  [EXACT]
ZFA:0005207	RoM3l	cell	5	ZFA:0005209;ZFA:0005865	ZFA:0000948	ZFS:0000000	ZFS:0000044	rostral medial 3 lateral interneuron  [EXACT]
ZFA:0005208	RoM3m	cell	5	ZFA:0005209;ZFA:0005865	ZFA:0000948	ZFS:0000000	ZFS:0000044	rostral medial 3 medial interneuron  [RELATED]
ZFA:0005209	hindbrain interneuron	cell	4	ZFA:0009191	ZFA:0000029	ZFS:0000000	ZFS:0000044	
ZFA:0005210	midbrain interneuron	cell	8	ZFA:0009191		ZFS:0000000	ZFS:0000044	
ZFA:0005211	MeL	cell	4	ZFA:0005210	ZFA:0000128	ZFS:0000000	ZFS:0000044	mesencephalon lateral interneuron [EXACT]
ZFA:0005212	MeM	cell	4	ZFA:0005210;ZFA:0005865	ZFA:0000128	ZFS:0000000	ZFS:0000044	mesencephalon medial interneuron [EXACT]
ZFA:0005213	MeLr	cell	4	ZFA:0005210	ZFA:0000128	ZFS:0000000	ZFS:0000044	mesencephalon lateral rostral interneuron [EXACT]
ZFA:0005214	MeLc	cell	4	ZFA:0005210	ZFA:0000128	ZFS:0000000	ZFS:0000044	mesencephalon lateral caudal interneuron [EXACT]
ZFA:0005215	MeLm	cell	4	ZFA:0005210	ZFA:0000128	ZFS:0000000	ZFS:0000044	mesencephalon lateral medial interneuron [EXACT]
ZFA:0005216	MeM1	cell	4	ZFA:0005210	ZFA:0000128	ZFS:0000000	ZFS:0000044	mesencephalon medial 1 interneuron [EXACT]
ZFA:0005217	CaV	cell	5	ZFA:0005209	ZFA:0000949	ZFS:0000000	ZFS:0000044	caudal ventral interneuron [EXACT]
ZFA:0005218	CaD	cell	5	ZFA:0005209	ZFA:0000949	ZFS:0000000	ZFS:0000044	caudal dorsal interneuron [EXACT]
ZFA:0005219	choroid plexus vascular circuit	structure	6	ZFA:0000099	ZFA:0001443	ZFS:0000038	ZFS:0000044	choroid vascular circuit [RELATED] | CVC [EXACT]
ZFA:0005220	larval melanophore stripe	structure	5	ZFA:0001463		ZFS:0000030	ZFS:0000040	
ZFA:0005221	dorsal larval melanophore stripe	structure	6	ZFA:0005220		ZFS:0000030	ZFS:0000040	
ZFA:0005222	ventral larval melanophore stripe	structure	6	ZFA:0005220		ZFS:0000031	ZFS:0000040	
ZFA:0005223	lateral larval melanophore stripe	structure	6	ZFA:0005220		ZFS:0000032	ZFS:0000040	
ZFA:0005224	yolk larval melanophore stripe	structure	6	ZFA:0005220		ZFS:0000035	ZFS:0000040	
ZFA:0005225	lower lip	structure	5	ZFA:0007006		ZFS:0000000	ZFS:0000044	
ZFA:0005226	upper lip	structure	5	ZFA:0007006		ZFS:0000000	ZFS:0000044	
ZFA:0005227	protoneuromast	structure	4	ZFA:0001478	ZFA:0000034	ZFS:0000028	ZFS:0000000	immature neuromast [RELATED] | proto neuromast [RELATED] | proto-neuromast [RELATED]
ZFA:0005229	optic choroid	structure	3	ZFA:0001477	ZFA:0005567	ZFS:0000000	ZFS:0000044	choroid [EXACT]
ZFA:0005230	CoBL	cell	7	ZFA:0005231		ZFS:0000000	ZFS:0000044	commissural bifurcating longitudinal [EXACT]
ZFA:0005231	bifurcate interneuron	cell	6	ZFA:0000778		ZFS:0000000	ZFS:0000044	
ZFA:0005232	MCoD	cell	6	ZFA:0000778		ZFS:0000026	ZFS:0000044	larval VeLD [RELATED] | multipolar commissural descending interneuron [EXACT] | V0v  [RELATED]
ZFA:0005233	CiD	cell	6	ZFA:0000778		ZFS:0000026	ZFS:0000044	circumferential descending interneuron [EXACT] | commissural descending interneurons [EXACT] | V2a interneuron [RELATED]
ZFA:0005234	CoLA	cell	6	ZFA:0000778		ZFS:0000026	ZFS:0000044	commissural longitudinal ascending interneuron [EXACT]
ZFA:0005235	UCoD	cell	6	ZFA:0000778		ZFS:0000026	ZFS:0000044	unipolar commissural descending interneuron [RELATED]
ZFA:0005236	basophilic erythroblast	cell	7	ZFA:0005237		ZFS:0000030	ZFS:0000044	basophilic normoblast [EXACT] | early erythroblast [EXACT] | early normoblast [RELATED] | prorubricyte [EXACT]
ZFA:0005237	erythroblast	cell	6	ZFA:0009325		ZFS:0000000	ZFS:0000044	normoblast [EXACT]
ZFA:0005238	juxtaglomerular cell	cell	5	ZFA:0009118	ZFA:0000529	ZFS:0000000	ZFS:0000044	kidney granular cell [EXACT] | renin secreting cell [EXACT]
ZFA:0005239	micropylar cell	cell	3	ZFA:0009000	ZFA:0001110	ZFS:0000043	ZFS:0000044	plug cell [EXACT]
ZFA:0005240	Kolmer-Agduhr neuron	cell	7	ZFA:0007120		ZFS:0000023	ZFS:0000044	dorsal CSF-cN [EXACT] | dorsal CSF-cNs [EXACT] | KA cell [EXACT] | KA interneuron [EXACT] | KA neuron [EXACT] | Kolmer-Agduhr cell [EXACT]
ZFA:0005241	polychromatophilic erythroblast	cell	7	ZFA:0005237		ZFS:0000000	ZFS:0000044	intermediate erythroblast [EXACT] | intermediate normoblast [RELATED] | polychromatic erythroblast [EXACT] | polychromatic normoblast [EXACT] | polychromatophilic normoblast [RELATED] | rubricyte [EXACT]
ZFA:0005242	multi-ciliated epithelial cell	cell	5	ZFA:0009035		ZFS:0000000	ZFS:0000044	multiciliated epithelial cell [EXACT]
ZFA:0005243	single ciliated epithelial cell	cell	5	ZFA:0009035		ZFS:0000000	ZFS:0000044	single-ciliated epithelial cell [EXACT]
ZFA:0005244	auditory epithelial support cell	cell	3	ZFA:0009000		ZFS:0000000	ZFS:0000044	auditory support cell [EXACT]
ZFA:0005245	xanthoblast	cell	3	ZFA:0009000		ZFS:0000000	ZFS:0000032	
ZFA:0005246	regeneration fibroblast	cell	4	ZFA:0009026	ZFA:0005147	ZFS:0000000	ZFS:0000044	blastemal fibroblast [EXACT] | blastemal fibroblasts [EXACT]
ZFA:0005247	CiA	cell	6	ZFA:0000778		ZFS:0000026	ZFS:0000044	circumferential ascending interneuron [EXACT] | V1 interneuron [RELATED]
ZFA:0005248	trans-choroid plexus branch	structure	5	ZFA:0000082	ZFA:0005219	ZFS:0000038	ZFS:0000044	TCB [EXACT]
ZFA:0005249	vasculature	structure	3	ZFA:0001488	ZFA:0000010	ZFS:0000026	ZFS:0000044	
ZFA:0005250	capillary	structure	4	ZFA:0005251	ZFA:0001079	ZFS:0000000	ZFS:0000044	
ZFA:0005251	microcirculatory vessel	structure	3	ZFA:0001477	ZFA:0005249	ZFS:0000000	ZFS:0000044	vasculature [RELATED]
ZFA:0005252	lymphatic capillary	structure	4	ZFA:0005251	ZFA:0005105	ZFS:0000000	ZFS:0000044	
ZFA:0005253	renal glomerular capsule epithelium	structure	4	ZFA:0001498	ZFA:0005254	ZFS:0000039	ZFS:0000044	parietal epithelial layer [EXACT]
ZFA:0005254	renal glomerular capsule	structure	3	ZFA:0001477	ZFA:0005281	ZFS:0000039	ZFS:0000044	Bowman's capsule  [EXACT]
ZFA:0005255	arteriole	structure	4	ZFA:0005314	ZFA:0001079	ZFS:0000000	ZFS:0000044	
ZFA:0005256	intervillus pockets	structure	3	ZFA:0001477	ZFA:0005124	ZFS:0000037	ZFS:0000044	intestinal crypt [RELATED]
ZFA:0005257	blood vessel endothelium	structure	5	ZFA:0001639		ZFS:0000000	ZFS:0000044	
ZFA:0005258	lymph vessel endothelium	structure	4	ZFA:0001639	ZFA:0005844	ZFS:0000000	ZFS:0000044	
ZFA:0005259	continuous blood vessel endothelium	structure	6	ZFA:0005257		ZFS:0000000	ZFS:0000044	
ZFA:0005260	fenestrated blood vessel endothelium	structure	6	ZFA:0005257		ZFS:0000000	ZFS:0000044	
ZFA:0005261	sinusoidal blood vessel endothelium	structure	7	ZFA:0005260		ZFS:0000000	ZFS:0000044	
ZFA:0005262	caudal fin dorsal procurrent ray	structure	8	ZFA:0001584		ZFS:0000000	ZFS:0000044	dorsal procurrent caudal-fin ray [EXACT]
ZFA:0005263	caudal fin ventral procurrent ray	structure	8	ZFA:0001584		ZFS:0000000	ZFS:0000044	ventral procurrent ray [EXACT]
ZFA:0005264	primordial ligament	structure	5	ZFA:0001675		ZFS:0000000	ZFS:0000044	articular-maxillary ligament  [EXACT] | ligamentum primordiale  [EXACT] | maxillo-mandibular ligament [EXACT]
ZFA:0005265	premaxillary-maxillary ligament	structure	5	ZFA:0001675		ZFS:0000000	ZFS:0000044	
ZFA:0005266	dorsal longitudinal fasciculus	structure	5	ZFA:0000318		ZFS:0000000	ZFS:0000044	DLF [RELATED]
ZFA:0005267	erector muscle	structure	5	ZFA:0005277		ZFS:0000000	ZFS:0000044	
ZFA:0005268	adductor muscle	structure	5	ZFA:0005277		ZFS:0000000	ZFS:0000044	
ZFA:0005269	abductor muscle	structure	5	ZFA:0005277		ZFS:0000000	ZFS:0000044	
ZFA:0005270	depressor muscle	structure	5	ZFA:0005277		ZFS:0000000	ZFS:0000044	
ZFA:0005271	flexor muscle	structure	5	ZFA:0005277		ZFS:0000000	ZFS:0000044	
ZFA:0005272	immature gonad	structure	3	ZFA:0001488	ZFA:0000632	ZFS:0000040	ZFS:0000041	juvenile gonad [EXACT] | juvenile ovary [EXACT]
ZFA:0005273	intestinal mucosal muscle	structure	5	ZFA:0005274	ZFA:0001338	ZFS:0000000	ZFS:0000044	intestinal lamina muscularis mucosae [RELATED]
ZFA:0005274	smooth muscle	structure	4	ZFA:0005145		ZFS:0000000	ZFS:0000044	
ZFA:0005275	arrector muscle	structure	5	ZFA:0005277		ZFS:0000000	ZFS:0000044	
ZFA:0005276	inclinator muscle	structure	5	ZFA:0005277		ZFS:0000000	ZFS:0000044	
ZFA:0005277	skeletal muscle	structure	4	ZFA:0005145		ZFS:0000000	ZFS:0000044	
ZFA:0005278	enteric longitudinal muscle	structure	5	ZFA:0005274	ZFA:0001324	ZFS:0000000	ZFS:0000044	
ZFA:0005279	enteric circular muscle	structure	5	ZFA:0005274	ZFA:0001324	ZFS:0000000	ZFS:0000044	
ZFA:0005280	cardiac muscle	structure	4	ZFA:0005145		ZFS:0000000	ZFS:0000044	
ZFA:0005281	renal corpuscle	structure	3	ZFA:0001488	ZFA:0005282	ZFS:0000039	ZFS:0000044	Malpighian corpuscle [EXACT]
ZFA:0005282	nephron	structure	4	ZFA:0001478	ZFA:0000529	ZFS:0000039	ZFS:0000044	
ZFA:0005283	renal capsular space	structure	2	ZFA:0001643	ZFA:0005281	ZFS:0000039	ZFS:0000044	Bowman's space [EXACT] | inter-glomerular space [EXACT] | urinary space [EXACT]
ZFA:0005284	glomerular capillary	structure	4	ZFA:0005250	ZFA:0001288;ZFA:0005305;ZFA:0005590	ZFS:0000039	ZFS:0000044	
ZFA:0005285	glomerular basement membrane	structure	4	ZFA:0001485	ZFA:0001288	ZFS:0000039	ZFS:0000044	glomerular filtration membrane [EXACT]
ZFA:0005286	lamina densa	structure	3	ZFA:0000382	ZFA:0005285	ZFS:0000039	ZFS:0000044	
ZFA:0005287	lamina rara interna	structure	3	ZFA:0000382	ZFA:0005285	ZFS:0000039	ZFS:0000044	
ZFA:0005288	lamina rara externa	structure	3	ZFA:0000382	ZFA:0005285	ZFS:0000039	ZFS:0000044	
ZFA:0005289	renal duct	structure	4	ZFA:0005171	ZFA:0000529	ZFS:0000039	ZFS:0000044	
ZFA:0005290	proximal convoluted tubule	structure	5	ZFA:0005289	ZFA:0001287	ZFS:0000039	ZFS:0000044	
ZFA:0005291	proximal straight tubule	structure	5	ZFA:0005289	ZFA:0001287	ZFS:0000039	ZFS:0000044	
ZFA:0005292	distal late tubule	structure	5	ZFA:0005289	ZFA:0001287	ZFS:0000039	ZFS:0000044	
ZFA:0005293	distal early tubule	structure	5	ZFA:0005289	ZFA:0001287	ZFS:0000039	ZFS:0000044	distal early tubules [EXACT]
ZFA:0005294	collecting duct	structure	5	ZFA:0005289		ZFS:0000039	ZFS:0000044	
ZFA:0005295	axial blood vessel	structure	5	ZFA:0001073		ZFS:0000000	ZFS:0000044	
ZFA:0005296	axial lymph vessel	structure	4	ZFA:0001073;ZFA:0005844	ZFA:0005105	ZFS:0000000	ZFS:0000044	
ZFA:0005297	cranial blood vessel	structure	4	ZFA:0005314	ZFA:0001267	ZFS:0000000	ZFS:0000044	
ZFA:0005298	cranial lymph vessel	structure	4	ZFA:0005844	ZFA:0001267	ZFS:0000000	ZFS:0000044	
ZFA:0005299	fin blood vessel	structure	4	ZFA:0005314	ZFA:0005095	ZFS:0000000	ZFS:0000044	
ZFA:0005300	fin lymph vessel	structure	4	ZFA:0005844	ZFA:0005095	ZFS:0000000	ZFS:0000044	
ZFA:0005301	pectoral fin blood vessel	structure	5	ZFA:0005299	ZFA:0005096	ZFS:0000000	ZFS:0000044	
ZFA:0005302	pectoral fin lymph vessel	structure	5	ZFA:0005300	ZFA:0005096	ZFS:0000000	ZFS:0000044	
ZFA:0005303	caudal fin lymph vessel	structure	5	ZFA:0005300	ZFA:0005097;ZFA:0005105	ZFS:0000000	ZFS:0000044	
ZFA:0005304	caudal fin blood vessel	structure	5	ZFA:0005299	ZFA:0005097	ZFS:0000000	ZFS:0000044	
ZFA:0005305	kidney vasculature	structure	4	ZFA:0005249	ZFA:0000529	ZFS:0000037	ZFS:0000044	
ZFA:0005306	kidney blood vessel	structure	4	ZFA:0005314	ZFA:0005305	ZFS:0000037	ZFS:0000044	
ZFA:0005307	afferent glomerular arteriole	structure	4	ZFA:0005255	ZFA:0005281;ZFA:0005305	ZFS:0000039	ZFS:0000044	
ZFA:0005308	efferent glomerular arteriole	structure	4	ZFA:0005255	ZFA:0005281;ZFA:0005305	ZFS:0000039	ZFS:0000044	
ZFA:0005309	pronephric glomerular capillary	structure	4	ZFA:0005250	ZFA:0001557	ZFS:0000000	ZFS:0000039	
ZFA:0005310	pronephric glomerular capsule	structure	3	ZFA:0001477	ZFA:0000151	ZFS:0000000	ZFS:0000039	Bowman's capsule  [EXACT]
ZFA:0005311	pronephric glomerular capsule epithelium	structure	4	ZFA:0001498	ZFA:0005310	ZFS:0000000	ZFS:0000039	pronephric parietal epithelial layer [EXACT]
ZFA:0005312	pronephric capsular space	structure	2	ZFA:0001643	ZFA:0000151	ZFS:0000000	ZFS:0000039	Bowman's space [EXACT] | inter-glomerular space [EXACT] | urinary space [EXACT]
ZFA:0005313	pronephric glomerular basement membrane	structure	4	ZFA:0001485	ZFA:0001557	ZFS:0000000	ZFS:0000039	pronephric glomerular filtration membrane [EXACT]
ZFA:0005314	blood vessel	structure	3	ZFA:0001488	ZFA:0001079	ZFS:0000000	ZFS:0000044	
ZFA:0005315	venule	structure	4	ZFA:0005314	ZFA:0001079	ZFS:0000000	ZFS:0000044	
ZFA:0005316	fin fold pectoral fin bud	structure	3	ZFA:0001488	ZFA:0000141	ZFS:0000033	ZFS:0000033	fin membrane pectoral fin bud [RELATED]
ZFA:0005317	pectoral fin fold	structure	3	ZFA:0001488	ZFA:0001161	ZFS:0000034	ZFS:0000044	pectoral fin membrane [EXACT]
ZFA:0005319	intersegmental lymph vessel	structure	5	ZFA:0005105		ZFS:0000035	ZFS:0000044	islv [EXACT]
ZFA:0005320	dorsal longitudinal lymphatic vessel	structure	5	ZFA:0005296		ZFS:0000035	ZFS:0000044	dllv [EXACT]
ZFA:0005321	vascular smooth muscle	structure	4	ZFA:0005274	ZFA:0005314	ZFS:0000000	ZFS:0000044	
ZFA:0005322	renal principal cell	cell	5	ZFA:0009038;ZFA:0009374	ZFA:0001287	ZFS:0000039	ZFS:0000044	
ZFA:0005323	ionocyte	cell	4	ZFA:0009034		ZFS:0000000	ZFS:0000044	
ZFA:0005324	gill ionocyte	cell	4	ZFA:0005323	ZFA:0000354	ZFS:0000000	ZFS:0000044	
ZFA:0005325	integument ionocyte	cell	5	ZFA:0005323	ZFA:0000368	ZFS:0000000	ZFS:0000044	extrabranchial ionocyte [RELATED] | skin ionocyte [EXACT]
ZFA:0005326	NaK ionocyte	cell	5	ZFA:0005325	ZFA:0000368	ZFS:0000000	ZFS:0000044	NaK-MRC [RELATED] | NaR cell [RELATED]
ZFA:0005327	vH ionocyte	cell	5	ZFA:0005325	ZFA:0000368	ZFS:0000000	ZFS:0000044	HR cell [RELATED] | VH-MRC [RELATED]
ZFA:0005328	iridoblast	cell	3	ZFA:0009000		ZFS:0000000	ZFS:0000032	
ZFA:0005329	leucoblast	cell	3	ZFA:0009000		ZFS:0000000	ZFS:0000032	
ZFA:0005331	pigment erythroblast	cell	3	ZFA:0009000		ZFS:0000000	ZFS:0000032	
ZFA:0005332	cyanoblast	cell	3	ZFA:0009000		ZFS:0000000	ZFS:0000032	
ZFA:0005333	tongue	structure	3	ZFA:0001488	ZFA:0000547	ZFS:0000000	ZFS:0000044	
ZFA:0005334	lip epithelium	structure	4	ZFA:0001486	ZFA:0007006	ZFS:0000000	ZFS:0000044	
ZFA:0005335	swim bladder bud	structure	3	ZFA:0001105		ZFS:0000031	ZFS:0000033	
ZFA:0005336	presumptive swim bladder	structure	4	ZFA:0001116	ZFA:0000112	ZFS:0000029	ZFS:0000030	swim bladder anlage [RELATED]
ZFA:0005337	anterior swim bladder bud	structure	3	ZFA:0001477		ZFS:0000034	ZFS:0000040	
ZFA:0005338	posterior recess	structure	2	ZFA:0001643	ZFA:0000161	ZFS:0000000	ZFS:0000044	posterior recess of diencephalic ventricle [EXACT] | recessus posterior  [EXACT]
ZFA:0005339	nucleus of the lateral recess	structure	4	ZFA:0001659	ZFA:0000324	ZFS:0000000	ZFS:0000044	
ZFA:0005340	nucleus of the posterior recess	structure	4	ZFA:0001659	ZFA:0000324	ZFS:0000000	ZFS:0000044	
ZFA:0005341	medial longitudinal catecholaminergic tract	structure	4	ZFA:0001682		ZFS:0000000	ZFS:0000044	medial longitudinal CA tract [EXACT] | mlct [EXACT]
ZFA:0005342	anterior catecholaminergic tract	structure	4	ZFA:0001682		ZFS:0000000	ZFS:0000044	
ZFA:0005343	endohypothalamic tract	structure	4	ZFA:0001682		ZFS:0000000	ZFS:0000044	
ZFA:0005344	preopticohypothalamic tract	structure	4	ZFA:0001682		ZFS:0000000	ZFS:0000044	
ZFA:0005345	adipose tissue	structure	3	ZFA:0001477		ZFS:0000000	ZFS:0000044	white adipose tissue [EXACT]
ZFA:0005346	extrapancreatic duct	structure	5	ZFA:0005162	ZFA:0001372	ZFS:0000031	ZFS:0000044	
ZFA:0005347	vertebra 5	structure	6	ZFA:0001582		ZFS:0000000	ZFS:0000044	
ZFA:0005348	vertebra 6	structure	6	ZFA:0001582		ZFS:0000000	ZFS:0000044	
ZFA:0005349	vertebra 7	structure	6	ZFA:0001582		ZFS:0000000	ZFS:0000044	
ZFA:0005350	vertebra 8	structure	6	ZFA:0001582		ZFS:0000000	ZFS:0000044	
ZFA:0005351	vertebra 9	structure	6	ZFA:0001582		ZFS:0000000	ZFS:0000044	
ZFA:0005352	vertebra 12	structure	6	ZFA:0001582		ZFS:0000000	ZFS:0000044	
ZFA:0005353	vertebra 10	structure	6	ZFA:0001582		ZFS:0000000	ZFS:0000044	
ZFA:0005354	vertebra 11	structure	6	ZFA:0001582		ZFS:0000000	ZFS:0000044	
ZFA:0005355	dorsal fin lepidotrichium 1	structure	9	ZFA:0001418		ZFS:0000000	ZFS:0000044	dorsal fin ray 1  [EXACT]
ZFA:0005356	dorsal fin lepidotrichium 2	structure	9	ZFA:0001418		ZFS:0000000	ZFS:0000044	dorsal fin ray 2 [EXACT]
ZFA:0005357	dorsal fin lepidotrichium 3	structure	9	ZFA:0001418		ZFS:0000000	ZFS:0000044	dorsal fin ray 3 [EXACT]
ZFA:0005358	dorsal fin lepidotrichium 4	structure	9	ZFA:0001418		ZFS:0000000	ZFS:0000044	dorsal fin ray 4 [EXACT]
ZFA:0005359	dorsal fin lepidotrichium 5	structure	9	ZFA:0001418		ZFS:0000000	ZFS:0000044	dorsal fin ray 5 [EXACT]
ZFA:0005360	dorsal fin lepidotrichium 6	structure	9	ZFA:0001418		ZFS:0000000	ZFS:0000044	dorsal fin ray 6 [EXACT]
ZFA:0005361	dorsal fin lepidotrichium 7	structure	9	ZFA:0001418		ZFS:0000000	ZFS:0000044	dorsal fin ray 7 [EXACT]
ZFA:0005362	dorsal fin proximal radial 1	structure	6	ZFA:0000947	ZFA:0005364	ZFS:0000039	ZFS:0000044	
ZFA:0005363	dorsal fin proximal radial 2	structure	6	ZFA:0000947	ZFA:0005365	ZFS:0000039	ZFS:0000044	
ZFA:0005364	dorsal fin pterygiophore 1	structure	5	ZFA:0001419		ZFS:0000039	ZFS:0000044	dorsal fin radial 1 [EXACT]
ZFA:0005365	dorsal fin pterygiophore 2	structure	5	ZFA:0001419		ZFS:0000039	ZFS:0000044	dorsal fin radial 2 [EXACT]
ZFA:0005366	dorsal fin pterygiophore 3	structure	5	ZFA:0001419		ZFS:0000039	ZFS:0000044	dorsal fin radial 3 [EXACT]
ZFA:0005367	dorsal fin pterygiophore 4	structure	5	ZFA:0001419		ZFS:0000039	ZFS:0000044	dorsal fin radial 4 [EXACT]
ZFA:0005368	dorsal fin pterygiophore 5	structure	5	ZFA:0001419		ZFS:0000039	ZFS:0000044	dorsal fin radial 5 [EXACT]
ZFA:0005369	dorsal fin pterygiophore 6	structure	5	ZFA:0001419		ZFS:0000039	ZFS:0000044	dorsal fin radial 6 [EXACT]
ZFA:0005370	dorsal fin pterygiophore 7	structure	5	ZFA:0001419		ZFS:0000039	ZFS:0000044	dorsal fin radial 7 [EXACT]
ZFA:0005371	dorsal fin pterygiophore 8	structure	5	ZFA:0001419		ZFS:0000039	ZFS:0000044	dorsal fin radial 8 [EXACT]
ZFA:0005372	dorsal fin distal radial 1	structure	6	ZFA:0000936	ZFA:0005364	ZFS:0000039	ZFS:0000044	
ZFA:0005373	dorsal fin distal radial 2	structure	6	ZFA:0000936	ZFA:0005365	ZFS:0000039	ZFS:0000044	
ZFA:0005374	dorsal fin distal radial 3	structure	6	ZFA:0000936	ZFA:0005366	ZFS:0000039	ZFS:0000044	
ZFA:0005375	dorsal fin distal radial 4	structure	6	ZFA:0000936	ZFA:0005367	ZFS:0000039	ZFS:0000044	
ZFA:0005376	dorsal fin distal radial 5	structure	6	ZFA:0000936	ZFA:0005368	ZFS:0000039	ZFS:0000044	
ZFA:0005377	dorsal fin distal radial 6	structure	6	ZFA:0000936	ZFA:0005369	ZFS:0000039	ZFS:0000044	
ZFA:0005378	dorsal fin distal radial 7	structure	6	ZFA:0000936	ZFA:0005370	ZFS:0000039	ZFS:0000044	
ZFA:0005379	dorsal fin distal radial 8	structure	6	ZFA:0000936	ZFA:0005371	ZFS:0000039	ZFS:0000044	
ZFA:0005380	dorsal fin proximal radial 3	structure	6	ZFA:0000947	ZFA:0005366	ZFS:0000039	ZFS:0000044	
ZFA:0005381	dorsal fin proximal radial 4	structure	6	ZFA:0000947	ZFA:0005367	ZFS:0000039	ZFS:0000044	
ZFA:0005382	dorsal fin proximal radial 5	structure	6	ZFA:0000947	ZFA:0005368	ZFS:0000039	ZFS:0000044	
ZFA:0005383	dorsal fin proximal radial 6	structure	6	ZFA:0000947	ZFA:0005369	ZFS:0000039	ZFS:0000044	
ZFA:0005384	dorsal fin proximal radial 7	structure	6	ZFA:0000947	ZFA:0005370	ZFS:0000039	ZFS:0000044	
ZFA:0005385	dorsal fin proximal radial 8	structure	6	ZFA:0000947	ZFA:0005371	ZFS:0000039	ZFS:0000044	
ZFA:0005386	foramen	structure	2	ZFA:0001643		ZFS:0000000	ZFS:0000044	foramina [EXACT]
ZFA:0005387	foramen magnum	structure	3	ZFA:0005386		ZFS:0000000	ZFS:0000044	
ZFA:0005388	fossa	structure	2	ZFA:0001643		ZFS:0000000	ZFS:0000044	
ZFA:0005389	gill opening	structure	2	ZFA:0001643		ZFS:0000000	ZFS:0000044	
ZFA:0005390	gill ray	structure	5	ZFA:0001460	ZFA:0001613	ZFS:0000000	ZFS:0000044	
ZFA:0005391	head sensory canal system	structure	7	ZFA:0001468		ZFS:0000000	ZFS:0000044	
ZFA:0005392	infraorbital sensory canal	structure	4	ZFA:0005443	ZFA:0005391	ZFS:0000040	ZFS:0000044	
ZFA:0005393	otic sensory canal	structure	4	ZFA:0005443	ZFA:0005391	ZFS:0000000	ZFS:0000044	
ZFA:0005394	post-otic sensory canal	structure	4	ZFA:0005443	ZFA:0005391	ZFS:0000000	ZFS:0000044	postotic sensory canal [EXACT]
ZFA:0005395	preoperculo-mandibular sensory canal	structure	4	ZFA:0005443	ZFA:0005391	ZFS:0000000	ZFS:0000044	
ZFA:0005396	supraorbital sensory canal	structure	4	ZFA:0005443	ZFA:0005391	ZFS:0000041	ZFS:0000044	
ZFA:0005397	hyoideomandibular nerve	structure	4	ZFA:0007009	ZFA:0000664	ZFS:0000000	ZFS:0000044	
ZFA:0005398	anal fin actinotrichium	structure	5	ZFA:0005435	ZFA:0000167	ZFS:0000000	ZFS:0000044	anal fin actinotricia [EXACT]
ZFA:0005399	anal fin lepidotrichium 1	structure	7	ZFA:0001421		ZFS:0000000	ZFS:0000044	
ZFA:0005400	anal fin lepidotrichium 2	structure	7	ZFA:0001421		ZFS:0000000	ZFS:0000044	
ZFA:0005401	anal fin lepidotrichium 3	structure	7	ZFA:0001421		ZFS:0000000	ZFS:0000044	
ZFA:0005402	anal fin lepidotrichium 4	structure	7	ZFA:0001421		ZFS:0000000	ZFS:0000044	
ZFA:0005403	anal fin lepidotrichium 5	structure	7	ZFA:0001421		ZFS:0000000	ZFS:0000044	
ZFA:0005404	anal fin lepidotrichium 6	structure	7	ZFA:0001421		ZFS:0000000	ZFS:0000044	
ZFA:0005405	anal fin lepidotrichium 7	structure	7	ZFA:0001421		ZFS:0000000	ZFS:0000044	
ZFA:0005406	anterior myodome	structure	3	ZFA:0005388		ZFS:0000000	ZFS:0000044	
ZFA:0005407	anterior nasal barbel	structure	5	ZFA:0000622		ZFS:0000000	ZFS:0000044	
ZFA:0005408	maxillary barbel	structure	3	ZFA:0000622;ZFA:0001488	ZFA:0001114	ZFS:0000000	ZFS:0000044	ZMB [EXACT]
ZFA:0005409	pars superior ear	structure	4	ZFA:0001478	ZFA:0000217	ZFS:0000000	ZFS:0000044	
ZFA:0005410	pars inferior ear	structure	4	ZFA:0001478	ZFA:0000217	ZFS:0000000	ZFS:0000044	
ZFA:0005411	common crus	structure	4	ZFA:0005171	ZFA:0005409	ZFS:0000000	ZFS:0000044	
ZFA:0005412	transverse canal	structure	4	ZFA:0005171	ZFA:0001138	ZFS:0000040	ZFS:0000044	
ZFA:0005413	perilymph	structure	2	ZFA:0001487	ZFA:0005459	ZFS:0000000	ZFS:0000044	
ZFA:0005414	endolymph	structure	2	ZFA:0001487	ZFA:0005409;ZFA:0005410	ZFS:0000000	ZFS:0000044	
ZFA:0005415	inner ear foramen	structure	3	ZFA:0005386	ZFA:0000217	ZFS:0000000	ZFS:0000044	
ZFA:0005416	sacculoagenar foramen	structure	4	ZFA:0005415		ZFS:0000000	ZFS:0000044	
ZFA:0005417	utriculosaccular foramen	structure	4	ZFA:0005415		ZFS:0000000	ZFS:0000044	
ZFA:0005418	auditory fenestra	structure	3	ZFA:0005386		ZFS:0000000	ZFS:0000044	auditory fenestrae [EXACT]
ZFA:0005419	auditory foramen	structure	3	ZFA:0005386		ZFS:0000000	ZFS:0000044	
ZFA:0005420	autopalatine-lateral ethmoid joint	structure	6	ZFA:0005156		ZFS:0000000	ZFS:0000044	
ZFA:0005421	autopalatine-maxillary joint	structure	5	ZFA:0001596		ZFS:0000040	ZFS:0000044	
ZFA:0005422	autopalatine-vomer joint	structure	5	ZFA:0001596		ZFS:0000000	ZFS:0000044	
ZFA:0005423	basioccipital-exoccipital joint	structure	6	ZFA:0005155		ZFS:0000000	ZFS:0000044	
ZFA:0005424	caudal fin actinotrichium	structure	5	ZFA:0005435	ZFA:0000862	ZFS:0000000	ZFS:0000044	caudal fin actinotrichia [EXACT]
ZFA:0005425	serous membrane	structure	3	ZFA:0001488		ZFS:0000028	ZFS:0000044	
ZFA:0005426	coracoid foramen	structure	3	ZFA:0005386		ZFS:0000000	ZFS:0000044	
ZFA:0005427	dentary foramen	structure	3	ZFA:0005386		ZFS:0000000	ZFS:0000044	
ZFA:0005428	optic foramen	structure	3	ZFA:0005386		ZFS:0000000	ZFS:0000044	optic nerve (II) foramen [EXACT]
ZFA:0005429	olfactory nerve foramen	structure	3	ZFA:0005386		ZFS:0000000	ZFS:0000044	
ZFA:0005430	orbital foramen	structure	3	ZFA:0005386		ZFS:0000000	ZFS:0000044	
ZFA:0005431	scapular foramen	structure	3	ZFA:0005386		ZFS:0000000	ZFS:0000044	
ZFA:0005432	superficial ophthalmic nerve foramen	structure	3	ZFA:0005386		ZFS:0000000	ZFS:0000044	
ZFA:0005433	mental barbel	structure	5	ZFA:0000622		ZFS:0000000	ZFS:0000044	
ZFA:0005434	tooth cusp	structure	3	ZFA:0000382		ZFS:0000033	ZFS:0000044	
ZFA:0005435	actinotrichium	structure	4	ZFA:0005494		ZFS:0000029	ZFS:0000044	actinotrichia [EXACT]
ZFA:0005436	pectoral fin nerve	structure	4	ZFA:0007009	ZFA:0001161	ZFS:0000000	ZFS:0000044	
ZFA:0005437	pectoral fin motor nerve	structure	5	ZFA:0005436		ZFS:0000000	ZFS:0000044	
ZFA:0005438	pectoral fin sensory nerve	structure	5	ZFA:0005436		ZFS:0000000	ZFS:0000044	
ZFA:0005439	pectoral fin motor nerve 1	structure	6	ZFA:0005437		ZFS:0000034	ZFS:0000000	
ZFA:0005440	pectoral fin motor nerve 2	structure	6	ZFA:0005437		ZFS:0000034	ZFS:0000000	
ZFA:0005441	pectoral fin motor nerve 3	structure	6	ZFA:0005437		ZFS:0000034	ZFS:0000000	
ZFA:0005442	articular fossa of opercle	structure	3	ZFA:0005388		ZFS:0000000	ZFS:0000044	
ZFA:0005443	sensory canal	structure	3	ZFA:0001488	ZFA:0000034	ZFS:0000000	ZFS:0000044	
ZFA:0005444	trunk sensory canal	structure	4	ZFA:0005443		ZFS:0000000	ZFS:0000044	
ZFA:0005445	supratemporal sensory canal	structure	4	ZFA:0005443		ZFS:0000000	ZFS:0000044	
ZFA:0005446	neuromast foramen	structure	3	ZFA:0005386	ZFA:0005443	ZFS:0000000	ZFS:0000044	
ZFA:0005447	sensory canal tubule	structure	4	ZFA:0005443		ZFS:0000000	ZFS:0000044	
ZFA:0005448	preopercular sensory canal	structure	4	ZFA:0005443	ZFA:0005395	ZFS:0000041	ZFS:0000044	
ZFA:0005449	pore	structure	2	ZFA:0001643		ZFS:0000000	ZFS:0000044	
ZFA:0005450	pectoral fin motor nerve 4	structure	6	ZFA:0005437		ZFS:0000034	ZFS:0000000	
ZFA:0005451	mandibular sensory canal	structure	4	ZFA:0005443	ZFA:0005395	ZFS:0000042	ZFS:0000044	
ZFA:0005452	tract of the caudal commissure	structure	4	ZFA:0001682	ZFA:0000320	ZFS:0000028	ZFS:0000044	TPC [RELATED] | tract of the posterior commissure [EXACT]
ZFA:0005453	basicapsular fenestra	structure	3	ZFA:0005386		ZFS:0000000	ZFS:0000044	basicapsular fenestrae [EXACT]
ZFA:0005454	subtemporal fossa	structure	3	ZFA:0005388		ZFS:0000000	ZFS:0000044	
ZFA:0005455	prootic foramen	structure	3	ZFA:0005386		ZFS:0000000	ZFS:0000044	anterior trigemino-facialis foramen of Howes [EXACT] | trigeminal notch of Harrington [EXACT]
ZFA:0005456	sinus impar	structure	3	ZFA:0005459		ZFS:0000000	ZFS:0000044	
ZFA:0005457	dorsal hypohyal-urohyal joint	structure	5	ZFA:0001596		ZFS:0000000	ZFS:0000044	
ZFA:0005458	dorsal hypohyal-ventral hypohyal joint	structure	5	ZFA:0001596		ZFS:0000000	ZFS:0000044	
ZFA:0005459	perilymphatic space	structure	2	ZFA:0001643	ZFA:0000217	ZFS:0000000	ZFS:0000044	
ZFA:0005460	atrium of sinus impar	structure	3	ZFA:0005459		ZFS:0000000	ZFS:0000044	
ZFA:0005461	perilymphatic duct	structure	4	ZFA:0005171		ZFS:0000000	ZFS:0000044	
ZFA:0005462	otic duct	structure	5	ZFA:0005461		ZFS:0000000	ZFS:0000044	
ZFA:0005463	oral ectoderm	structure	5	ZFA:0000016	ZFA:0000590	ZFS:0000033	ZFS:0000000	
ZFA:0005464	dentary-anguloarticular joint	structure	5	ZFA:0001596		ZFS:0000000	ZFS:0000044	
ZFA:0005465	ceratohyal-branchiostegal ray joint	structure	5	ZFA:0001596		ZFS:0000000	ZFS:0000044	
ZFA:0005466	ceratohyal-ventral hypohyal joint	structure	5	ZFA:0001596		ZFS:0000000	ZFS:0000044	
ZFA:0005467	ceratohyal-dorsal hypohyal joint	structure	5	ZFA:0001596		ZFS:0000000	ZFS:0000044	
ZFA:0005468	frontal-pterotic joint	structure	5	ZFA:0001596		ZFS:0000000	ZFS:0000044	
ZFA:0005469	hyomandibula-metapterygoid joint	structure	5	ZFA:0001596		ZFS:0000000	ZFS:0000044	
ZFA:0005470	inter-coracoid joint	structure	5	ZFA:0001596		ZFS:0000000	ZFS:0000044	
ZFA:0005471	inter-basipterygium joint	structure	5	ZFA:0001596		ZFS:0000000	ZFS:0000044	
ZFA:0005472	inter-frontal joint	structure	5	ZFA:0005156	ZFA:0005606	ZFS:0000000	ZFS:0000044	interfrontal joint [EXACT] | interfrontal suture [EXACT] | metopic suture [RELATED]
ZFA:0005473	interhyal-epihyal joint	structure	5	ZFA:0001596		ZFS:0000000	ZFS:0000044	
ZFA:0005474	inter-hypobranchial 3 joint	structure	5	ZFA:0001596		ZFS:0000000	ZFS:0000044	
ZFA:0005475	inter-premaxillary joint	structure	5	ZFA:0001596		ZFS:0000000	ZFS:0000044	
ZFA:0005476	inter-ventral hypohyal joint	structure	5	ZFA:0001596		ZFS:0000000	ZFS:0000044	
ZFA:0005477	lateral ethmoid-frontal joint	structure	5	ZFA:0001596		ZFS:0000000	ZFS:0000044	
ZFA:0005478	opercle-interopercle joint	structure	5	ZFA:0001596		ZFS:0000000	ZFS:0000044	
ZFA:0005479	orbitosphenoid-lateral ethmoid joint	structure	5	ZFA:0001596		ZFS:0000000	ZFS:0000044	
ZFA:0005480	orbitosphenoid-prootic joint	structure	5	ZFA:0001596		ZFS:0000000	ZFS:0000044	
ZFA:0005481	prootic-exoccipital joint	structure	5	ZFA:0001596		ZFS:0000000	ZFS:0000044	
ZFA:0005482	prootic-pterosphenoid joint	structure	6	ZFA:0005156		ZFS:0000000	ZFS:0000044	
ZFA:0005483	pterosphenoid-orbitosphenoid joint	structure	5	ZFA:0001596		ZFS:0000000	ZFS:0000044	
ZFA:0005484	quadrate-anguloarticular joint	structure	6	ZFA:0005153		ZFS:0000000	ZFS:0000044	jaw joint [RELATED]
ZFA:0005485	quadrate-hyomandibula joint	structure	5	ZFA:0001596		ZFS:0000000	ZFS:0000044	
ZFA:0005486	quadrate-metapterygoid joint	structure	6	ZFA:0005155		ZFS:0000000	ZFS:0000044	
ZFA:0005487	ventral hypohyal-urohyal joint	structure	5	ZFA:0001596		ZFS:0000000	ZFS:0000044	
ZFA:0005488	mandibular symphysis	structure	6	ZFA:0005155		ZFS:0000000	ZFS:0000044	dentary symphysis [EXACT] | inter-mandibular joint [EXACT]
ZFA:0005489	endocardial precursor	structure	3	ZFA:0001477	ZFA:0000028	ZFS:0000024	ZFS:0000027	
ZFA:0005490	myocardial precursor	structure	3	ZFA:0001477	ZFA:0000028	ZFS:0000024	ZFS:0000027	
ZFA:0005491	optic furrow	structure	3	ZFA:0001690	ZFA:0000107	ZFS:0000030	ZFS:0000044	optic fissure [RELATED]
ZFA:0005492	sphenotic-prootic fossa	structure	3	ZFA:0005388		ZFS:0000000	ZFS:0000044	
ZFA:0005494	skeletal element	structure	3	ZFA:0000496	ZFA:0000434	ZFS:0000000	ZFS:0000044	
ZFA:0005495	skin flap	structure	5	ZFA:0000368		ZFS:0000000	ZFS:0000044	
ZFA:0005496	snout	structure	3	ZFA:0001308	ZFA:0001114	ZFS:0000000	ZFS:0000044	
ZFA:0005497	epihyal-ceratohyal joint	structure	5	ZFA:0001596		ZFS:0000000	ZFS:0000044	
ZFA:0005498	epihyal-branchiostegal ray joint	structure	5	ZFA:0001596		ZFS:0000000	ZFS:0000044	
ZFA:0005499	circulus	structure	2	ZFA:0000037	ZFA:0000277	ZFS:0000000	ZFS:0000044	circuli [EXACT]
ZFA:0005500	prootic bulla	structure	3	ZFA:0001488		ZFS:0000000	ZFS:0000044	
ZFA:0005501	interopercular-mandibular ligament	structure	5	ZFA:0001675		ZFS:0000000	ZFS:0000044	interoperculomandibular ligament [EXACT]
ZFA:0005502	lateral ethmoid-autopalatine ligament	structure	5	ZFA:0001675		ZFS:0000000	ZFS:0000044	
ZFA:0005503	lateral ethmoid-ectopterygoid ligament	structure	5	ZFA:0001675		ZFS:0000000	ZFS:0000044	
ZFA:0005504	vertebra 4-vertebra 5 joint	structure	6	ZFA:0005155		ZFS:0000000	ZFS:0000044	
ZFA:0005505	vertebra 5-vertebra 6 joint	structure	6	ZFA:0005155		ZFS:0000000	ZFS:0000044	
ZFA:0005506	vertebra 6 - vertebra 7 joint	structure	6	ZFA:0005155		ZFS:0000000	ZFS:0000044	
ZFA:0005507	nasal capsule	structure	3	ZFA:0001488		ZFS:0000000	ZFS:0000044	
ZFA:0005508	inner mental barbel	structure	6	ZFA:0005433		ZFS:0000000	ZFS:0000044	
ZFA:0005509	palate	structure	4	ZFA:0001478	ZFA:0000737	ZFS:0000000	ZFS:0000044	
ZFA:0005510	prootic depression	structure	3	ZFA:0005388		ZFS:0000000	ZFS:0000044	
ZFA:0005511	sensory canal tubular ossicle	structure	7	ZFA:0001590		ZFS:0000000	ZFS:0000044	
ZFA:0005512	caudal fin principal ray 1	structure	8	ZFA:0001585		ZFS:0000000	ZFS:0000044	caudal principal lepidotrichium 1  [EXACT] | caudal principal ray 1  [EXACT]
ZFA:0005513	caudal fin principal ray 3	structure	8	ZFA:0001585		ZFS:0000000	ZFS:0000044	caudal principal lepidotrichium 3  [EXACT] | caudal principal ray 3 [EXACT]
ZFA:0005514	caudal fin principal ray 2	structure	8	ZFA:0001585		ZFS:0000000	ZFS:0000044	caudal principal lepidotrichium 2  [EXACT] | caudal principal ray 2 [EXACT]
ZFA:0005515	caudal fin principal ray 4	structure	8	ZFA:0001585		ZFS:0000000	ZFS:0000044	caudal principal lepidotrichium 4  [EXACT] | caudal principal ray 4 [EXACT]
ZFA:0005516	caudal fin principal ray 5	structure	8	ZFA:0001585		ZFS:0000000	ZFS:0000044	caudal principal lepidotrichium 5 [EXACT] | caudal principal ray 5 [EXACT]
ZFA:0005517	caudal fin principal ray 6	structure	8	ZFA:0001585		ZFS:0000000	ZFS:0000044	caudal principal lepidotrichium 6 [EXACT] | caudal principal ray 6 [EXACT]
ZFA:0005518	caudal fin principal ray 7	structure	8	ZFA:0001585		ZFS:0000000	ZFS:0000044	caudal principal lepidotrichium 7 [EXACT] | caudal principal ray 7 [EXACT]
ZFA:0005519	caudal fin principal ray 8	structure	8	ZFA:0001585		ZFS:0000000	ZFS:0000044	caudal principal lepidotrichium 8 [EXACT] | caudal principal ray 8 [EXACT]
ZFA:0005520	caudal fin principal ray 9	structure	8	ZFA:0001585		ZFS:0000000	ZFS:0000044	caudal principal lepidotrichium 9 [EXACT] | caudal principal ray 9 [EXACT]
ZFA:0005521	caudal fin principal ray 10	structure	8	ZFA:0001585		ZFS:0000000	ZFS:0000044	caudal principal lepidotrichium 10 [EXACT] | caudal principal ray 10 [EXACT]
ZFA:0005522	caudal fin principal ray 11	structure	8	ZFA:0001585		ZFS:0000000	ZFS:0000044	caudal principal lepidotrichium 11 [EXACT] | caudal principal ray 11 [EXACT]
ZFA:0005523	caudal fin principal ray 12	structure	8	ZFA:0001585		ZFS:0000000	ZFS:0000044	caudal principal lepidotrichium 12 [EXACT] | caudal principal ray 12 [EXACT]
ZFA:0005524	caudal fin principal ray 14	structure	8	ZFA:0001585		ZFS:0000000	ZFS:0000044	caudal principal lepidotrichium 14 [EXACT] | caudal principal ray 14 [EXACT]
ZFA:0005525	caudal fin principal ray 15	structure	8	ZFA:0001585		ZFS:0000000	ZFS:0000044	caudal principal lepidotrichium 15 [EXACT] | caudal principal ray 15 [EXACT]
ZFA:0005526	caudal fin principal ray 16	structure	8	ZFA:0001585		ZFS:0000000	ZFS:0000044	caudal principal lepidotrichium 16 [EXACT] | caudal principal ray 16 [EXACT]
ZFA:0005527	caudal fin principal ray 17	structure	8	ZFA:0001585		ZFS:0000000	ZFS:0000044	caudal principal lepidotrichium 17 [EXACT] | caudal principal ray 17 [EXACT]
ZFA:0005528	caudal fin principal ray 18	structure	8	ZFA:0001585		ZFS:0000000	ZFS:0000044	caudal principal lepidotrichium 18 [EXACT] | caudal principal ray 18 [EXACT]
ZFA:0005529	caudal fin principal ray 19	structure	8	ZFA:0001585		ZFS:0000000	ZFS:0000044	caudal principal lepidotrichium 19 [EXACT] | caudal principal ray 19 [EXACT]
ZFA:0005530	lateral line scale	structure	5	ZFA:0000277		ZFS:0000000	ZFS:0000044	
ZFA:0005531	bony shelf above orbit	structure	4	ZFA:0001478		ZFS:0000000	ZFS:0000044	
ZFA:0005532	bony plate	structure	7	ZFA:0001590		ZFS:0000000	ZFS:0000044	
ZFA:0005533	branched caudal fin ray	structure	7	ZFA:0001550		ZFS:0000000	ZFS:0000044	
ZFA:0005534	branched dorsal fin ray	structure	9	ZFA:0001418		ZFS:0000000	ZFS:0000044	
ZFA:0005535	branched anal fin ray	structure	7	ZFA:0001421		ZFS:0000000	ZFS:0000044	anal fin branched ray [EXACT]
ZFA:0005536	fontanel	structure	2	ZFA:0001643	ZFA:0001580	ZFS:0000000	ZFS:0000044	
ZFA:0005537	lateral fontanel of frontal	structure	3	ZFA:0005536		ZFS:0000000	ZFS:0000044	
ZFA:0005538	rib of vertebra 1	structure	7	ZFA:0000538		ZFS:0000000	ZFS:0000044	
ZFA:0005539	rib of vertebra 2	structure	7	ZFA:0000538		ZFS:0000000	ZFS:0000044	
ZFA:0005540	rib of vertebra 3	structure	7	ZFA:0000538		ZFS:0000000	ZFS:0000044	
ZFA:0005541	rib of vertebra 4	structure	7	ZFA:0000538		ZFS:0000000	ZFS:0000044	
ZFA:0005542	rib of vertebra 5	structure	7	ZFA:0000538		ZFS:0000000	ZFS:0000044	
ZFA:0005543	rib of vertebra 6	structure	7	ZFA:0000538		ZFS:0000000	ZFS:0000044	
ZFA:0005544	hyomandibular-otic region joint	structure	6	ZFA:0005153		ZFS:0000000	ZFS:0000044	hyomandibula-sphenotic-prootic joint [EXACT]
ZFA:0005545	pectoral fin actinotrichium	structure	5	ZFA:0005435	ZFA:0000943	ZFS:0000000	ZFS:0000044	
ZFA:0005546	pelvic fin actinotrichium	structure	5	ZFA:0005435	ZFA:0001387	ZFS:0000000	ZFS:0000044	
ZFA:0005547	pectoral fin lepidotrichium 1	structure	8	ZFA:0001551		ZFS:0000000	ZFS:0000044	
ZFA:0005548	pectoral fin lepidotrichium 2	structure	8	ZFA:0001551		ZFS:0000000	ZFS:0000044	
ZFA:0005549	pectoral fin lepidotrichium 3	structure	8	ZFA:0001551		ZFS:0000000	ZFS:0000044	
ZFA:0005550	pectoral fin lepidotrichium 6	structure	8	ZFA:0001551		ZFS:0000000	ZFS:0000044	
ZFA:0005551	pectoral fin lepidotrichium 7	structure	8	ZFA:0001551		ZFS:0000000	ZFS:0000044	
ZFA:0005552	pectoral fin lepidotrichium 5	structure	8	ZFA:0001551		ZFS:0000000	ZFS:0000044	
ZFA:0005553	pectoral fin lepidotrichium 4	structure	8	ZFA:0001551		ZFS:0000000	ZFS:0000044	
ZFA:0005554	pelvic fin lepidotrichium 1	structure	8	ZFA:0001552		ZFS:0000000	ZFS:0000044	
ZFA:0005555	pelvic fin lepidotrichium 2	structure	8	ZFA:0001552		ZFS:0000000	ZFS:0000044	
ZFA:0005556	pelvic fin lepidotrichium 4	structure	8	ZFA:0001552		ZFS:0000000	ZFS:0000044	
ZFA:0005557	pelvic fin lepidotrichium 3	structure	8	ZFA:0001552		ZFS:0000000	ZFS:0000044	
ZFA:0005558	orbit	structure	2	ZFA:0001643		ZFS:0000000	ZFS:0000044	
ZFA:0005559	vascular sprouts	structure	3	ZFA:0001477	ZFA:0005249	ZFS:0000028	ZFS:0000000	angiogenic sprout [RELATED]
ZFA:0005560	parasphenoid-basioccipital joint	structure	6	ZFA:0005156		ZFS:0000000	ZFS:0000044	
ZFA:0005561	vitreous	structure	2	ZFA:0001487	ZFA:0005567	ZFS:0000000	ZFS:0000044	vitreous body [EXACT] | vitreous humor [EXACT]
ZFA:0005562	Bruch's membrane	structure	3	ZFA:0000382	ZFA:0005229	ZFS:0000000	ZFS:0000044	vitreous lamina [EXACT]
ZFA:0005563	sclera	structure	3	ZFA:0001488	ZFA:0000107	ZFS:0000034	ZFS:0000044	
ZFA:0005564	aqueous humor	structure	2	ZFA:0001487	ZFA:0005876	ZFS:0000000	ZFS:0000044	
ZFA:0005565	tether cell	cell	9	ZFA:0009366		ZFS:0000000	ZFS:0000044	
ZFA:0005566	anterior segment eye	structure	4	ZFA:0001478	ZFA:0000107	ZFS:0000000	ZFS:0000044	
ZFA:0005567	posterior segment eye	structure	4	ZFA:0001478	ZFA:0000107	ZFS:0000000	ZFS:0000044	
ZFA:0005568	iris blood vessels	structure	4	ZFA:0001079	ZFA:0001238	ZFS:0000000	ZFS:0000044	
ZFA:0005569	iris stroma	structure	3	ZFA:0001477	ZFA:0001238	ZFS:0000000	ZFS:0000044	
ZFA:0005570	corneo-scleral junction	structure	2	ZFA:0001689	ZFA:0000107	ZFS:0000000	ZFS:0000044	
ZFA:0005571	ventral canal eye	structure	4	ZFA:0005171	ZFA:0000107	ZFS:0000035	ZFS:0000044	
ZFA:0005572	periocular mesenchyme	structure	5	ZFA:0000113		ZFS:0000029	ZFS:0000000	
ZFA:0005573	zonule	structure	2	ZFA:0001487	ZFA:0000107	ZFS:0000000	ZFS:0000044	zonules [EXACT]
ZFA:0005574	lens capsule	structure	3	ZFA:0000382	ZFA:0000035	ZFS:0000035	ZFS:0000044	
ZFA:0005575	brain nucleus	structure	3	ZFA:0001477	ZFA:0000008	ZFS:0000000	ZFS:0000044	brain nuclei [EXACT]
ZFA:0005576	ventral thalamus nucleus	structure	4	ZFA:0001659	ZFA:0000458	ZFS:0000000	ZFS:0000044	
ZFA:0005577	tegmental nucleus	structure	4	ZFA:0001665	ZFA:0000160	ZFS:0000000	ZFS:0000044	
ZFA:0005578	spinal nerve root	structure	3	ZFA:0001488	ZFA:0000075	ZFS:0000000	ZFS:0000044	
ZFA:0005579	NCC ionocyte	cell	5	ZFA:0005325	ZFA:0000368	ZFS:0000000	ZFS:0000044	NCC cell [EXACT]
ZFA:0005580	rostral pars anterior	structure	3	ZFA:0001477	ZFA:0001195	ZFS:0000033	ZFS:0000000	rostral pars distalis [EXACT]
ZFA:0005581	proximal pars anterior	structure	3	ZFA:0001477	ZFA:0001195	ZFS:0000033	ZFS:0000000	 proximal pars distalis [EXACT]
ZFA:0005582	dorsal proneural cluster	structure	4	ZFA:0000068		ZFS:0000023	ZFS:0000024	
ZFA:0005583	ventral proneural cluster	structure	4	ZFA:0000068		ZFS:0000023	ZFS:0000024	
ZFA:0005584	developing mesonephric nephron	structure	5	ZFA:0005282		ZFS:0000039	ZFS:0000044	
ZFA:0005585	developing mesonephric proximal tubule	structure	5	ZFA:0005289	ZFA:0001287;ZFA:0005584;ZFA:0005590	ZFS:0000039	ZFS:0000044	
ZFA:0005586	renal vesicle	structure	3	ZFA:0001477;ZFA:0005584		ZFS:0000039	ZFS:0000044	stage I nephron [EXACT]
ZFA:0005587	nephron progenitor	structure	3	ZFA:0001477	ZFA:0000529	ZFS:0000037	ZFS:0000044	
ZFA:0005588	comma-shaped body	structure	6	ZFA:0005584		ZFS:0000039	ZFS:0000044	
ZFA:0005589	s-shaped body	structure	6	ZFA:0005584		ZFS:0000039	ZFS:0000044	stage II nephron [RELATED]
ZFA:0005590	capillary loop nephron	structure	6	ZFA:0005584		ZFS:0000039	ZFS:0000044	
ZFA:0005591	developing mesonephric distal tubule	structure	5	ZFA:0005289	ZFA:0001287;ZFA:0005584;ZFA:0005590	ZFS:0000039	ZFS:0000044	
ZFA:0005592	mesonephric nephron	structure	5	ZFA:0005282		ZFS:0000039	ZFS:0000044	stage IV nephron [EXACT]
ZFA:0005593	neuraxis flexure	structure	2	ZFA:0000037	ZFA:0000012	ZFS:0000000	ZFS:0000044	
ZFA:0005594	anatomical surface	structure	1	ZFA:0100000		ZFS:0000000	ZFS:0000044	
ZFA:0005595	caudal fin principal ray 13	structure	8	ZFA:0001585		ZFS:0000000	ZFS:0000044	caudal principal lepidotrichium 13 [EXACT] | caudal principal ray 13 [EXACT]
ZFA:0005596	paired fin	structure	5	ZFA:0000108		ZFS:0000030	ZFS:0000044	
ZFA:0005597	median fin	structure	5	ZFA:0000108		ZFS:0000000	ZFS:0000044	
ZFA:0005598	pancreatic epsilon cell	cell	4	ZFA:0005599	ZFA:0001249	ZFS:0000000	ZFS:0000044	pancreatic E cell [EXACT]
ZFA:0005599	ghrelin secreting cell	cell	5	ZFA:0009100		ZFS:0000000	ZFS:0000044	
ZFA:0005600	sinoatrial region	structure	3	ZFA:0001477	ZFA:0000360;ZFA:0005063	ZFS:0000000	ZFS:0000031	
ZFA:0005601	sinoatrial ring	structure	3	ZFA:0001477	ZFA:0000114;ZFA:0005063	ZFS:0000032	ZFS:0000035	
ZFA:0005602	supraneural 10	structure	8	ZFA:0001397		ZFS:0000040	ZFS:0000044	
ZFA:0005603	lymphangiogenic sprout	structure	4	ZFA:0005559		ZFS:0000030	ZFS:0000000	
ZFA:0005604	angiogenic sprout	structure	4	ZFA:0005559		ZFS:0000030	ZFS:0000000	
ZFA:0005605	lymphangioblast cord	structure	4	ZFA:0005076		ZFS:0000031	ZFS:0000034	parachordal lymphangioblast string [EXACT]
ZFA:0005606	cranial vault	structure	4	ZFA:0001478	ZFA:0001580	ZFS:0000000	ZFS:0000044	calva [RELATED] | calvaria [EXACT] | calvarium [EXACT] | skullcap [RELATED]
ZFA:0005607	inter-parietal joint	structure	5	ZFA:0005156	ZFA:0005606	ZFS:0000000	ZFS:0000044	sagittal suture [RELATED]
ZFA:0005608	frontal-parietal joint	structure	5	ZFA:0005156	ZFA:0005606	ZFS:0000000	ZFS:0000044	coronal suture [RELATED]
ZFA:0005609	supraoccipital-parietal joint	structure	5	ZFA:0005156	ZFA:0005606	ZFS:0000000	ZFS:0000044	lamdoid suture [RELATED]
ZFA:0005610	synostosis	structure	5	ZFA:0001596		ZFS:0000000	ZFS:0000044	
ZFA:0005611	ectopterygoid-quadrate joint	structure	6	ZFA:0005610		ZFS:0000000	ZFS:0000044	ectopterygoid-quadrate synostosis [EXACT]
ZFA:0005612	ectopterygoid-entopterygoid joint	structure	6	ZFA:0005610		ZFS:0000000	ZFS:0000044	ectopterygoid-entopterygoid synostosis [EXACT]
ZFA:0005613	basioccipital-prootic joint	structure	6	ZFA:0005155		ZFS:0000000	ZFS:0000044	
ZFA:0005614	entopterygoid-metapterygoid joint	structure	6	ZFA:0005610		ZFS:0000000	ZFS:0000044	entopterygoid-metapterygoid synostosis [EXACT]
ZFA:0005615	metapterygoid-symplectic fenestra	structure	3	ZFA:0005386		ZFS:0000000	ZFS:0000044	
ZFA:0005616	quadrate-entopterygoid joint	structure	6	ZFA:0005155		ZFS:0000000	ZFS:0000044	
ZFA:0005617	lateral ethmoid-supraethmoid	structure	6	ZFA:0005610		ZFS:0000000	ZFS:0000044	
ZFA:0005618	anguloarticular-retroarticular joint	structure	6	ZFA:0005155		ZFS:0000000	ZFS:0000044	
ZFA:0005619	skeletal tissue	structure	4	ZFA:0001632	ZFA:0000434	ZFS:0000000	ZFS:0000044	
ZFA:0005620	endochondral element	structure	4	ZFA:0005494		ZFS:0000000	ZFS:0000044	
ZFA:0005621	bone tissue	structure	5	ZFA:0005619		ZFS:0000000	ZFS:0000044	
ZFA:0005622	cartilage tissue	structure	5	ZFA:0005619		ZFS:0000000	ZFS:0000044	
ZFA:0005623	odontoid tissue	structure	5	ZFA:0005619		ZFS:0000000	ZFS:0000044	
ZFA:0005624	replacement element	structure	4	ZFA:0005494		ZFS:0000000	ZFS:0000044	
ZFA:0005625	hypophyseal fenestra	structure	3	ZFA:0005386		ZFS:0000032	ZFS:0000000	hypophyseal fenestrae [EXACT]
ZFA:0005626	hyomandibula-opercle joint	structure	6	ZFA:0005153		ZFS:0000000	ZFS:0000044	
ZFA:0005627	hyomandibula-pterotic joint	structure	6	ZFA:0005153		ZFS:0000000	ZFS:0000044	
ZFA:0005628	posttemporal fossa	structure	3	ZFA:0005388		ZFS:0000000	ZFS:0000044	temporal fossa [EXACT]
ZFA:0005629	hyomandibular foramen	structure	3	ZFA:0005386		ZFS:0000000	ZFS:0000044	facial foramen [EXACT] | facial nerve foramen [EXACT] | hyosymplectic foramen [EXACT]
ZFA:0005630	pterotic fossa	structure	3	ZFA:0005388		ZFS:0000000	ZFS:0000044	
ZFA:0005631	preopercle horizontal limb-symplectic joint	structure	6	ZFA:0005156		ZFS:0000000	ZFS:0000044	
ZFA:0005632	preopercle vertical limb-hyomandibula joint	structure	6	ZFA:0005156		ZFS:0000000	ZFS:0000044	
ZFA:0005633	lepidotrichium segment	structure	4	ZFA:0005494	ZFA:0001554	ZFS:0000000	ZFS:0000044	
ZFA:0005634	lepidotrichium joint	structure	5	ZFA:0001596	ZFA:0001554	ZFS:0000000	ZFS:0000044	intra-ray joint [EXACT]
ZFA:0005635	predentine	structure	6	ZFA:0005623		ZFS:0000000	ZFS:0000044	pre-dentine [EXACT] | predentin [EXACT]
ZFA:0005636	interossicular ligament	structure	5	ZFA:0001675	ZFA:0001188	ZFS:0000000	ZFS:0000044	
ZFA:0005637	intercostal ligament	structure	5	ZFA:0001675		ZFS:0000000	ZFS:0000044	
ZFA:0005638	scapulo-vertebral ligament	structure	5	ZFA:0001675		ZFS:0000000	ZFS:0000044	Baudelot's ligaments [EXACT] | scapulo-vertebral ligaments [EXACT]
ZFA:0005639	supracleithrum-vertebral ligament	structure	6	ZFA:0005638		ZFS:0000000	ZFS:0000044	Baudelot's ligament [EXACT]
ZFA:0005640	cleithrum-vertebral ligament	structure	6	ZFA:0005638		ZFS:0000000	ZFS:0000044	Baudelot's ligament [EXACT]
ZFA:0005641	maxillo-mandibular ligament	structure	5	ZFA:0001675		ZFS:0000000	ZFS:0000044	
ZFA:0005642	maxillo-rostroid ligament	structure	5	ZFA:0001675		ZFS:0000000	ZFS:0000044	
ZFA:0005643	premaxillo-rostroid ligament	structure	5	ZFA:0001675		ZFS:0000000	ZFS:0000044	
ZFA:0005644	ceratobranchial 5 ligament	structure	5	ZFA:0001675		ZFS:0000000	ZFS:0000044	
ZFA:0005645	supracleithrum-intercalar ligament	structure	5	ZFA:0001675		ZFS:0000000	ZFS:0000044	
ZFA:0005646	preopercle-retroarticular ligament	structure	5	ZFA:0001675		ZFS:0000000	ZFS:0000044	
ZFA:0005647	tendon	structure	4	ZFA:0001632		ZFS:0000000	ZFS:0000044	
ZFA:0005648	mesethmoid-lateral ethmoid joint	structure	6	ZFA:0005610		ZFS:0000000	ZFS:0000044	
ZFA:0005649	mesethmoid-vomer joint	structure	6	ZFA:0005610		ZFS:0000000	ZFS:0000044	
ZFA:0005650	primitive pectoral fin adductor	structure	6	ZFA:0005268	ZFA:0000563	ZFS:0000031	ZFS:0000039	
ZFA:0005651	primitive pectoral fin abductor	structure	6	ZFA:0005269		ZFS:0000000	ZFS:0000040	
ZFA:0005652	aponeurosis	structure	5	ZFA:0005647		ZFS:0000000	ZFS:0000044	aponeuroses [EXACT]
ZFA:0005653	vagal sensory zone	structure	3	ZFA:0000297;ZFA:0001477	ZFA:0001101	ZFS:0000000	ZFS:0000044	
ZFA:0005654	blood plasma	structure	2	ZFA:0001487	ZFA:0000007	ZFS:0000000	ZFS:0000044	
ZFA:0005655	anterior ventromedial process of autopalatine	structure	6	ZFA:0001637	ZFA:0000620	ZFS:0000042	ZFS:0000044	
ZFA:0005656	autopalatine-preethmoid joint	structure	6	ZFA:0005153		ZFS:0000000	ZFS:0000044	
ZFA:0005657	anterior lateral process of autopalatine	structure	6	ZFA:0001637	ZFA:0000620	ZFS:0000000	ZFS:0000044	
ZFA:0005658	lymph	structure	2	ZFA:0001487	ZFA:0000385	ZFS:0000000	ZFS:0000044	
ZFA:0005659	intestinal lamina propria mucosa	structure	3	ZFA:0001488	ZFA:0005660	ZFS:0000000	ZFS:0000044	
ZFA:0005660	intestinal mucosa	structure	3	ZFA:0001488	ZFA:0001338	ZFS:0000000	ZFS:0000044	
ZFA:0005661	olfactory bulb glomerulus	structure	3	ZFA:0001488	ZFA:0000357	ZFS:0000033	ZFS:0000044	
ZFA:0005662	spinal nerve	structure	4	ZFA:0007009	ZFA:0000142	ZFS:0000000	ZFS:0000044	
ZFA:0005663	dorsal spinal nerve	structure	5	ZFA:0005662		ZFS:0000000	ZFS:0000044	dorsal nerve [EXACT]
ZFA:0005664	lateral spinal nerve	structure	5	ZFA:0005662		ZFS:0000000	ZFS:0000044	lateral nerve [EXACT]
ZFA:0005665	ventral spinal nerve	structure	5	ZFA:0005662		ZFS:0000000	ZFS:0000044	ventral nerve [EXACT]
ZFA:0005666	ventral spinal nerve septal branch	structure	6	ZFA:0005665		ZFS:0000000	ZFS:0000044	
ZFA:0005667	ventral spinal nerve median branch	structure	6	ZFA:0005665		ZFS:0000000	ZFS:0000044	
ZFA:0005668	olfactory bulb protoglomerulus	structure	3	ZFA:0001488	ZFA:0000357	ZFS:0000033	ZFS:0000000	glomerular precursors [EXACT]
ZFA:0005669	lateral protoglomerulus	structure	4	ZFA:0005668	ZFA:0005675	ZFS:0000033	ZFS:0000000	lateral protoglomeruli [EXACT]
ZFA:0005670	central zone protoglomerulus	structure	4	ZFA:0005668	ZFA:0005673	ZFS:0000033	ZFS:0000000	
ZFA:0005671	medial protoglomerulus	structure	4	ZFA:0005668	ZFA:0005676	ZFS:0000033	ZFS:0000000	
ZFA:0005672	ventral posterior glomerulus	structure	4	ZFA:0005668		ZFS:0000035	ZFS:0000000	VPG [RELATED]
ZFA:0005673	central zone olfactory bulb	structure	3	ZFA:0001488	ZFA:0000357	ZFS:0000033	ZFS:0000044	
ZFA:0005674	dorsal zone olfactory bulb	structure	3	ZFA:0001488	ZFA:0000357	ZFS:0000035	ZFS:0000044	
ZFA:0005675	lateral zone olfactory bulb	structure	3	ZFA:0001488	ZFA:0000357	ZFS:0000033	ZFS:0000044	
ZFA:0005676	medial zone olfactory bulb	structure	3	ZFA:0001488	ZFA:0000357	ZFS:0000033	ZFS:0000044	
ZFA:0005677	ventral zone olfactory bulb	structure	3	ZFA:0001488	ZFA:0000357	ZFS:0000035	ZFS:0000044	
ZFA:0005678	dorsolateral zone olfactory bulb	structure	3	ZFA:0001488	ZFA:0005674	ZFS:0000000	ZFS:0000044	
ZFA:0005679	ventromedial zone olfactory bulb	structure	3	ZFA:0001488	ZFA:0005677	ZFS:0000000	ZFS:0000044	
ZFA:0005680	ventroanterior zone of olfactory bulb	structure	3	ZFA:0001488	ZFA:0005677	ZFS:0000000	ZFS:0000044	vaGx [RELATED]
ZFA:0005681	ventroposterior zone olfactory bulb	structure	3	ZFA:0001488	ZFA:0005677	ZFS:0000000	ZFS:0000044	
ZFA:0005682	mediodorsal zone of the olfactory bulb	structure	3	ZFA:0001488	ZFA:0005676	ZFS:0000000	ZFS:0000044	
ZFA:0005683	anteromedial  zone olfactory bulb	structure	3	ZFA:0001488	ZFA:0005676	ZFS:0000000	ZFS:0000044	medial anterior zone olfactory bulb [EXACT]
ZFA:0005684	posteromedial glomerulus	structure	4	ZFA:0005661	ZFA:0005676	ZFS:0000000	ZFS:0000044	mpG [EXACT]
ZFA:0005685	dG1	structure	4	ZFA:0005661	ZFA:0005674	ZFS:0000000	ZFS:0000044	dorsal glomerulus 1 [EXACT]
ZFA:0005686	dlG1	structure	4	ZFA:0005661	ZFA:0005678	ZFS:0000000	ZFS:0000044	dorsolateral glomerulus 1 [EXACT]
ZFA:0005687	dlG2	structure	4	ZFA:0005661	ZFA:0005678	ZFS:0000000	ZFS:0000044	dorsolateral glomerulus 2 [EXACT]
ZFA:0005688	dlG3	structure	4	ZFA:0005661	ZFA:0005678	ZFS:0000000	ZFS:0000044	dorsolateral glomerulus 3 [EXACT]
ZFA:0005689	dlG4	structure	4	ZFA:0005661	ZFA:0005678	ZFS:0000000	ZFS:0000044	dorsolateral glomerulus 4 [RELATED]
ZFA:0005690	dlG5	structure	4	ZFA:0005661	ZFA:0005678	ZFS:0000000	ZFS:0000044	dorsolateral glomerulus 5 [RELATED]
ZFA:0005691	vmG1	structure	4	ZFA:0005661	ZFA:0005679	ZFS:0000000	ZFS:0000044	ventral triplet glomerulus 1 [EXACT] | ventromedial glomerulus 1 [EXACT]
ZFA:0005692	vmG2	structure	4	ZFA:0005661	ZFA:0005679	ZFS:0000000	ZFS:0000044	ventral triplet glomerulus 2 [EXACT] | ventromedial glomerulus 2 [EXACT]
ZFA:0005693	vmG3	structure	4	ZFA:0005661	ZFA:0005679	ZFS:0000000	ZFS:0000044	ventral triplet glomerulus 3 [EXACT] | ventromedial glomerulus 3 [EXACT]
ZFA:0005694	vmG4	structure	4	ZFA:0005661	ZFA:0005679	ZFS:0000000	ZFS:0000044	ventromedial glomerulus 4 [EXACT]
ZFA:0005695	vmG5	structure	4	ZFA:0005661	ZFA:0005679	ZFS:0000000	ZFS:0000044	ventromedial glomerulus 5 [EXACT]
ZFA:0005696	vmG6	structure	4	ZFA:0005661	ZFA:0005679	ZFS:0000000	ZFS:0000044	ventromedial glomerulus 6 [EXACT]
ZFA:0005697	vmG7	structure	4	ZFA:0005661	ZFA:0005679	ZFS:0000000	ZFS:0000044	ventromedial glomerulus 7 [EXACT]
ZFA:0005698	vmGx	structure	3	ZFA:0001488	ZFA:0005679	ZFS:0000000	ZFS:0000044	ventromedial glomerular group x [EXACT]
ZFA:0005699	vmGy	structure	3	ZFA:0001488	ZFA:0005679	ZFS:0000000	ZFS:0000044	ventromedial glomerular group y [EXACT]
ZFA:0005700	vpG1	structure	4	ZFA:0005661	ZFA:0005681	ZFS:0000000	ZFS:0000044	ventroposterior glomerulus 1 [EXACT]
ZFA:0005701	vpG2	structure	4	ZFA:0005661	ZFA:0005681	ZFS:0000000	ZFS:0000044	ventroposterior glomerulus 2 [EXACT]
ZFA:0005702	lg1	structure	4	ZFA:0005661	ZFA:0005675	ZFS:0000000	ZFS:0000044	glomerulus 1 of the lateral chain [EXACT] | lateral glomerulus 1 [EXACT]
ZFA:0005703	lG2	structure	4	ZFA:0005661	ZFA:0005675	ZFS:0000000	ZFS:0000044	glomerulus 2 of the lateral chain [EXACT] | lateral glomerulus 2 [EXACT] | lcG2  [EXACT]
ZFA:0005704	lG3	structure	4	ZFA:0005661	ZFA:0005675	ZFS:0000000	ZFS:0000044	glomerulus 3 of the lateral chain [EXACT] | lateral glomerulus 3 [EXACT] | lcG3 [EXACT]
ZFA:0005705	lG4	structure	4	ZFA:0005661	ZFA:0005675	ZFS:0000000	ZFS:0000044	glomerulus 4 of the lateral chain [EXACT] | lateral glomerulus 4 [EXACT] | lcG4 [RELATED]
ZFA:0005706	lg5	structure	4	ZFA:0005661	ZFA:0005675	ZFS:0000000	ZFS:0000044	glomerulus 5 of the lateral chain [EXACT] | lateral glomerulus 5 [RELATED] | lcG5  [EXACT]
ZFA:0005707	lGx	structure	3	ZFA:0001488	ZFA:0005675	ZFS:0000000	ZFS:0000044	
ZFA:0005708	lg6	structure	4	ZFA:0005661	ZFA:0005675	ZFS:0000000	ZFS:0000044	lateral glomerulus 6 [EXACT] | lvpG [EXACT]
ZFA:0005709	mdG1	structure	4	ZFA:0005661	ZFA:0005682	ZFS:0000000	ZFS:0000044	mdpG1 [EXACT] | mediodorsal glomerulus 1 [EXACT] | mediodorsal posterior glomerulus 1  [EXACT]
ZFA:0005710	mdG2	structure	4	ZFA:0005661	ZFA:0005682	ZFS:0000000	ZFS:0000044	mdpG2  [EXACT] | mediodorsal glomerulus 2 [EXACT] | mediodorsal posterior glomerulus 2 [EXACT]
ZFA:0005711	mdG3	structure	4	ZFA:0005661	ZFA:0005682	ZFS:0000000	ZFS:0000044	mediodorsal glomerulus 3 [EXACT]
ZFA:0005712	mdG4	structure	4	ZFA:0005661	ZFA:0005682	ZFS:0000000	ZFS:0000044	mediodorsal glomerulus 4 [EXACT]
ZFA:0005713	mdG5	structure	4	ZFA:0005661	ZFA:0005682	ZFS:0000000	ZFS:0000044	mediodorsal glomerulus 5 [EXACT]
ZFA:0005714	mdG6	structure	4	ZFA:0005661	ZFA:0005682	ZFS:0000000	ZFS:0000044	mediodorsal glomerulus 6 [EXACT]
ZFA:0005715	maG1	structure	4	ZFA:0005661	ZFA:0005683	ZFS:0000000	ZFS:0000044	maG [RELATED] | medial anterior glomerulus 1 [EXACT]
ZFA:0005716	maGx	structure	3	ZFA:0001488	ZFA:0005683	ZFS:0000000	ZFS:0000044	medial anterior glomeruli  [RELATED]
ZFA:0005717	lateral protoglomerulus 1	structure	4	ZFA:0005669	ZFA:0005675	ZFS:0000035	ZFS:0000000	LG1 [RELATED]
ZFA:0005718	lateral protoglomerulus 2	structure	4	ZFA:0005669	ZFA:0005675	ZFS:0000035	ZFS:0000000	LG2 [RELATED]
ZFA:0005719	lateral protoglomerulus 3	structure	4	ZFA:0005669	ZFA:0005675	ZFS:0000035	ZFS:0000000	LG3 [RELATED]
ZFA:0005720	lateral protoglomerulus 4	structure	4	ZFA:0005669	ZFA:0005675	ZFS:0000035	ZFS:0000000	LG4 [RELATED]
ZFA:0005721	central zone protoglomerulus 1	structure	4	ZFA:0005670	ZFA:0005673	ZFS:0000035	ZFS:0000000	CZ1 [EXACT]
ZFA:0005722	central zone protoglomerulus 2	structure	4	ZFA:0005670	ZFA:0005673	ZFS:0000035	ZFS:0000000	CZ2 [EXACT]
ZFA:0005723	central zone protoglomerulus 3	structure	4	ZFA:0005670	ZFA:0005673	ZFS:0000035	ZFS:0000000	CZ3 [EXACT]
ZFA:0005724	central zone protoglomerulus 4	structure	4	ZFA:0005670	ZFA:0005673	ZFS:0000035	ZFS:0000000	CZ4 [EXACT]
ZFA:0005725	central zone protoglomerulus 5	structure	4	ZFA:0005670	ZFA:0005673	ZFS:0000035	ZFS:0000000	CZ5 [EXACT]
ZFA:0005726	medial protoglomerulus 1	structure	4	ZFA:0005671	ZFA:0005676	ZFS:0000035	ZFS:0000000	MG1  [RELATED]
ZFA:0005727	medial protoglomerulus 2	structure	4	ZFA:0005671	ZFA:0005676	ZFS:0000035	ZFS:0000000	MG2 [RELATED]
ZFA:0005728	medial protoglomerulus 3	structure	4	ZFA:0005671	ZFA:0005676	ZFS:0000035	ZFS:0000000	MG3 [RELATED]
ZFA:0005729	medial protoglomerulus 4	structure	4	ZFA:0005671	ZFA:0005676	ZFS:0000035	ZFS:0000000	MG4 [RELATED]
ZFA:0005730	cranial motor neuron	cell	4	ZFA:0009052	ZFA:0001114	ZFS:0000000	ZFS:0000044	cranial motoneuron [EXACT]
ZFA:0005731	branchiomotor neuron	cell	5	ZFA:0005730		ZFS:0000000	ZFS:0000044	branchi motor neuron [EXACT] | special visceral motor neuron [EXACT]
ZFA:0005732	visceromotor neuron	cell	4	ZFA:0005730	ZFA:0000029	ZFS:0000000	ZFS:0000044	general visceral motor neuron [EXACT]
ZFA:0005733	somatomotor neuron	cell	4	ZFA:0005730	ZFA:0000029;ZFA:0000128	ZFS:0000000	ZFS:0000044	
ZFA:0005734	lacunocanalicular system	structure	4	ZFA:0001439	ZFA:0001189;ZFA:0005621	ZFS:0000000	ZFS:0000044	
ZFA:0005735	lacunocanalicular canal	structure	2	ZFA:0001643	ZFA:0005734	ZFS:0000000	ZFS:0000044	
ZFA:0005736	lacuna	structure	2	ZFA:0001643	ZFA:0005734	ZFS:0000000	ZFS:0000044	
ZFA:0005737	intestinal rod	structure	3	ZFA:0001488		ZFS:0000027	ZFS:0000032	endodermal rod [RELATED] | intestinal anlage [RELATED]
ZFA:0005738	intestinal bulb primordium	structure	3	ZFA:0001477		ZFS:0000029	ZFS:0000032	
ZFA:0005739	pancreatic acinar cell	cell	4	ZFA:0009277	ZFA:0005741	ZFS:0000033	ZFS:0000044	
ZFA:0005740	pancreatic centroacinar cell	cell	4	ZFA:0009038	ZFA:0005741	ZFS:0000033	ZFS:0000044	CAC [EXACT]
ZFA:0005741	pancreatic acinar gland	structure	3	ZFA:0001477	ZFA:0005753	ZFS:0000033	ZFS:0000044	exocrine glands pancreas [EXACT] | pancreatic acini [EXACT]
ZFA:0005742	pancreatic PP cell	cell	4	ZFA:0009034	ZFA:0001260	ZFS:0000000	ZFS:0000044	pancreatic F cells  [RELATED] | pancreatic polypeptide-secreting cell [EXACT] | PP cell of pancreatic islet [EXACT] | PP-cell of pancreatic islet [EXACT]
ZFA:0005743	pancreatic D cell	cell	5	ZFA:0009228	ZFA:0001260	ZFS:0000000	ZFS:0000044	D-cell of pancreatic islet [EXACT] | delta cell of islet [EXACT] | pancreatic delta cell [EXACT] | somatostatin-secreting pancreatic cell [EXACT]
ZFA:0005744	notochord outer sheath cell	cell	4	ZFA:0009034	ZFA:0000135	ZFS:0000026	ZFS:0000000	notochord sheath cell [RELATED]
ZFA:0005745	structural cell	cell	3	ZFA:0009000		ZFS:0000000	ZFS:0000044	
ZFA:0005746	notochord inner cell	cell	4	ZFA:0005745	ZFA:0000135	ZFS:0000026	ZFS:0000000	chordocytes [EXACT]
ZFA:0005747	supraintestinal lymphatic vessel	structure	4	ZFA:0005844	ZFA:0005840	ZFS:0000037	ZFS:0000044	SIL [EXACT]
ZFA:0005748	intrapancreatic duct	structure	4	ZFA:0005162	ZFA:0000140;ZFA:0001372	ZFS:0000033	ZFS:0000044	
ZFA:0005749	intercalated duct pancreas	structure	5	ZFA:0005748		ZFS:0000035	ZFS:0000044	
ZFA:0005750	pancreatic intralobular duct	structure	5	ZFA:0005748	ZFA:0005753	ZFS:0000035	ZFS:0000044	
ZFA:0005751	pancreatic interlobular duct	structure	5	ZFA:0005748		ZFS:0000000	ZFS:0000044	
ZFA:0005752	main intrapancreatic duct	structure	5	ZFA:0005748		ZFS:0000035	ZFS:0000044	
ZFA:0005753	pancreatic lobule	structure	4	ZFA:0001478	ZFA:0001249	ZFS:0000000	ZFS:0000044	exocrine lobule [EXACT]
ZFA:0005754	primary islet	structure	4	ZFA:0005755		ZFS:0000000	ZFS:0000044	principal islet [EXACT]
ZFA:0005755	islet	structure	3	ZFA:0001477	ZFA:0001260	ZFS:0000000	ZFS:0000044	
ZFA:0005756	secondary islet	structure	4	ZFA:0005755		ZFS:0000037	ZFS:0000044	
ZFA:0005757	mid diencephalic organizer	structure	3	ZFA:0001477	ZFA:0001344	ZFS:0000029	ZFS:0000000	MDO [EXACT] | mid-diencephalic organizer [EXACT]
ZFA:0005758	pancreatic fat	structure	4	ZFA:0005345	ZFA:0005753	ZFS:0000039	ZFS:0000044	
ZFA:0005759	visceral fat	structure	4	ZFA:0005345	ZFA:0007116	ZFS:0000040	ZFS:0000044	visceral fat deposit [RELATED]
ZFA:0005760	cranial fat	structure	4	ZFA:0005345	ZFA:0001114	ZFS:0000041	ZFS:0000044	
ZFA:0005761	periorbital fat	structure	5	ZFA:0005760	ZFA:0001410	ZFS:0000041	ZFS:0000044	
ZFA:0005762	subcutaneous fat	structure	4	ZFA:0005345		ZFS:0000041	ZFS:0000044	
ZFA:0005763	esophageal fat	structure	4	ZFA:0005345	ZFA:0001114	ZFS:0000042	ZFS:0000044	
ZFA:0005764	mandibular fat	structure	4	ZFA:0005345	ZFA:0001273	ZFS:0000042	ZFS:0000044	jaw fat deposit [EXACT]
ZFA:0005765	pericardial fat	structure	4	ZFA:0005345	ZFA:0000054	ZFS:0000042	ZFS:0000044	pericardial fat deposit [EXACT]
ZFA:0005766	pectoral fin plate fat	structure	5	ZFA:0005762	ZFA:0001161	ZFS:0000042	ZFS:0000044	pectoral fin plate deposit [EXACT]
ZFA:0005767	caudal fin fat	structure	5	ZFA:0005762	ZFA:0001058	ZFS:0000042	ZFS:0000044	tail fin fat [EXACT]
ZFA:0005768	trigeminal sensory neuron	cell	6	ZFA:0009053		ZFS:0000023	ZFS:0000044	
ZFA:0005769	spermatid	cell	4	ZFA:0009016	ZFA:0000598	ZFS:0000043	ZFS:0000044	
ZFA:0005770	crypt neuron olfactory support cell	cell	4	ZFA:0000688		ZFS:0000000	ZFS:0000044	
ZFA:0005771	ectomesenchyme	structure	3	ZFA:0001477		ZFS:0000025	ZFS:0000000	
ZFA:0005772	fertilized egg	cell	3	ZFA:0009000		ZFS:0000001	ZFS:0000001	zygote  [EXACT]
ZFA:0005773	embryonic blood vessel endothelial progenitor cell	cell	4	ZFA:0009138		ZFS:0000023	ZFS:0000026	
ZFA:0005774	atrial epicardium	structure	3	ZFA:0001477	ZFA:0005057	ZFS:0000036	ZFS:0000044	
ZFA:0005775	enteric neuron	cell	5	ZFA:0009059	ZFA:0001155	ZFS:0000000	ZFS:0000044	
ZFA:0005776	parasympathetic neuron	cell	5	ZFA:0009059	ZFA:0001575	ZFS:0000000	ZFS:0000044	
ZFA:0005777	sympathetic neuron	cell	5	ZFA:0009059	ZFA:0001576	ZFS:0000000	ZFS:0000044	
ZFA:0005778	hypocretin-secreting neuron	cell	6	ZFA:0009248		ZFS:0000000	ZFS:0000044	orexin secreting neuron  [RELATED]
ZFA:0005779	thymic epithelium	structure	4	ZFA:0001486	ZFA:0001078	ZFS:0000035	ZFS:0000044	
ZFA:0005780	immature thymic epithelium	structure	4	ZFA:0001486	ZFA:0001077	ZFS:0000034	ZFS:0000035	
ZFA:0005781	cloaca	structure	3	ZFA:0001488	ZFA:0000112	ZFS:0000029	ZFS:0000044	
ZFA:0005782	intestinal opening	structure	2	ZFA:0001643	ZFA:0000330	ZFS:0000000	ZFS:0000044	gut opening [EXACT]
ZFA:0005783	cloacal epithelium	structure	4	ZFA:0001486	ZFA:0005123;ZFA:0005781	ZFS:0000029	ZFS:0000044	
ZFA:0005784	striated muscle cell	cell	5	ZFA:0009114		ZFS:0000000	ZFS:0000044	
ZFA:0005785	esophageal striated muscle	structure	4	ZFA:0005145	ZFA:0000204	ZFS:0000035	ZFS:0000044	oesophageal striated muscle (OSM) [EXACT]
ZFA:0005786	cleft cell	cell	5	ZFA:0009183	ZFA:0000040	ZFS:0000028	ZFS:0000037	
ZFA:0005787	hypophyseal artery	structure	5	ZFA:0000005	ZFA:0000099	ZFS:0000033	ZFS:0000044	
ZFA:0005788	hypophyseal vein	structure	5	ZFA:0000082	ZFA:0000099	ZFS:0000033	ZFS:0000044	
ZFA:0005789	preopticohypophyseal tract	structure	4	ZFA:0001682		ZFS:0000000	ZFS:0000044	preopticohypophyseal axon tract [EXACT]
ZFA:0005790	hypophyseal capillary	structure	5	ZFA:0005250	ZFA:0000099	ZFS:0000033	ZFS:0000044	
ZFA:0005791	breeding tubercle	structure	4	ZFA:0000292	ZFA:0000368	ZFS:0000041	ZFS:0000044	
ZFA:0005792	jaw flap	structure	4	ZFA:0000292		ZFS:0000041	ZFS:0000044	lateral projections lower jaw [EXACT]
ZFA:0005793	superficial layer of breeding tubercle	structure	3	ZFA:0001477	ZFA:0005791	ZFS:0000041	ZFS:0000044	
ZFA:0005794	second tier layer of breeding tubercle	structure	3	ZFA:0001477	ZFA:0005791	ZFS:0000041	ZFS:0000044	
ZFA:0005795	spinous layer of breeding tubercle	structure	3	ZFA:0001477	ZFA:0005791	ZFS:0000041	ZFS:0000044	spinous keratinocyte layer [EXACT]
ZFA:0005796	basal layer breeding tubercle	structure	3	ZFA:0001477	ZFA:0005791	ZFS:0000041	ZFS:0000044	
ZFA:0005797	pectoral fin breeding tubercle	structure	4	ZFA:0005791	ZFA:0000242;ZFA:0001161	ZFS:0000000	ZFS:0000044	
ZFA:0005798	jaw row breeding tubercle	structure	5	ZFA:0005791		ZFS:0000041	ZFS:0000044	
ZFA:0005799	jaw flap breeding tubercle	structure	5	ZFA:0005791		ZFS:0000041	ZFS:0000044	
ZFA:0005800	extracellular lipid lamellae	structure	2	ZFA:0001487	ZFA:0005791	ZFS:0000041	ZFS:0000044	
ZFA:0005801	interrenal vessel	structure	4	ZFA:0005314	ZFA:0001345	ZFS:0000035	ZFS:0000000	IRV [EXACT]
ZFA:0005802	interrenal  angiogenic sprout	structure	4	ZFA:0005604	ZFA:0001346	ZFS:0000030	ZFS:0000034	
ZFA:0005803	cupula	structure	2	ZFA:0001487	ZFA:0000243	ZFS:0000000	ZFS:0000044	
ZFA:0005804	rhombencephalic efferent neurons to the lateral line	cell	4	ZFA:0009239	ZFA:0000029;ZFA:0000034	ZFS:0000000	ZFS:0000044	RELL neuron [EXACT]
ZFA:0005805	rhombencephalic octavolateral efferent neuron	cell	4	ZFA:0009239	ZFA:0000128	ZFS:0000000	ZFS:0000044	ROLE neuron [EXACT]
ZFA:0005806	diencephalic efferent neurons to the lateral line	cell	4	ZFA:0009239	ZFA:0000034;ZFA:0000101	ZFS:0000000	ZFS:0000044	DELL neuron [EXACT]
ZFA:0005807	intestine lumen	structure	3	ZFA:0005930	ZFA:0001338	ZFS:0000000	ZFS:0000044	gut lumen [RELATED]
ZFA:0005808	proepicardial cluster	structure	3	ZFA:0001477	ZFA:0000010	ZFS:0000000	ZFS:0000035	proepicardial organ [EXACT] | proepicardium [EXACT]
ZFA:0005809	pectinate muscle	structure	5	ZFA:0005280	ZFA:0000471	ZFS:0000040	ZFS:0000044	pectinate muscles [EXACT]
ZFA:0005810	trabecular layer of the atrium	structure	3	ZFA:0001477	ZFA:0001374;ZFA:0005059	ZFS:0000000	ZFS:0000044	
ZFA:0005811	heart vasculature	structure	4	ZFA:0005249	ZFA:0000114	ZFS:0000000	ZFS:0000044	
ZFA:0005812	coronary artery	structure	5	ZFA:0000005	ZFA:0005811	ZFS:0000000	ZFS:0000044	coronary vessel [EXACT]
ZFA:0005813	coronary capillary	structure	5	ZFA:0005250	ZFA:0005811	ZFS:0000000	ZFS:0000044	
ZFA:0005814	coronary vein	structure	5	ZFA:0000082	ZFA:0005811	ZFS:0000000	ZFS:0000044	
ZFA:0005815	T interneuron	cell	5	ZFA:0005209		ZFS:0000000	ZFS:0000044	cranial relay neuron [RELATED] | T shaped reticular neuron  [RELATED] | T-interneuron [EXACT] | t-interneuron [EXACT]
ZFA:0005816	dorsal fin protractor	structure	4	ZFA:0005145	ZFA:0000648	ZFS:0000000	ZFS:0000044	protractor dorsalis [EXACT]
ZFA:0005817	dorsal fin retractor	structure	4	ZFA:0005145	ZFA:0000648	ZFS:0000000	ZFS:0000044	retractor dorsalis [EXACT]
ZFA:0005818	superficial caudal fin musculature	structure	6	ZFA:0000628		ZFS:0000000	ZFS:0000044	
ZFA:0005819	deep caudal fin musculature	structure	6	ZFA:0000628		ZFS:0000000	ZFS:0000044	
ZFA:0005820	ventral caudal adductor	structure	5	ZFA:0005268	ZFA:0000902;ZFA:0005819	ZFS:0000000	ZFS:0000044	ACV [RELATED] | adductor caudalis ventralis [EXACT]
ZFA:0005821	ventral interfilamental caudal muscle	structure	5	ZFA:0005277	ZFA:0005818	ZFS:0000040	ZFS:0000044	ICV [RELATED] | interfilamenti caudalis ventralis [EXACT]
ZFA:0005822	dorsal interfilamental caudal muscle	structure	5	ZFA:0005277	ZFA:0005818	ZFS:0000040	ZFS:0000044	"ICD [RELATED] | interfilamenti caudalis dorsalis	 [EXACT]"
ZFA:0005823	external lateral dorsal muscle	structure	5	ZFA:0005277	ZFA:0005818	ZFS:0000000	ZFS:0000044	lateralis superficialis dorsalis [EXACT] | LSD [RELATED]
ZFA:0005824	deep lateral ventral muscle	structure	5	ZFA:0005277	ZFA:0005818	ZFS:0000000	ZFS:0000044	lateralis profundus ventralis  [EXACT] | LPV [RELATED]
ZFA:0005825	deep lateral dorsal muscle	structure	5	ZFA:0005277	ZFA:0005818	ZFS:0000000	ZFS:0000044	lateralis profundus dorsalis [EXACT] | LPD [RELATED]
ZFA:0005826	tri-tipped trabecula	structure	4	ZFA:0005280	ZFA:0005060	ZFS:0000035	ZFS:0000044	
ZFA:0005827	transverse band	structure	4	ZFA:0005280	ZFA:0005060	ZFS:0000035	ZFS:0000044	
ZFA:0005828	kappe olfactory receptor neuron	cell	7	ZFA:0009125		ZFS:0000000	ZFS:0000044	kappe neuron [EXACT]
ZFA:0005829	Schlemm's canal	structure	4	ZFA:0005249	ZFA:0000107	ZFS:0000000	ZFS:0000044	
ZFA:0005830	hematopoietic cell	cell	3	ZFA:0009000		ZFS:0000000	ZFS:0000044	haematopoietic cell [EXACT] | haemopoietic cell [RELATED] | hemopoietic cell [EXACT]
ZFA:0005831	facial lymphatic network	structure	4	ZFA:0005105	ZFA:0001114	ZFS:0000032	ZFS:0000044	facial lymphatics [RELATED]
ZFA:0005832	lymphatic branchial arch 1	structure	4	ZFA:0005844	ZFA:0001606;ZFA:0005003;ZFA:0005831	ZFS:0000036	ZFS:0000044	LAA1 [EXACT]
ZFA:0005833	lymphatic branchial arch 2	structure	4	ZFA:0005844	ZFA:0001607;ZFA:0005003;ZFA:0005831	ZFS:0000037	ZFS:0000044	LAA2 [EXACT]
ZFA:0005834	lymphatic branchial arch 3	structure	4	ZFA:0005844	ZFA:0001608;ZFA:0005003;ZFA:0005831	ZFS:0000037	ZFS:0000044	LAA3 [EXACT]
ZFA:0005835	lymphatic branchial arch 4	structure	4	ZFA:0005844	ZFA:0001610;ZFA:0005003;ZFA:0005831	ZFS:0000038	ZFS:0000044	LAA4  [EXACT]
ZFA:0005836	facial lymphatic sprout	structure	5	ZFA:0005603	ZFA:0005831	ZFS:0000032	ZFS:0000034	FLS [EXACT]
ZFA:0005837	lateral facial lymph vessel	structure	4	ZFA:0005844	ZFA:0005831	ZFS:0000035	ZFS:0000044	lateral facial lymphatic [EXACT] | LFL [EXACT]
ZFA:0005838	otolithic lymph vessel	structure	4	ZFA:0005844	ZFA:0005831	ZFS:0000035	ZFS:0000044	otolithic lymphatic vessel [EXACT]
ZFA:0005839	medial facial lymph vessel	structure	4	ZFA:0005844	ZFA:0005831	ZFS:0000036	ZFS:0000044	medial facial lymphatic [EXACT] | MFL  [EXACT]
ZFA:0005840	intestinal lymphatic network	structure	5	ZFA:0005105		ZFS:0000036	ZFS:0000044	<new synonym> [RELATED] | intestinal lymphatics [EXACT]
ZFA:0005841	upper right intestinal lymph vessel	structure	4	ZFA:0005844	ZFA:0005843	ZFS:0000037	ZFS:0000044	UR-IL [EXACT]
ZFA:0005842	lower right intestinal lymph vessel	structure	4	ZFA:0005844	ZFA:0005843	ZFS:0000037	ZFS:0000044	LR-IL [EXACT]
ZFA:0005843	right intestinal lymphatics	structure	6	ZFA:0005840		ZFS:0000036	ZFS:0000044	
ZFA:0005844	lymph vessel	structure	3	ZFA:0001488	ZFA:0005105	ZFS:0000000	ZFS:0000044	
ZFA:0005845	lower left intestinal lymph vessel	structure	4	ZFA:0005844	ZFA:0005846	ZFS:0000037	ZFS:0000044	LL-IL [EXACT] | lower left intestinal lymphatic [EXACT]
ZFA:0005846	left intestinal lymphatics	structure	6	ZFA:0005840		ZFS:0000036	ZFS:0000044	
ZFA:0005847	upper left intestinal lymph vessel	structure	4	ZFA:0005844	ZFA:0005846	ZFS:0000037	ZFS:0000044	UL-IL [EXACT]
ZFA:0005848	intestinal interlymphatic vessel	structure	4	ZFA:0005844	ZFA:0005840	ZFS:0000037	ZFS:0000044	
ZFA:0005849	ceratobranchial 5 replacement  tooth	structure	4	ZFA:0000694		ZFS:0000035	ZFS:0000044	
ZFA:0005850	nucleus of the caudal commissure	structure	4	ZFA:0001659		ZFS:0000000	ZFS:0000044	 nuc PC [EXACT] | nTPC [RELATED] | nucleus of posterior commissure [EXACT] | nucleus of the tract of the posterior commissure  [RELATED]
ZFA:0005851	ceratobranchial 5 primary tooth	structure	4	ZFA:0000694		ZFS:0000033	ZFS:0000000	
ZFA:0005852	replacement tooth 4V	structure	5	ZFA:0005849	ZFA:0001137	ZFS:0000035	ZFS:0000044	
ZFA:0005853	replacement tooth 5V	structure	5	ZFA:0005849	ZFA:0001137	ZFS:0000038	ZFS:0000044	
ZFA:0005854	replacement  tooth 3V	structure	5	ZFA:0005849	ZFA:0001137	ZFS:0000038	ZFS:0000044	
ZFA:0005855	replacement tooth 2V	structure	5	ZFA:0005849	ZFA:0001137	ZFS:0000000	ZFS:0000044	
ZFA:0005856	replacement tooth 1V	structure	5	ZFA:0005849	ZFA:0001137	ZFS:0000000	ZFS:0000044	
ZFA:0005857	bile	structure	2	ZFA:0001487		ZFS:0000000	ZFS:0000044	
ZFA:0005858	hyaloid capillaries	structure	5	ZFA:0005046;ZFA:0005250		ZFS:0000000	ZFS:0000043	
ZFA:0005859	ceratohyal-interhyal joint	structure	5	ZFA:0001596		ZFS:0000000	ZFS:0000044	
ZFA:0005860	interhyal-hyosymplectic joint	structure	5	ZFA:0001596		ZFS:0000000	ZFS:0000044	
ZFA:0005861	opercle-hyosymplectic joint	structure	5	ZFA:0001596		ZFS:0000000	ZFS:0000044	
ZFA:0005862	ovarian lymph vessel	structure	4	ZFA:0005844		ZFS:0000040	ZFS:0000044	
ZFA:0005863	pectoral protractor	structure	4	ZFA:0005145	ZFA:0000563	ZFS:0000000	ZFS:0000044	protractor pectoralis [EXACT]
ZFA:0005864	retinotectal tract	structure	4	ZFA:0001682	ZFA:0000252	ZFS:0000033	ZFS:0000044	
ZFA:0005865	reticulospinal neuron	cell	8	ZFA:0009191		ZFS:0000000	ZFS:0000044	
ZFA:0005866	vestibulospinal neuron	cell	8	ZFA:0009191		ZFS:0000000	ZFS:0000044	V [RELATED]
ZFA:0005867	cephalic mesoderm	structure	4	ZFA:0000041	ZFA:0001114	ZFS:0000024	ZFS:0000034	
ZFA:0005868	griseum tectale	structure	4	ZFA:0001665	ZFA:0000445	ZFS:0000033	ZFS:0000000	tectal grey  [EXACT]
ZFA:0005869	cerebellar plate	structure	3	ZFA:0001488	ZFA:0000029	ZFS:0000032	ZFS:0000000	
ZFA:0005870	cerebellar plate ventral proliferative layer	structure	4	ZFA:0000098	ZFA:0005869	ZFS:0000032	ZFS:0000000	
ZFA:0005871	region of the nucleus of the medial longitudinal fascicle	structure	3	ZFA:0001477	ZFA:0000128	ZFS:0000026	ZFS:0000000	
ZFA:0005872	external granular layer of the cerebellar plate	structure	4	ZFA:0000098	ZFA:0005869	ZFS:0000035	ZFS:0000000	cerebellar plate peripheral proliferative zone [RELATED] | EGL [EXACT]
ZFA:0005873	noradrenergic neuron	cell	6	ZFA:0009214;ZFA:0009248		ZFS:0000000	ZFS:0000044	
ZFA:0005874	spiral neuron	cell	5	ZFA:0005209	ZFA:0000948	ZFS:0000000	ZFS:0000044	
ZFA:0005875	tract of the commissure of the caudal tuberculum	structure	4	ZFA:0001682	ZFA:0000491	ZFS:0000029	ZFS:0000044	 TCPT [EXACT] | tract of the commissure of the posterior tuberculum [EXACT]
ZFA:0005876	anterior chamber eye	structure	2	ZFA:0001643	ZFA:0005566	ZFS:0000000	ZFS:0000044	
ZFA:0005877	commissure of the tract of the commissure of the caudal tuberculum	structure	5	ZFA:0000338		ZFS:0000031	ZFS:0000044	Commissure of the TCPT [EXACT]
ZFA:0005878	oogonia	cell	4	ZFA:0009016	ZFA:0000413	ZFS:0000000	ZFS:0000044	
ZFA:0005879	seminiferous tubule	structure	3	ZFA:0001488	ZFA:0000598	ZFS:0000000	ZFS:0000044	seminiferous tubules [EXACT] | sperm duct [BROAD]
ZFA:0005880	seminiferous epithelium	structure	4	ZFA:0001486	ZFA:0005879	ZFS:0000000	ZFS:0000044	
ZFA:0005881	tunica propria of seminiferous tubule	structure	3	ZFA:0001477	ZFA:0005879	ZFS:0000000	ZFS:0000044	
ZFA:0005882	spermatogenic cyst	structure	3	ZFA:0001477	ZFA:0000598	ZFS:0000000	ZFS:0000044	
ZFA:0005883	tunica albuginea testis	structure	3	ZFA:0001477	ZFA:0000598	ZFS:0000000	ZFS:0000044	
ZFA:0005884	seminiferous tubule lumen	structure	2	ZFA:0001643	ZFA:0005879	ZFS:0000024	ZFS:0000044	
ZFA:0005885	operculohyoid ligament	structure	5	ZFA:0001675		ZFS:0000033	ZFS:0000000	
ZFA:0005886	anterior basicapsular commissure	structure	5	ZFA:0001461	ZFA:0001580	ZFS:0000034	ZFS:0000000	anterior  basicranial commissure [EXACT]
ZFA:0005887	posterior basicapsular commissure	structure	5	ZFA:0001461	ZFA:0001580	ZFS:0000034	ZFS:0000000	posterior basicranial commissure [EXACT]
ZFA:0005888	lateral basicapsular commissure	structure	5	ZFA:0001461	ZFA:0001580	ZFS:0000035	ZFS:0000000	 lateral  basicranial commissure [EXACT] | lateral commissure  [RELATED]
ZFA:0005889	epiotic-posttemporal joint	structure	6	ZFA:0005156		ZFS:0000000	ZFS:0000044	epioccipital-posttemporal joint [EXACT]
ZFA:0005890	carotid artery canal	structure	3	ZFA:0005386		ZFS:0000000	ZFS:0000044	
ZFA:0005891	epiotic-parietal joint	structure	6	ZFA:0005156		ZFS:0000000	ZFS:0000044	epioccipital-parietal [EXACT]
ZFA:0005892	lateral occipital foramen	structure	3	ZFA:0005386		ZFS:0000000	ZFS:0000044	lateral occipital foramina [EXACT]
ZFA:0005893	glossopharyngeal foramen	structure	3	ZFA:0005386		ZFS:0000000	ZFS:0000044	
ZFA:0005894	vagus foramen	structure	3	ZFA:0005386		ZFS:0000000	ZFS:0000044	
ZFA:0005895	trigeminal-facial chamber	structure	2	ZFA:0001643		ZFS:0000000	ZFS:0000044	trigeminofacialis chamber [EXACT]
ZFA:0005896	anal retractor	structure	4	ZFA:0005145	ZFA:0001154	ZFS:0000000	ZFS:0000044	infracarinalis posterior [EXACT] | retractor analis [EXACT]
ZFA:0005897	anal protractor	structure	4	ZFA:0005145	ZFA:0001154	ZFS:0000000	ZFS:0000044	infracarinalis medius [RELATED] | protractor analis [EXACT]
ZFA:0005898	caudal hematopoietic tissue	structure	3	ZFA:0001477	ZFA:0005023	ZFS:0000033	ZFS:0000039	posterior blood island [RELATED]
ZFA:0005899	scale focus	structure	2	ZFA:0000037	ZFA:0000277	ZFS:0000000	ZFS:0000044	
ZFA:0005900	scale radius	structure	3	ZFA:0001690	ZFA:0000277	ZFS:0000000	ZFS:0000044	scale radii [EXACT]
ZFA:0005901	superior ocular sulcus	structure	3	ZFA:0001690	ZFA:0001678	ZFS:0000027	ZFS:0000029	dorsal ocular sulcus [EXACT]
ZFA:0005902	pterygoid process	structure	6	ZFA:0005903	ZFA:0001399	ZFS:0000035	ZFS:0000040	Ptp [RELATED]
ZFA:0005903	cartilaginous projection	structure	5	ZFA:0005619		ZFS:0000000	ZFS:0000044	
ZFA:0005904	retroarticular  process	structure	6	ZFA:0005903	ZFA:0001205	ZFS:0000000	ZFS:0000037	
ZFA:0005905	coronoid process	structure	6	ZFA:0005903	ZFA:0001205	ZFS:0000000	ZFS:0000040	 coronoid process of Meckel's cartilage [EXACT]
ZFA:0005906	Reissner's fiber	structure	3	ZFA:0001477	ZFA:0000938	ZFS:0000029	ZFS:0000000	
ZFA:0005907	tectal neuropile	structure	3	ZFA:0001488	ZFA:0000445	ZFS:0000029	ZFS:0000044	synaptic neuropil  [RELATED] | tectial lamina [RELATED]
ZFA:0005908	presumptive pretectum proliferative zone	structure	3	ZFA:0001105		ZFS:0000031	ZFS:0000000	M1 [EXACT]
ZFA:0005909	presumptive preglomerular region	structure	3	ZFA:0001105		ZFS:0000030	ZFS:0000000	early migrated posterior tubercular region [RELATED] | M2 [RELATED] | preglomerular anlagen  [RELATED]
ZFA:0005910	presumptive ventral entopeduncular nucleus	structure	3	ZFA:0001105		ZFS:0000031	ZFS:0000000	M3 [NARROW]
ZFA:0005911	presumptive lateral nucleus of ventral telencephalon	structure	3	ZFA:0001105		ZFS:0000030	ZFS:0000000	lateral nucleus of area ventralis telencepha [RELATED] | M4 [RELATED]
ZFA:0005912	endolymphatic sac	structure	3	ZFA:0001477	ZFA:0000217	ZFS:0000000	ZFS:0000044	
ZFA:0005913	urine	structure	2	ZFA:0001487		ZFS:0000000	ZFS:0000044	
ZFA:0005914	argentum	structure	3	ZFA:0001477	ZFA:0001238	ZFS:0000032	ZFS:0000044	argenta  [EXACT] | iridophore layer iris [EXACT]
ZFA:0005915	iris melanophore layer	structure	3	ZFA:0001477	ZFA:0001238	ZFS:0000000	ZFS:0000044	
ZFA:0005916	tapetum lucidum	structure	3	ZFA:0001477	ZFA:0005229	ZFS:0000000	ZFS:0000044	tapetum cellulosum [RELATED]
ZFA:0005917	anterior-posterior polarized neuromast	structure	5	ZFA:0000243		ZFS:0000029	ZFS:0000044	anteroposterior oriented neuromast [RELATED]
ZFA:0005918	dorsal-ventral polarized neuromast	structure	5	ZFA:0000243		ZFS:0000029	ZFS:0000044	dorsoventral oriented neuromast [RELATED]
ZFA:0005919	dorsal-ventral polarized posterior lateral line neuromast	structure	6	ZFA:0000940;ZFA:0005918		ZFS:0000033	ZFS:0000044	perpendicular posterior lateral line neuromast [EXACT]
ZFA:0005920	anterior-posterior polarized posterior lateral line neuromast	structure	6	ZFA:0000940;ZFA:0005917		ZFS:0000032	ZFS:0000044	parallel posterior lateral line neuromast [RELATED]
ZFA:0005921	migratory muscle precursor	cell	4	ZFA:0009291		ZFS:0000027	ZFS:0000000	migratory mesenchymal precursor  [EXACT] | MMP [RELATED]
ZFA:0005922	migratory muscle precursor stream	structure	3	ZFA:0001477		ZFS:0000028	ZFS:0000000	
ZFA:0005923	anterior migratory muscle precursor stream	structure	4	ZFA:0005922		ZFS:0000029	ZFS:0000000	first migratory stream [RELATED]
ZFA:0005924	middle migratory muscle precursor stream	structure	4	ZFA:0005922		ZFS:0000029	ZFS:0000000	middle migratory muscle precursor stream [RELATED]
ZFA:0005925	posterior migratory muscle precursor stream	structure	4	ZFA:0005922		ZFS:0000029	ZFS:0000000	third migratory stream [RELATED]
ZFA:0005926	posterior hypaxial muscle	structure	5	ZFA:0000362		ZFS:0000033	ZFS:0000000	anterior hypaxial muscle  [EXACT] | inferior obliquus muscle [BROAD] | PHM [RELATED] | ventral-most hypaxial muscle  [EXACT]
ZFA:0005927	endothelial blood brain barrier	structure	7	ZFA:0005259		ZFS:0000035	ZFS:0000044	
ZFA:0005928	melanoleucophore	cell	5	ZFA:0009261		ZFS:0000000	ZFS:0000044	
ZFA:0005929	xantholeucophore	cell	5	ZFA:0009261		ZFS:0000000	ZFS:0000044	
ZFA:0005930	lumen	structure	2	ZFA:0001643		ZFS:0000000	ZFS:0000044	
ZFA:0005931	vascular plexus	structure	4	ZFA:0005249		ZFS:0000026	ZFS:0000044	
ZFA:0005932	developmental vascular plexus	structure	5	ZFA:0005931		ZFS:0000026	ZFS:0000000	
ZFA:0005933	mature plexus	structure	5	ZFA:0005931		ZFS:0000000	ZFS:0000044	capillary plexus [EXACT] | mature vascular plexus [EXACT]
ZFA:0005934	subintestinal venous plexus	structure	5	ZFA:0005931		ZFS:0000032	ZFS:0000044	subintestinal plexus [EXACT]
ZFA:0005935	superficial subintestinal venous plexus	structure	6	ZFA:0005932;ZFA:0005934		ZFS:0000032	ZFS:0000039	yolk plexus [RELATED]
ZFA:0005936	deep subintestinal venous plexus	structure	6	ZFA:0005933;ZFA:0005934		ZFS:0000035	ZFS:0000044	
ZFA:0005937	interconnecting vessels	structure	4	ZFA:0005314	ZFA:0005934	ZFS:0000032	ZFS:0000000	ICV [RELATED]
ZFA:0005938	inter-organ blood vessel	structure	4	ZFA:0005314		ZFS:0000000	ZFS:0000044	
ZFA:0005939	liver pancreas connecting vessel	structure	5	ZFA:0005938		ZFS:0000000	ZFS:0000044	
ZFA:0005940	fibrocartilaginous callus	structure	4	ZFA:0005147		ZFS:0000000	ZFS:0000044	
ZFA:0005941	bone callus	structure	4	ZFA:0005147		ZFS:0000000	ZFS:0000044	
ZFA:0005942	lysosome-rich enterocyte	cell	6	ZFA:0009269		ZFS:0000000	ZFS:0000044	
ZFA:0005943	perivitelline fluid	structure	3	ZFA:0000020		ZFS:0000001	ZFS:0000032	
ZFA:0005944	mural cell	cell	3	ZFA:0009000	ZFA:0005249	ZFS:0000026	ZFS:0000044	
ZFA:0005945	long double cone cell	cell	6	ZFA:0009262		ZFS:0000033	ZFS:0000044	red-sensitive cone cell [EXACT] | unequal double cone cell [RELATED]
ZFA:0005946	short double cone cell	cell	6	ZFA:0009262		ZFS:0000033	ZFS:0000044	green-sensitive cone [EXACT] | unequal double cone cell [RELATED]
ZFA:0005947	long single cone cell	cell	6	ZFA:0009262		ZFS:0000000	ZFS:0000044	blue-sensitive cone cell [EXACT]
ZFA:0005948	short single cone cell	cell	6	ZFA:0009262		ZFS:0000000	ZFS:0000044	ultraviolet-sensitive cone [EXACT] | UV-sensitive cone [EXACT]
ZFA:0005949	heart lymph vessel	structure	4	ZFA:0005844	ZFA:0005952	ZFS:0000041	ZFS:0000044	
ZFA:0005950	bulbus arteriosus lymph vessel	structure	4	ZFA:0005949	ZFA:0000173	ZFS:0000041	ZFS:0000044	outflow tract lymph vessel [EXACT]
ZFA:0005951	cardiac ventricle lymph vessel	structure	5	ZFA:0005949	ZFA:0000009	ZFS:0000043	ZFS:0000044	
ZFA:0005952	heart lymphatic system	structure	5	ZFA:0005811		ZFS:0000000	ZFS:0000044	
ZFA:0005953	coronary capillary plexus	structure	5	ZFA:0005811		ZFS:0000000	ZFS:0000044	
ZFA:0005954	cardiac lymphatic endothelial cluster	structure	6	ZFA:0005955	ZFA:0005952	ZFS:0000043	ZFS:0000044	isolated lymph endothelial cells [EXACT]
ZFA:0005955	lymphatic endothelial cluster	structure	5	ZFA:0000385		ZFS:0000000	ZFS:0000044	
ZFA:0005956	germline stem cell	cell	4	ZFA:0005957		ZFS:0000000	ZFS:0000044	
ZFA:0005957	stem cell	cell	3	ZFA:0009000		ZFS:0000000	ZFS:0000044	
ZFA:0005958	early palate	structure	4	ZFA:0001478	ZFA:0001580	ZFS:0000031	ZFS:0000042	
ZFA:0005959	ural vertebra	structure	6	ZFA:0001189	ZFA:0000862	ZFS:0000035	ZFS:0000044	
ZFA:0005960	hypural diastema	structure	2	ZFA:0001643	ZFA:0001058	ZFS:0000036	ZFS:0000044	
ZFA:0005961	opisthural cartilage	structure	6	ZFA:0001457	ZFA:0000862	ZFS:0000000	ZFS:0000044	
ZFA:0005962	neuromast-associated ionocyte	cell	5	ZFA:0005323		ZFS:0000000	ZFS:0000044	
ZFA:0005963	DC2 dopaminergic neuron	cell	5	ZFA:0009301	ZFA:0000408	ZFS:0000000	ZFS:0000044	
ZFA:0005964	DC4 dopaminergic neuron	cell	5	ZFA:0009301	ZFA:0000408	ZFS:0000000	ZFS:0000044	
ZFA:0005965	striolar hair cell	cell	5	ZFA:0009366	ZFA:0000217	ZFS:0000000	ZFS:0000044	
ZFA:0005966	extrastriolar hair cell	cell	5	ZFA:0009366	ZFA:0000217	ZFS:0000000	ZFS:0000044	
ZFA:0005967	pseudobranch	structure	3	ZFA:0001488		ZFS:0000036	ZFS:0000044	
ZFA:0005968	pseudobranch cell	cell	4	ZFA:0009034	ZFA:0005967	ZFS:0000036	ZFS:0000044	
ZFA:0005969	VeMe	cell	6	ZFA:0000778		ZFS:0000000	ZFS:0000044	V3 interneuron [RELATED] | ventral medial interneuron [EXACT]
ZFA:0005970	brain lymphatic endothelial cell	cell	5	ZFA:0009065	ZFA:0000385	ZFS:0000000	ZFS:0000044	FGP [RELATED] | fluorescent granular perithelial cell [EXACT] | mural lymphatic endothelial cell [EXACT]
ZFA:0005971	motor exit point glia	cell	5	ZFA:0009147		ZFS:0000000	ZFS:0000044	MEP glia [EXACT]
ZFA:0006000	intermediate hypothalamus	structure	3	ZFA:0001488	ZFA:0000032	ZFS:0000033	ZFS:0000000	Hi [EXACT]
ZFA:0007000	macula saccule	structure	4	ZFA:0000386	ZFA:0000428	ZFS:0000000	ZFS:0000044	saccular macula [EXACT]
ZFA:0007001	dorso-rostral cluster	structure	3	ZFA:0001477	ZFA:0000079	ZFS:0000027	ZFS:0000000	dorsal rostral cluster [EXACT] | dorsorostral cluster [EXACT] | drc [EXACT]
ZFA:0007002	ventro-rostral cluster	structure	4	ZFA:0005575	ZFA:0000101	ZFS:0000026	ZFS:0000000	ventral rostral cluster [EXACT] | ventrorostral cluster [EXACT] | vrc [EXACT]
ZFA:0007003	ventro-caudal cluster	structure	4	ZFA:0005575	ZFA:0000128	ZFS:0000026	ZFS:0000000	vcc [EXACT] | ventral caudal cluster [EXACT] | ventrocaudal cluster [EXACT]
ZFA:0007004	epiphyseal cluster	structure	3	ZFA:0001477	ZFA:0000019	ZFS:0000026	ZFS:0000000	ec [EXACT]
ZFA:0007005	hemal prezygapophysis	structure	6	ZFA:0001591	ZFA:0000519	ZFS:0000000	ZFS:0000044	haemal prezygapophysis [EXACT] | hemal prezygopophysis [EXACT]
ZFA:0007006	lip	structure	4	ZFA:0000292	ZFA:0000547	ZFS:0000000	ZFS:0000044	lips [EXACT]
ZFA:0007008	ventral intermandibularis anterior	structure	4	ZFA:0005145		ZFS:0000034	ZFS:0000044	intermandibularis anterior [EXACT] | ventral intermandibulari anterior [EXACT]
ZFA:0007009	nerve	structure	3	ZFA:0001477	ZFA:0000396	ZFS:0000000	ZFS:0000044	nerves [EXACT]
ZFA:0007010	thalamic eminence	structure	3	ZFA:0001488	ZFA:0000109	ZFS:0000000	ZFS:0000044	eminentia thalami [EXACT]
ZFA:0007011	vagal root	structure	4	ZFA:0001663	ZFA:0000453	ZFS:0000000	ZFS:0000044	rX [EXACT] | vagus root [EXACT]
ZFA:0007012	lateral forebrain bundle	structure	4	ZFA:0001682	ZFA:0000109	ZFS:0000033	ZFS:0000044	fasciculus lateralis telencephali [EXACT] | lateral forebrain bundles [EXACT]
ZFA:0007013	preplacodal ectoderm	structure	4	ZFA:0001178		ZFS:0000020	ZFS:0000022	panplacodal ectoderm [EXACT]
ZFA:0007014	anterior presumptive neural plate	structure	3	ZFA:0001477	ZFA:0000063	ZFS:0000019	ZFS:0000020	
ZFA:0007015	posterior presumptive neural plate	structure	3	ZFA:0001477	ZFA:0000063	ZFS:0000019	ZFS:0000021	
ZFA:0007016	anterior neural plate	structure	3	ZFA:0001477	ZFA:0000132	ZFS:0000020	ZFS:0000022	
ZFA:0007017	posterior neural plate	structure	3	ZFA:0001477	ZFA:0000132	ZFS:0000021	ZFS:0000024	
ZFA:0007018	forebrain neural plate	structure	3	ZFA:0001477	ZFA:0007016	ZFS:0000021	ZFS:0000022	
ZFA:0007019	midbrain neural plate	structure	3	ZFA:0001477	ZFA:0007016	ZFS:0000021	ZFS:0000022	
ZFA:0007020	forebrain midbrain boundary neural plate	structure	2	ZFA:0001689	ZFA:0007016	ZFS:0000021	ZFS:0000022	diencephalic-mesencephalic boundary neural plate [EXACT]
ZFA:0007021	spinal cord neural plate	structure	3	ZFA:0001477	ZFA:0007017	ZFS:0000021	ZFS:0000024	
ZFA:0007022	hindbrain neural plate	structure	3	ZFA:0001477	ZFA:0007017	ZFS:0000021	ZFS:0000024	
ZFA:0007023	posterior neural keel	structure	3	ZFA:0001477	ZFA:0000131	ZFS:0000022	ZFS:0000025	
ZFA:0007024	anterior neural keel	structure	3	ZFA:0001477	ZFA:0000131	ZFS:0000022	ZFS:0000023	
ZFA:0007025	midbrain neural keel	structure	3	ZFA:0001477	ZFA:0007024	ZFS:0000022	ZFS:0000023	
ZFA:0007026	forebrain neural keel	structure	3	ZFA:0001477	ZFA:0007024	ZFS:0000022	ZFS:0000023	
ZFA:0007027	forebrain midbrain boundary neural keel	structure	2	ZFA:0001689	ZFA:0007024	ZFS:0000022	ZFS:0000023	diencephalic-mesencephalic boundary neural keel [EXACT]
ZFA:0007028	spinal cord neural keel	structure	3	ZFA:0001477	ZFA:0007023	ZFS:0000022	ZFS:0000025	
ZFA:0007029	hindbrain neural keel	structure	3	ZFA:0001477	ZFA:0007023	ZFS:0000022	ZFS:0000025	
ZFA:0007030	posterior neural rod	structure	3	ZFA:0001477	ZFA:0000133	ZFS:0000024	ZFS:0000026	
ZFA:0007031	anterior neural rod	structure	3	ZFA:0001477	ZFA:0000133	ZFS:0000024	ZFS:0000025	
ZFA:0007032	midbrain neural rod	structure	3	ZFA:0001477	ZFA:0007031	ZFS:0000024	ZFS:0000025	
ZFA:0007033	forebrain midbrain boundary neural rod	structure	2	ZFA:0001689	ZFA:0007031	ZFS:0000024	ZFS:0000025	diencephalic-mesencephalic boundary neural rod [EXACT]
ZFA:0007034	forebrain neural rod	structure	3	ZFA:0001477	ZFA:0007031	ZFS:0000024	ZFS:0000025	
ZFA:0007035	spinal cord neural rod	structure	3	ZFA:0001477	ZFA:0007030	ZFS:0000024	ZFS:0000026	
ZFA:0007036	hindbrain neural rod	structure	3	ZFA:0001477	ZFA:0007030	ZFS:0000024	ZFS:0000026	
ZFA:0007037	posterior neural tube	structure	3	ZFA:0001477	ZFA:0001135	ZFS:0000025	ZFS:0000029	
ZFA:0007038	anterior neural tube	structure	3	ZFA:0001477	ZFA:0001135	ZFS:0000025	ZFS:0000029	
ZFA:0007039	midbrain neural tube	structure	3	ZFA:0001477	ZFA:0007038	ZFS:0000025	ZFS:0000029	
ZFA:0007040	forebrain midbrain boundary neural tube	structure	2	ZFA:0001689	ZFA:0007038	ZFS:0000026	ZFS:0000029	diencephalic-mesencephalic boundary neural tube [EXACT]
ZFA:0007041	forebrain neural tube	structure	3	ZFA:0001477	ZFA:0007038	ZFS:0000025	ZFS:0000029	
ZFA:0007042	spinal cord neural tube	structure	3	ZFA:0001477	ZFA:0007037	ZFS:0000026	ZFS:0000029	
ZFA:0007043	hindbrain neural tube	structure	3	ZFA:0001477	ZFA:0007037	ZFS:0000025	ZFS:0000029	
ZFA:0007044	midbrain hindbrain boundary neural plate	structure	2	ZFA:0001689	ZFA:0000132	ZFS:0000021	ZFS:0000024	midbrain-hindbrain boundary neural plate [EXACT]
ZFA:0007045	midbrain hindbrain boundary neural keel	structure	2	ZFA:0001689	ZFA:0000131	ZFS:0000022	ZFS:0000025	midbrain-hindbrain boundary neural keel [EXACT]
ZFA:0007046	midbrain hindbrain boundary neural rod	structure	2	ZFA:0001689	ZFA:0000133	ZFS:0000024	ZFS:0000026	midbrain-hindbrain boundary neural rod [EXACT]
ZFA:0007047	midbrain hindbrain boundary neural tube	structure	2	ZFA:0001689	ZFA:0001135	ZFS:0000026	ZFS:0000029	midbrain-hindbrain boundary neural tube [EXACT]
ZFA:0007048	ventral intermandibularis posterior	structure	4	ZFA:0005145		ZFS:0000034	ZFS:0000044	intermandibularis posterior [EXACT] | ventral intermandibulari posterior [EXACT]
ZFA:0007049	adductor mandibulae	structure	6	ZFA:0000236		ZFS:0000032	ZFS:0000041	dorsal adductor mandibulae [EXACT]
ZFA:0007050	constrictor dorsalis	structure	6	ZFA:0000236		ZFS:0000000	ZFS:0000035	constrictors dorsalis [EXACT]
ZFA:0007051	interhyoideus	structure	6	ZFA:0000521		ZFS:0000033	ZFS:0000044	interhyal [EXACT] | ventral interhyoidei [EXACT] | ventral interhyoideus [EXACT]
ZFA:0007052	hyohyoideus	structure	6	ZFA:0000521		ZFS:0000033	ZFS:0000044	hyohyal [EXACT]
ZFA:0007053	adductor hyomandibulae	structure	6	ZFA:0000521		ZFS:0000034	ZFS:0000044	dorsal adductor hyomandibulae [EXACT] | dorsal adductors hyomandibulae [EXACT]
ZFA:0007054	pillar of the anterior semicircular canal	structure	4	ZFA:0001717	ZFA:0000314	ZFS:0000035	ZFS:0000044	anterior hub of the semicircular canal [EXACT] | anterior pillar [EXACT] | anterior pillar of the semicircular canal [EXACT] | horizontal hub [RELATED]
ZFA:0007055	pillar of the lateral semicircular canal	structure	4	ZFA:0001717	ZFA:0000220	ZFS:0000035	ZFS:0000044	lateral hub of the semicircular canal [EXACT] | ventral bar [EXACT] | ventral pillar [EXACT] | ventral piller of the semicircular canal [EXACT]
ZFA:0007056	pillar of the posterior semicircular canal	structure	4	ZFA:0001717	ZFA:0000262	ZFS:0000035	ZFS:0000044	horizontal hub [RELATED] | posterior hub of the semicircular canal [EXACT] | posterior pillar [EXACT] | posterior pillar of the semicircular [EXACT]
ZFA:0007057	ocular blood vessel	structure	5	ZFA:0005297		ZFS:0000029	ZFS:0000044	eye vasculature [EXACT] | ocular vasculature [RELATED] | optic vasculature [EXACT]
ZFA:0007058	roof plate	structure	3	ZFA:0001488	ZFA:0000012	ZFS:0000025	ZFS:0000043	
ZFA:0007059	neurogenic field	structure	3	ZFA:0001477		ZFS:0000021	ZFS:0000029	neurogenic fields [EXACT]
ZFA:0007060	dorsolateral field	structure	4	ZFA:0007059		ZFS:0000000	ZFS:0000022	dorsolateral fields [EXACT]
ZFA:0007061	epibranchial field	structure	4	ZFA:0007059		ZFS:0000000	ZFS:0000029	epibranchial fields [EXACT]
ZFA:0007062	olfactory field	structure	4	ZFA:0007059		ZFS:0000000	ZFS:0000025	olfactory fields [EXACT]
ZFA:0007063	neural crest hindbrain	structure	5	ZFA:0001194		ZFS:0000000	ZFS:0000028	rhombencephalic neural crest [EXACT]
ZFA:0007064	mandibular neural crest	structure	5	ZFA:0001194	ZFA:0007063	ZFS:0000000	ZFS:0000028	
ZFA:0007065	hyoid neural crest	structure	5	ZFA:0001194	ZFA:0007063	ZFS:0000000	ZFS:0000028	
ZFA:0007066	glossopharyngeal neural crest	structure	5	ZFA:0001194		ZFS:0000000	ZFS:0000028	
ZFA:0007067	vagal ganglion	structure	6	ZFA:0001555		ZFS:0000000	ZFS:0000044	gX [EXACT]
ZFA:0007068	otic epithelium	structure	4	ZFA:0001486		ZFS:0000000	ZFS:0000044	
ZFA:0007069	otic squamous epithelium	structure	5	ZFA:0007068		ZFS:0000000	ZFS:0000044	
ZFA:0007070	otic sensory epithelium	structure	5	ZFA:0007068		ZFS:0000000	ZFS:0000044	
ZFA:0007071	flexural organ	structure	3	ZFA:0001477	ZFA:0000022	ZFS:0000000	ZFS:0000044	
ZFA:0007072	blood sinus	structure	3	ZFA:0001488	ZFA:0000010	ZFS:0000000	ZFS:0000044	
ZFA:0007073	blood sinus cavity	structure	2	ZFA:0001643	ZFA:0007072	ZFS:0000000	ZFS:0000044	blood sinus lumen [EXACT]
ZFA:0007074	maxillary barbel blood sinus	structure	4	ZFA:0007072	ZFA:0001267	ZFS:0000042	ZFS:0000044	
ZFA:0007075	distal bulb of the maxillary blood sinus	structure	3	ZFA:0001488	ZFA:0007074	ZFS:0000042	ZFS:0000044	
ZFA:0007076	central chamber of the maxillary blood sinus	structure	3	ZFA:0001488	ZFA:0007074	ZFS:0000042	ZFS:0000044	
ZFA:0007077	accessory chamber of the maxillary blood sinus	structure	3	ZFA:0001488	ZFA:0007074	ZFS:0000042	ZFS:0000044	
ZFA:0007078	maxillary barbel lymph vessel	structure	4	ZFA:0005844	ZFA:0005408	ZFS:0000042	ZFS:0000044	dorsal maxillary barbel lymph vessel [EXACT]
ZFA:0007079	maxillary barbel blood vessel	structure	4	ZFA:0005314	ZFA:0005408	ZFS:0000042	ZFS:0000044	ventral maxillary barbel blood vessel [EXACT]
ZFA:0007080	maxillary barbel vasculature	structure	4	ZFA:0005249	ZFA:0005408	ZFS:0000042	ZFS:0000044	
ZFA:0007081	maxillary barbel proximal plexus	structure	4	ZFA:0007080	ZFA:0005408	ZFS:0000042	ZFS:0000044	
ZFA:0007082	neural plate border	structure	3	ZFA:0001477	ZFA:0000132	ZFS:0000020	ZFS:0000000	
ZFA:0007083	premigratory neural crest	structure	4	ZFA:0000045		ZFS:0000023	ZFS:0000000	
ZFA:0007084	premigratory neural crest cell	cell	5	ZFA:0009165	ZFA:0007083	ZFS:0000023	ZFS:0000000	premigratory neural crest cells [EXACT]
ZFA:0007085	migratory neural crest	structure	4	ZFA:0000045		ZFS:0000025	ZFS:0000000	
ZFA:0007086	migratory neural crest cell	cell	4	ZFA:0009136	ZFA:0007085	ZFS:0000025	ZFS:0000000	migratory neural crest cells [EXACT]
ZFA:0007087	migratory cranial neural crest	structure	5	ZFA:0001194;ZFA:0007085		ZFS:0000025	ZFS:0000029	
ZFA:0007088	premigratory cranial neural crest	structure	5	ZFA:0001194;ZFA:0007083		ZFS:0000000	ZFS:0000024	
ZFA:0007089	embryonic cell	cell	3	ZFA:0009000		ZFS:0000001	ZFS:0000034	
ZFA:0007090	premigratory cranial neural crest cell	cell	6	ZFA:0007084;ZFA:0009003	ZFA:0007088	ZFS:0000000	ZFS:0000024	premigratory cranial neural crest cells [EXACT]
ZFA:0007091	migratory cranial neural crest cell	cell	5	ZFA:0007086	ZFA:0007087	ZFS:0000025	ZFS:0000029	migratory cranial neural crest cells [EXACT]
ZFA:0007092	premigratory trunk neural crest	structure	5	ZFA:0001024;ZFA:0007083		ZFS:0000000	ZFS:0000030	
ZFA:0007093	migratory trunk neural crest	structure	5	ZFA:0001024;ZFA:0007085		ZFS:0000000	ZFS:0000031	
ZFA:0007094	premigratory trunk neural crest cell	cell	6	ZFA:0007084;ZFA:0009004	ZFA:0007092	ZFS:0000000	ZFS:0000030	premigratory trunk neural crest cells [EXACT]
ZFA:0007095	migratory trunk neural crest cell	cell	5	ZFA:0007086	ZFA:0007093	ZFS:0000000	ZFS:0000031	migratory trunk neural crest cells [EXACT]
ZFA:0007096	vertebra 13	structure	6	ZFA:0001582		ZFS:0000000	ZFS:0000044	
ZFA:0007097	vertebra 14	structure	6	ZFA:0001582		ZFS:0000000	ZFS:0000044	
ZFA:0007098	vertebra 15	structure	7	ZFA:0000326		ZFS:0000000	ZFS:0000044	
ZFA:0007099	vertebra 16	structure	7	ZFA:0000326		ZFS:0000000	ZFS:0000044	
ZFA:0007100	vertebra 17	structure	7	ZFA:0000326		ZFS:0000000	ZFS:0000044	
ZFA:0007101	vertebra 18	structure	7	ZFA:0000326		ZFS:0000000	ZFS:0000044	
ZFA:0007102	vertebra 19	structure	7	ZFA:0000326		ZFS:0000000	ZFS:0000044	
ZFA:0007103	vertebra 20	structure	7	ZFA:0000326		ZFS:0000000	ZFS:0000044	
ZFA:0007104	vertebra 21	structure	7	ZFA:0000326		ZFS:0000000	ZFS:0000044	
ZFA:0007105	vertebra 22	structure	7	ZFA:0000326		ZFS:0000000	ZFS:0000044	
ZFA:0007106	vertebra 23	structure	7	ZFA:0000326		ZFS:0000000	ZFS:0000044	
ZFA:0007107	vertebra 24	structure	7	ZFA:0000326		ZFS:0000000	ZFS:0000044	
ZFA:0007108	vertebra 25	structure	7	ZFA:0000326		ZFS:0000000	ZFS:0000044	
ZFA:0007109	vertebra 26	structure	7	ZFA:0000326		ZFS:0000000	ZFS:0000044	
ZFA:0007110	vertebra 27	structure	7	ZFA:0000326		ZFS:0000000	ZFS:0000044	
ZFA:0007111	vertebra 28	structure	7	ZFA:0000326		ZFS:0000000	ZFS:0000044	
ZFA:0007112	vertebra 29	structure	7	ZFA:0000326		ZFS:0000000	ZFS:0000044	
ZFA:0007113	vertebra 30	structure	7	ZFA:0000326		ZFS:0000000	ZFS:0000044	
ZFA:0007114	anatomical conduit	structure	2	ZFA:0000037		ZFS:0000000	ZFS:0000044	
ZFA:0007115	pericardial region	structure	4	ZFA:0001478		ZFS:0000000	ZFS:0000044	
ZFA:0007116	pleuroperitoneal region	structure	4	ZFA:0001478		ZFS:0000000	ZFS:0000044	
ZFA:0007117	Meckel's cartilage-palatoquadrate cartilage joint	structure	5	ZFA:0001596		ZFS:0000033	ZFS:0000000	jaw joint [EXACT]
ZFA:0007118	vertebral body end plate	structure	3	ZFA:0001477	ZFA:0000126	ZFS:0000035	ZFS:0000044	vertebral body endplate [EXACT]
ZFA:0007119	intervertebral ligament	structure	5	ZFA:0001675	ZFA:0001559	ZFS:0000035	ZFS:0000044	annulus fibrosus [EXACT] | IVL [EXACT]
ZFA:0007120	cerebrospinal fluid contacting neuron	cell	6	ZFA:0000778;ZFA:0009120;ZFA:0009124		ZFS:0000023	ZFS:0000044	CSF-cN [EXACT] | CSF-cNs [EXACT]
ZFA:0007121	ventral cerebrospinal fluid contacting neuron	cell	7	ZFA:0007120		ZFS:0000023	ZFS:0000044	KA 2 [RELATED] | ventral CSF-cN [EXACT] | ventral CSF-cNs [EXACT]
ZFA:0007122	epidermal stem cell	cell	6	ZFA:0009020		ZFS:0000000	ZFS:0000044	<new synonym> [RELATED]
ZFA:0007123	ionocyte progenitor cell	cell	3	ZFA:0009000		ZFS:0000000	ZFS:0000044	ionocyte progenitor cells [EXACT]
ZFA:0007124	keratinocyte progenitor cell	cell	3	ZFA:0009000		ZFS:0000000	ZFS:0000044	keratinocyte progenitor cells [EXACT]
ZFA:0007125	midbrain hindbrain boundary constriction	structure	3	ZFA:0001477	ZFA:0000042	ZFS:0000026	ZFS:0000044	MHBC [EXACT]
ZFA:0009000	cell	cell	2	ZFA:0000037	ZFA:0001094	ZFS:0000001	ZFS:0000044	cells [EXACT]
ZFA:0009001	receptor cell (sensu Animalia)	cell	6	ZFA:0009248		ZFS:0000000	ZFS:0000044	receptor cells (sensu Animalia) [EXACT]
ZFA:0009002	early embryonic cell	cell	4	ZFA:0007089		ZFS:0000001	ZFS:0000022	early embryonic cells [EXACT]
ZFA:0009003	cranial neural crest cell	cell	5	ZFA:0009165	ZFA:0001194	ZFS:0000000	ZFS:0000029	cranial neural crest cells [EXACT]
ZFA:0009004	trunk neural crest cell	cell	5	ZFA:0009165	ZFA:0001024	ZFS:0000000	ZFS:0000031	trunk neural crest cells [EXACT]
ZFA:0009005	spermatocyte	cell	4	ZFA:0009016	ZFA:0000598	ZFS:0000043	ZFS:0000044	spermatocytes [EXACT]
ZFA:0009006	sperm	cell	4	ZFA:0009016		ZFS:0000000	ZFS:0000044	sperm cell [EXACT] | spermatozoid [EXACT] | spermatozoon [EXACT]
ZFA:0009007	spermatogonium	cell	4	ZFA:0009016	ZFA:0005882	ZFS:0000000	ZFS:0000044	spermatogonia [EXACT]
ZFA:0009009	neuron neural crest derived	cell	3	ZFA:0009000		ZFS:0000000	ZFS:0000044	
ZFA:0009010	glioblast	cell	3	ZFA:0009000		ZFS:0000025	ZFS:0000000	glioblasts [EXACT]
ZFA:0009011	neuroblast	cell	7	ZFA:0009019		ZFS:0000000	ZFS:0000044	neuroblasts [EXACT]
ZFA:0009012	neuroplacodal cell	cell	3	ZFA:0009000		ZFS:0000000	ZFS:0000044	neuroplacodal cells [EXACT]
ZFA:0009013	single fate stem cell	cell	5	ZFA:0009307		ZFS:0000000	ZFS:0000044	single fate stem cells [EXACT]
ZFA:0009014	hematopoietic stem cell	cell	5	ZFA:0009020	ZFA:0005023	ZFS:0000030	ZFS:0000044	colony forming unit hematopoietic [RELATED] | hematopoietic progenitor cell [RELATED] | hemopoietic progenitor cell [RELATED] | hemopoietic stem cell [EXACT] | HSC [EXACT]
ZFA:0009015	erythroid progenitor cell	cell	5	ZFA:0009356		ZFS:0000000	ZFS:0000044	BFU-E [RELATED] | blast forming unit erythroid [RELATED] | burst forming unit erythroid [RELATED] | CFU-E [RELATED] | colony forming unit erythroid [RELATED] | erythroid stem cell [RELATED]
ZFA:0009016	germ line cell	cell	3	ZFA:0009000		ZFS:0000000	ZFS:0000044	germ line cells [EXACT]
ZFA:0009017	monoblast	cell	5	ZFA:0009356		ZFS:0000000	ZFS:0000044	CFU-M [EXACT] | colony forming unit macrophage [EXACT] | monocyte stem cell [EXACT]
ZFA:0009018	neutrophilic myeloblast	cell	6	ZFA:0009353		ZFS:0000000	ZFS:0000044	neutrophilic granuloblast [RELATED]
ZFA:0009019	neuronal stem cell	cell	6	ZFA:0009020		ZFS:0000000	ZFS:0000044	neuronal stem cells [EXACT]
ZFA:0009020	multi fate stem cell	cell	5	ZFA:0009307		ZFS:0000000	ZFS:0000044	multipotent stem cell [EXACT]
ZFA:0009021	common myeloid progenitor	cell	4	ZFA:0005830		ZFS:0000000	ZFS:0000044	CMP [EXACT] | colony forming unit granulocyte, erythrocyte, macrophage, and megakaryocyte [RELATED] | multipotential myeloid stem cell [RELATED] | myeloid stem cell [RELATED] | pluripotent stem cell (bone marrow) [RELATED]
ZFA:0009022	megakaryocyte erythroid progenitor cell	cell	4	ZFA:0005830		ZFS:0000000	ZFS:0000044	colony forming unit erythroid megakaryocyte [EXACT] | MEP [EXACT]
ZFA:0009023	common lymphoid progenitor	cell	4	ZFA:0005830		ZFS:0000030	ZFS:0000044	CLP [EXACT] | committed lymphopoietic stem cell [RELATED] | early lymphocyte progenitor [RELATED] | ELP [RELATED] | lymphoid stem cell [RELATED] | lymphopoietic stem cell [RELATED]
ZFA:0009024	totipotent stem cell	cell	5	ZFA:0009307		ZFS:0000000	ZFS:0000044	totipotent stem cells [EXACT]
ZFA:0009025	myoblast	cell	3	ZFA:0009000		ZFS:0000023	ZFS:0000000	myoblasts [EXACT]
ZFA:0009026	fibroblast	cell	3	ZFA:0009000		ZFS:0000000	ZFS:0000044	fibroblasts [EXACT]
ZFA:0009027	chondroblast	cell	3	ZFA:0009000	ZFA:0001501	ZFS:0000029	ZFS:0000000	chondroblasts [EXACT]
ZFA:0009028	ameloblast	cell	3	ZFA:0009000		ZFS:0000000	ZFS:0000044	ameloblasts [EXACT]
ZFA:0009029	odontoblast	cell	3	ZFA:0009000	ZFA:0005141	ZFS:0000000	ZFS:0000044	odontoblasts [EXACT]
ZFA:0009030	cementoblast	cell	3	ZFA:0009000	ZFA:0005138	ZFS:0000000	ZFS:0000044	cementoblasts [EXACT]
ZFA:0009031	osteoblast	cell	3	ZFA:0009000		ZFS:0000000	ZFS:0000044	osteoblasts [EXACT]
ZFA:0009032	ciliated cell	cell	3	ZFA:0009000		ZFS:0000000	ZFS:0000044	ciliated cells [EXACT]
ZFA:0009033	ependymal cell	cell	5	ZFA:0009035	ZFA:0000396	ZFS:0000000	ZFS:0000044	ependymocyte [EXACT]
ZFA:0009034	epithelial cell	cell	3	ZFA:0009000	ZFA:0001486	ZFS:0000000	ZFS:0000044	epithelial cells [EXACT]
ZFA:0009035	ciliated epithelial cell	cell	4	ZFA:0009032;ZFA:0009038		ZFS:0000000	ZFS:0000044	ciliated epithelial cells [EXACT]
ZFA:0009036	blood vessel endothelial cell	cell	5	ZFA:0009039;ZFA:0009065	ZFA:0005257	ZFS:0000000	ZFS:0000044	blood vessel endothelial cells [EXACT]
ZFA:0009037	barrier epithelial cell	cell	3	ZFA:0009000		ZFS:0000000	ZFS:0000044	barrier epithelial cells [EXACT]
ZFA:0009038	columnar/cuboidal epithelial cell	cell	4	ZFA:0009034		ZFS:0000000	ZFS:0000044	columnar/cuboidal epithelial cells [EXACT]
ZFA:0009039	squamous epithelial cell	cell	4	ZFA:0009034		ZFS:0000000	ZFS:0000044	squamous epithelial cells [EXACT]
ZFA:0009040	mesothelial cell	cell	5	ZFA:0009039;ZFA:0009130		ZFS:0000000	ZFS:0000044	mesothelial cells [EXACT]
ZFA:0009041	peridermal cell	cell	5	ZFA:0009039		ZFS:0000000	ZFS:0000044	peridermal cells [EXACT]
ZFA:0009042	stratified epithelial cell	cell	4	ZFA:0009034		ZFS:0000000	ZFS:0000044	stratified epithelial cells [EXACT]
ZFA:0009043	circulating cell	cell	3	ZFA:0009000		ZFS:0000000	ZFS:0000044	circulating cells [EXACT]
ZFA:0009044	blood cell	cell	3	ZFA:0005830	ZFA:0000007	ZFS:0000028	ZFS:0000044	blood cells [EXACT]
ZFA:0009045	epithelial cell of pancreas	cell	4	ZFA:0009034		ZFS:0000000	ZFS:0000044	epithelial cells of pancreas [EXACT]
ZFA:0009046	T cell	cell	7	ZFA:0009250		ZFS:0000000	ZFS:0000044	immature T cell [EXACT] | immature T lymphocyte [EXACT] | immature T-cell [EXACT] | immature T-lymphocyte [EXACT] | mature T cell [EXACT] | mature T lymphocyte [EXACT] | mature T-cell [EXACT] | mature T-lymphocyte [EXACT] | T lymphocyte [EXACT] | T-cell [EXACT] | T-lymphocyte [EXACT]
ZFA:0009047	osteoclast	cell	3	ZFA:0009000		ZFS:0000000	ZFS:0000044	chondroclast [RELATED]
ZFA:0009048	granulocyte	cell	6	ZFA:0009326		ZFS:0000000	ZFS:0000044	granulocytes [EXACT]
ZFA:0009049	mature neutrophil	cell	8	ZFA:0009327		ZFS:0000000	ZFS:0000044	mature neutrocyte [EXACT] | mature neutrophil leucocyte [EXACT] | mature neutrophil leukocyte [EXACT] | mature neutrophilic leucocyte [EXACT] | mature neutrophilic leukocyte [EXACT] | PMN [EXACT] | poly [RELATED] | polymorphonuclear leucocyte [RELATED] | polymorphonuclear leukocyte [RELATED] | polymorphonuclear neutrophil [EXACT] | polynuclear neutrophilic leucocyte [EXACT] | polynuclear neutrophilic leukocyte [EXACT]
ZFA:0009050	sensory epithelial cell	cell	5	ZFA:0009038		ZFS:0000000	ZFS:0000044	sensory epithelial cells [EXACT]
ZFA:0009051	interneuron	cell	6	ZFA:0009248		ZFS:0000000	ZFS:0000044	interneurons [EXACT]
ZFA:0009052	motor neuron	cell	5	ZFA:0009239		ZFS:0000000	ZFS:0000044	motoneuron [EXACT]
ZFA:0009053	sensory neuron	cell	5	ZFA:0009238		ZFS:0000023	ZFS:0000044	
ZFA:0009054	polymodal neuron	cell	6	ZFA:0009248		ZFS:0000000	ZFS:0000044	polymodal neurons [EXACT]
ZFA:0009055	bipolar neuron	cell	4	ZFA:0009051	ZFA:0000119	ZFS:0000000	ZFS:0000044	bipolar neurons [EXACT]
ZFA:0009056	multipolar neuron	cell	6	ZFA:0009248		ZFS:0000000	ZFS:0000044	multipolar neurons [EXACT]
ZFA:0009057	pseudounipolar neuron	cell	6	ZFA:0009248		ZFS:0000000	ZFS:0000044	pseudounipolar neurons [EXACT]
ZFA:0009058	unipolar neuron	cell	6	ZFA:0009248		ZFS:0000000	ZFS:0000044	unipolar neurons [EXACT]
ZFA:0009059	autonomic neuron	cell	4	ZFA:0009009;ZFA:0009248	ZFA:0001574	ZFS:0000000	ZFS:0000044	autonomic neurons [EXACT]
ZFA:0009060	cholinergic neuron	cell	6	ZFA:0009248		ZFS:0000000	ZFS:0000044	cholinergic neurons [EXACT]
ZFA:0009061	adrenergic neuron	cell	6	ZFA:0009248		ZFS:0000000	ZFS:0000044	adrenergic neurons [EXACT]
ZFA:0009062	peptidergic neuron	cell	6	ZFA:0009248		ZFS:0000000	ZFS:0000044	peptidergic neurons [EXACT]
ZFA:0009063	peripheral neuron	cell	4	ZFA:0009009;ZFA:0009248		ZFS:0000000	ZFS:0000044	peripheral neurons [EXACT]
ZFA:0009064	mononuclear phagocyte	cell	6	ZFA:0009357		ZFS:0000000	ZFS:0000044	mononuclear phagocytes [EXACT]
ZFA:0009065	endothelial cell	cell	5	ZFA:0009130		ZFS:0000000	ZFS:0000044	endothelial cells [EXACT]
ZFA:0009066	pioneer neuron	cell	5	ZFA:0009248	ZFA:0000048	ZFS:0000028	ZFS:0000029	
ZFA:0009067	CNS neuron (sensu Vertebrata)	cell	6	ZFA:0009248		ZFS:0000000	ZFS:0000044	CNS neurons (sensu Vertebrata) [EXACT]
ZFA:0009068	basket cell	cell	7	ZFA:0009067		ZFS:0000000	ZFS:0000044	basket cells [EXACT]
ZFA:0009069	Golgi cell	cell	7	ZFA:0009067		ZFS:0000000	ZFS:0000044	Golgi cells [EXACT]
ZFA:0009070	granule cell	cell	5	ZFA:0009067	ZFA:0000008	ZFS:0000000	ZFS:0000044	granule cells [EXACT]
ZFA:0009071	Purkinje cell	cell	4	ZFA:0009067;ZFA:0009239	ZFA:0001706;ZFA:0001709	ZFS:0000000	ZFS:0000044	Purkinje cells [EXACT]
ZFA:0009072	stellate cell	cell	7	ZFA:0009067		ZFS:0000000	ZFS:0000044	stellate cells [EXACT]
ZFA:0009073	glial cell	cell	3	ZFA:0009000	ZFA:0000396	ZFS:0000028	ZFS:0000044	neuroglia [EXACT]
ZFA:0009074	macroglial cell	cell	5	ZFA:0009147		ZFS:0000000	ZFS:0000044	macroglial cells [EXACT]
ZFA:0009075	astrocyte	cell	6	ZFA:0009074		ZFS:0000000	ZFS:0000044	astrocytes [EXACT]
ZFA:0009076	oligodendrocyte	cell	6	ZFA:0009074		ZFS:0000000	ZFS:0000044	oligodendroglia [RELATED]
ZFA:0009077	microglial cell	cell	6	ZFA:0009141		ZFS:0000000	ZFS:0000044	microglia [EXACT]
ZFA:0009078	gut endothelial cell	cell	4	ZFA:0009038;ZFA:0009065	ZFA:0000112	ZFS:0000025	ZFS:0000044	gut endothelial cells [EXACT]
ZFA:0009079	corneal endothelial cell	cell	5	ZFA:0009039;ZFA:0009065	ZFA:0001687	ZFS:0000000	ZFS:0000044	corneal endothelial cells [EXACT]
ZFA:0009080	neurectodermal cell	cell	3	ZFA:0009000		ZFS:0000000	ZFS:0000044	neurectoderm cell [EXACT]
ZFA:0009081	mesenchymal cell	cell	3	ZFA:0009000		ZFS:0000000	ZFS:0000044	mesenchymal cells [EXACT]
ZFA:0009082	fat cell	cell	3	ZFA:0009000	ZFA:0005345	ZFS:0000039	ZFS:0000044	adipocyte [EXACT] | lipocyte [EXACT] | lipocytes [EXACT]
ZFA:0009083	osteocyte	cell	3	ZFA:0009000	ZFA:0005734	ZFS:0000000	ZFS:0000044	osteocytes [EXACT]
ZFA:0009084	chondrocyte	cell	5	ZFA:0009093;ZFA:0009287	ZFA:0001501	ZFS:0000000	ZFS:0000044	chondrocytes [EXACT]
ZFA:0009085	amelocyte	cell	6	ZFA:0009089		ZFS:0000000	ZFS:0000044	amelocytes [EXACT]
ZFA:0009086	odontocyte	cell	3	ZFA:0009000		ZFS:0000000	ZFS:0000044	odontocytes [EXACT]
ZFA:0009087	cementocyte	cell	3	ZFA:0009000	ZFA:0000694	ZFS:0000033	ZFS:0000044	cementocytes [EXACT]
ZFA:0009088	professional antigen presenting cell	cell	5	ZFA:0009309		ZFS:0000000	ZFS:0000044	APC [EXACT]
ZFA:0009089	simple columnar epithelial cell	cell	5	ZFA:0009038		ZFS:0000000	ZFS:0000044	simple columnar epithelial cells [EXACT]
ZFA:0009090	pigment cell	cell	3	ZFA:0009000		ZFS:0000027	ZFS:0000044	chromatocyte [EXACT] | chromatophore [EXACT]
ZFA:0009091	melanocyte	cell	4	ZFA:0009090	ZFA:0000368;ZFA:0005915	ZFS:0000029	ZFS:0000044	melanophore [EXACT]
ZFA:0009092	exocrine cell	cell	3	ZFA:0009000		ZFS:0000000	ZFS:0000044	exocrine cells [EXACT]
ZFA:0009093	GAG secreting cell	cell	5	ZFA:0009162		ZFS:0000000	ZFS:0000044	hyaluronic acid secreting cell [EXACT]
ZFA:0009094	goblet cell	cell	4	ZFA:0009159	ZFA:0001486	ZFS:0000000	ZFS:0000044	chalice cell [EXACT]
ZFA:0009095	acid secreting cell	cell	3	ZFA:0009000		ZFS:0000000	ZFS:0000044	acid secreting cells [EXACT]
ZFA:0009096	endocrine cell	cell	3	ZFA:0009000	ZFA:0001158	ZFS:0000025	ZFS:0000044	endocrine cells [EXACT]
ZFA:0009097	enteroendocrine cell	cell	4	ZFA:0009096		ZFS:0000000	ZFS:0000044	enteroendocrine cells [EXACT]
ZFA:0009098	neuroendocrine cell	cell	4	ZFA:0009096;ZFA:0009190		ZFS:0000000	ZFS:0000044	neurosecretory cell [EXACT]
ZFA:0009099	chromaffin cell	cell	5	ZFA:0009098		ZFS:0000000	ZFS:0000044	phaeochromocyte [EXACT]
ZFA:0009100	peptide hormone secreting cell	cell	4	ZFA:0009096		ZFS:0000000	ZFS:0000044	peptide hormone secreting cells [EXACT]
ZFA:0009101	insulin secreting cell	cell	5	ZFA:0009100		ZFS:0000000	ZFS:0000044	insulin secreting cells [EXACT]
ZFA:0009102	pancreatic B cell	cell	5	ZFA:0009101	ZFA:0001371	ZFS:0000000	ZFS:0000044	beta cell [EXACT]
ZFA:0009103	glucagon secreting cell	cell	5	ZFA:0009100		ZFS:0000000	ZFS:0000044	glucagon secreting cells [EXACT]
ZFA:0009104	pancreatic A cell	cell	5	ZFA:0009103	ZFA:0001371	ZFS:0000000	ZFS:0000044	alpha cell [EXACT]
ZFA:0009105	somatostatin secreting cell	cell	5	ZFA:0009100		ZFS:0000000	ZFS:0000044	somatostatin secreting cells [EXACT]
ZFA:0009106	steroid hormone secreting cell	cell	4	ZFA:0009096		ZFS:0000000	ZFS:0000044	steroid hormone secreting cells [EXACT]
ZFA:0009107	testosterone secreting cell	cell	5	ZFA:0009106		ZFS:0000000	ZFS:0000044	testosterone secreting cells [EXACT]
ZFA:0009108	Leydig cell	cell	6	ZFA:0009107		ZFS:0000000	ZFS:0000044	interstitial cell [EXACT]
ZFA:0009109	progesterone secreting cell	cell	5	ZFA:0009106		ZFS:0000000	ZFS:0000044	progesterone secreting cells [EXACT]
ZFA:0009110	estradiol secreting cell	cell	5	ZFA:0009106		ZFS:0000000	ZFS:0000044	estradiol secreting cells [EXACT]
ZFA:0009111	hepatocyte	cell	4	ZFA:0009034	ZFA:0000123	ZFS:0000000	ZFS:0000044	hepatocytes [EXACT]
ZFA:0009112	pericyte	cell	4	ZFA:0005944		ZFS:0000000	ZFS:0000044	pericytes [EXACT] | perivascular cell [EXACT]
ZFA:0009113	myoepithelial cell	cell	5	ZFA:0009038		ZFS:0000000	ZFS:0000044	myoepithelial cells [EXACT]
ZFA:0009114	muscle cell	cell	4	ZFA:0009190	ZFA:0005145	ZFS:0000023	ZFS:0000044	myocyte [EXACT] | myofiber [EXACT]
ZFA:0009115	skeletal muscle cell	cell	5	ZFA:0005784	ZFA:0005277	ZFS:0000023	ZFS:0000044	skeletal muscle fiber [EXACT] | striated muscle cell [RELATED]
ZFA:0009116	slow muscle cell	cell	6	ZFA:0009115		ZFS:0000023	ZFS:0000044	red muscle cell [EXACT] | slow muscle fiber [EXACT]
ZFA:0009117	fast muscle cell	cell	6	ZFA:0009115		ZFS:0000024	ZFS:0000044	fast muscle fiber [EXACT] | white muscle cell [EXACT]
ZFA:0009118	smooth muscle cell	cell	5	ZFA:0009114	ZFA:0005274	ZFS:0000000	ZFS:0000044	non-striated muscle cell [EXACT]
ZFA:0009119	pain receptor cell	cell	7	ZFA:0009001		ZFS:0000000	ZFS:0000044	nociceptor [EXACT] | nocireceptor [EXACT]
ZFA:0009120	mechanoreceptor cell	cell	7	ZFA:0009001		ZFS:0000000	ZFS:0000044	mechanoreceptor cells [EXACT]
ZFA:0009121	auditory receptor cell	cell	9	ZFA:0009366		ZFS:0000000	ZFS:0000044	auditory hair cell [EXACT] | auditory receptor cells [EXACT]
ZFA:0009123	thermoreceptor cell	cell	7	ZFA:0009001		ZFS:0000000	ZFS:0000044	thermoreceptor cells [EXACT]
ZFA:0009124	chemoreceptor cell	cell	7	ZFA:0009001		ZFS:0000000	ZFS:0000044	chemoreceptor cells [EXACT]
ZFA:0009125	olfactory receptor cell	cell	6	ZFA:0009124	ZFA:0001149	ZFS:0000025	ZFS:0000044	olfactory receptor neuron [EXACT] | olfactory sensory neuron [EXACT] | Schultze's cell [EXACT]
ZFA:0009126	taste receptor cell	cell	4	ZFA:0009124	ZFA:0001074	ZFS:0000000	ZFS:0000044	taste receptor cells [EXACT]
ZFA:0009127	photoreceptor cell	cell	7	ZFA:0009001		ZFS:0000000	ZFS:0000044	photoreceptor cells [EXACT]
ZFA:0009128	electrically active cell	cell	3	ZFA:0009000		ZFS:0000000	ZFS:0000044	electrically active cells [EXACT]
ZFA:0009129	absorptive cell	cell	3	ZFA:0009000		ZFS:0000000	ZFS:0000044	absorptive cells [EXACT]
ZFA:0009130	lining cell	cell	4	ZFA:0009132		ZFS:0000000	ZFS:0000044	boundary cell [EXACT]
ZFA:0009131	synovial cell	cell	5	ZFA:0009093;ZFA:0009130	ZFA:0005153	ZFS:0000000	ZFS:0000044	synovial cells [EXACT]
ZFA:0009132	barrier cell	cell	3	ZFA:0009000		ZFS:0000000	ZFS:0000044	barrier cells [EXACT]
ZFA:0009133	Sertoli cell	cell	4	ZFA:0009132	ZFA:0005882	ZFS:0000041	ZFS:0000044	Sertoli cells [EXACT]
ZFA:0009134	insulating cell	cell	4	ZFA:0009132		ZFS:0000000	ZFS:0000044	insulating cells [EXACT]
ZFA:0009135	myelinating Schwann cell	cell	4	ZFA:0009134;ZFA:0009147;ZFA:0009163	ZFA:0000142	ZFS:0000033	ZFS:0000044	Schwann cells [EXACT]
ZFA:0009136	motile cell	cell	3	ZFA:0009000		ZFS:0000000	ZFS:0000044	motile cells [EXACT]
ZFA:0009137	ectodermal cell	cell	3	ZFA:0009000	ZFA:0000016	ZFS:0000020	ZFS:0000000	ectoderm cell [EXACT]
ZFA:0009138	mesodermal cell	cell	3	ZFA:0009000	ZFA:0000041	ZFS:0000020	ZFS:0000000	mesoblast [EXACT] | mesoderm cell [EXACT]
ZFA:0009139	endodermal cell	cell	3	ZFA:0009000	ZFA:0000017	ZFS:0000020	ZFS:0000035	endoderm cell [EXACT]
ZFA:0009140	phagocyte	cell	4	ZFA:0009136		ZFS:0000000	ZFS:0000044	phagocytes [EXACT]
ZFA:0009141	macrophage	cell	5	ZFA:0009064;ZFA:0009088	ZFA:0001159	ZFS:0000025	ZFS:0000044	histiocyte [EXACT]
ZFA:0009142	B cell	cell	7	ZFA:0009250		ZFS:0000000	ZFS:0000044	B lymphocyte [EXACT] | B-cell [EXACT] | B-lymphocyte [EXACT]
ZFA:0009143	brush border epithelial cell	cell	5	ZFA:0009038		ZFS:0000000	ZFS:0000044	brush border epithelial cells [EXACT]
ZFA:0009144	stratified squamous epithelial cell	cell	4	ZFA:0009034		ZFS:0000000	ZFS:0000044	stratified squamous epithelial cells [EXACT]
ZFA:0009145	stratified cuboidal epithelial cell	cell	4	ZFA:0009034		ZFS:0000000	ZFS:0000044	stratified cuboidal epithelial cells [EXACT]
ZFA:0009146	Merkel cell	cell	3	ZFA:0009000		ZFS:0000000	ZFS:0000044	Merkel cells [EXACT]
ZFA:0009147	glial cell (sensu Vertebrata)	cell	4	ZFA:0009073		ZFS:0000000	ZFS:0000044	glial cells (sensu Vertebrata) [EXACT]
ZFA:0009148	transitional epithelial cell	cell	4	ZFA:0009034		ZFS:0000000	ZFS:0000044	transitional epithelial cells [EXACT]
ZFA:0009149	Mauthner neuron	cell	4	ZFA:0005865;ZFA:0009194	ZFA:0000545;ZFA:0001032	ZFS:0000027	ZFS:0000000	
ZFA:0009150	Rohon-Beard neuron	cell	6	ZFA:0009053		ZFS:0000023	ZFS:0000040	RB neuron [EXACT] | Rohon-Beard cell [EXACT] | Rohon-Beard neurons [EXACT]
ZFA:0009151	hatching gland cell	cell	3	ZFA:0009000		ZFS:0000000	ZFS:0000044	hatching gland cells [EXACT]
ZFA:0009152	extramedullary cell	cell	6	ZFA:0009053		ZFS:0000000	ZFS:0000044	extramedullary cells [EXACT]
ZFA:0009153	eurydendroid cell	cell	4	ZFA:0009239	ZFA:0000603	ZFS:0000000	ZFS:0000044	eurydendroid cells [EXACT]
ZFA:0009154	eye photoreceptor cell	cell	4	ZFA:0009127	ZFA:0000143;ZFA:0001464	ZFS:0000000	ZFS:0000044	eye photoreceptor cells [EXACT]
ZFA:0009155	somatotropin secreting cell	cell	4	ZFA:0009100	ZFA:0005581	ZFS:0000033	ZFS:0000044	growth hormone secreting cell [RELATED] | somatotrope [RELATED] | somatotroph [RELATED] | somatotrophin secreting cell [EXACT] | somatotropic cell [EXACT] | somatrophic cell [RELATED]
ZFA:0009156	gamete	cell	4	ZFA:0009016	ZFA:0000413	ZFS:0000041	ZFS:0000044	gametes [EXACT]
ZFA:0009157	keratin accumulating cell	cell	3	ZFA:0009000		ZFS:0000000	ZFS:0000044	keratin accumulating cells [EXACT]
ZFA:0009158	keratinocyte	cell	4	ZFA:0009157		ZFS:0000000	ZFS:0000044	keratinocytes [EXACT]
ZFA:0009159	mucus secreting cell	cell	3	ZFA:0009000	ZFA:0000368;ZFA:0001159	ZFS:0000025	ZFS:0000044	mucous cell [EXACT]
ZFA:0009160	seminal fluid secreting cell	cell	3	ZFA:0009000		ZFS:0000000	ZFS:0000044	seminal fluid secreting cells [EXACT]
ZFA:0009162	extracellular matrix secreting cell	cell	4	ZFA:0009226		ZFS:0000000	ZFS:0000044	extracellular matrix secreting cells [EXACT]
ZFA:0009163	myelin accumulating cell	cell	3	ZFA:0009000		ZFS:0000000	ZFS:0000044	myelin accumulating cells [EXACT]
ZFA:0009164	oxygen accumulating cell	cell	3	ZFA:0009000		ZFS:0000000	ZFS:0000044	oxygen accumulating cells [EXACT]
ZFA:0009165	neural crest cell	cell	4	ZFA:0007089	ZFA:0000045	ZFS:0000023	ZFS:0000031	neural crest cells [EXACT]
ZFA:0009166	mesenchyme condensation cell	cell	3	ZFA:0009000		ZFS:0000000	ZFS:0000044	mesenchyme condensation cells [EXACT]
ZFA:0009167	adrenal medulla cell	cell	3	ZFA:0009000		ZFS:0000000	ZFS:0000044	chromafin cell [EXACT]
ZFA:0009168	neuroblast (sensu Vertebrata)	cell	8	ZFA:0009011		ZFS:0000000	ZFS:0000044	
ZFA:0009169	glioblast (sensu Vertebrata)	cell	4	ZFA:0009010		ZFS:0000000	ZFS:0000044	glioblasts (sensu Vertebrata) [EXACT]
ZFA:0009170	pigment cell (sensu Vertebrata)	cell	4	ZFA:0009090		ZFS:0000000	ZFS:0000044	pigment cells (sensu Vertebrata) [EXACT]
ZFA:0009171	visual pigment cell (sensu Vertebrata)	cell	4	ZFA:0009170	ZFA:0000152	ZFS:0000030	ZFS:0000044	visual pigment cells (sensu Vertebrata) [EXACT]
ZFA:0009173	dental papilla cell	cell	3	ZFA:0009000	ZFA:0005140	ZFS:0000000	ZFS:0000044	dental papilla cells [EXACT]
ZFA:0009174	scleral cell	cell	3	ZFA:0009000	ZFA:0005563	ZFS:0000000	ZFS:0000044	scleral cells [EXACT]
ZFA:0009175	choroidal cell of the eye	cell	3	ZFA:0009000		ZFS:0000000	ZFS:0000044	choroidal cells [EXACT]
ZFA:0009176	extraembryonic cell	cell	3	ZFA:0009000		ZFS:0000000	ZFS:0000044	extraembryonic cells [EXACT]
ZFA:0009177	blastoderm cell	cell	4	ZFA:0009002	ZFA:0001176	ZFS:0000016	ZFS:0000022	blastomere [RELATED]
ZFA:0009178	blastemal cell	cell	6	ZFA:0009020		ZFS:0000000	ZFS:0000044	blastemal cells [EXACT]
ZFA:0009179	muscle stem cell	cell	4	ZFA:0009013;ZFA:0009291		ZFS:0000023	ZFS:0000000	muscle stem cells [EXACT]
ZFA:0009180	stratified epithelial stem cell	cell	3	ZFA:0009000		ZFS:0000000	ZFS:0000044	stratified epithelial stem cells [EXACT]
ZFA:0009181	vascular associated smooth muscle cell	cell	4	ZFA:0005944;ZFA:0009118		ZFS:0000000	ZFS:0000044	vascular associated smooth muscle cells [EXACT]
ZFA:0009182	gastrula cell	cell	5	ZFA:0009002		ZFS:0000017	ZFS:0000019	gastrula cells [EXACT]
ZFA:0009183	epidermal cell	cell	5	ZFA:0009039		ZFS:0000000	ZFS:0000044	epidermal cells [EXACT]
ZFA:0009184	osteoprogenitor cell	cell	6	ZFA:0009013		ZFS:0000000	ZFS:0000044	osteoprogenitor cells [EXACT]
ZFA:0009185	sensory processing neuron	cell	6	ZFA:0009248		ZFS:0000000	ZFS:0000044	sensory processing neurons [EXACT]
ZFA:0009186	neurosecretory neuron	cell	5	ZFA:0009239		ZFS:0000000	ZFS:0000044	neurosecretory neurons [EXACT]
ZFA:0009187	nephrogenic mesenchyme stem cell	cell	6	ZFA:0009020		ZFS:0000000	ZFS:0000044	nephrogenic mesenchyme stem cells [EXACT]
ZFA:0009188	ligament cell	cell	3	ZFA:0009000	ZFA:0001675	ZFS:0000000	ZFS:0000044	ligament cells [EXACT]
ZFA:0009189	tendon cell	cell	3	ZFA:0009000		ZFS:0000000	ZFS:0000044	muscle attachment cell [EXACT]
ZFA:0009190	electrically responsive cell	cell	4	ZFA:0009128		ZFS:0000000	ZFS:0000044	electrically responsive cells [EXACT]
ZFA:0009191	CNS interneuron	cell	7	ZFA:0009051;ZFA:0009067		ZFS:0000000	ZFS:0000044	CNS interneurons [EXACT]
ZFA:0009193	electrically signaling cell	cell	4	ZFA:0009128		ZFS:0000000	ZFS:0000044	electrically signaling cells [EXACT]
ZFA:0009194	CNS short range interneuron	cell	8	ZFA:0009191		ZFS:0000000	ZFS:0000044	CNS short range interneurons [EXACT]
ZFA:0009195	CNS long range interneuron	cell	8	ZFA:0009191		ZFS:0000000	ZFS:0000044	CNS long range interneurons [EXACT]
ZFA:0009196	hypodermal cell	cell	5	ZFA:0009039		ZFS:0000000	ZFS:0000044	hypodermal cells [EXACT]
ZFA:0009198	xanthophore	cell	4	ZFA:0009090	ZFA:0000368	ZFS:0000032	ZFS:0000044	
ZFA:0009199	iridophore	cell	4	ZFA:0009090	ZFA:0000368;ZFA:0005914;ZFA:0005916	ZFS:0000032	ZFS:0000044	iridocyte [RELATED] | iridosome [RELATED]
ZFA:0009200	reticular cell	cell	4	ZFA:0009026		ZFS:0000000	ZFS:0000044	reticular cells [EXACT]
ZFA:0009201	alkali secreting cell	cell	3	ZFA:0009000		ZFS:0000000	ZFS:0000044	alkali secreting cells [EXACT]
ZFA:0009202	follicle stimulating hormone secreting cell	cell	4	ZFA:0009100	ZFA:0005581	ZFS:0000000	ZFS:0000044	delta basophil [EXACT] | gonadotrope [EXACT] | gonadotroph [EXACT]
ZFA:0009203	luteinizing hormone secreting cell	cell	4	ZFA:0009100	ZFA:0005581	ZFS:0000000	ZFS:0000044	delta basophila [EXACT] | gonadotrope [EXACT] | gonadotroph [RELATED]
ZFA:0009204	prolactin secreting cell	cell	4	ZFA:0009100	ZFA:0005580	ZFS:0000035	ZFS:0000044	epsilon-acidophil [EXACT] | lactotrope [EXACT] | lactotroph [EXACT] | lactotropic cell [EXACT] | mammotrope [EXACT] | mammotroph [EXACT] | mammotrophic cell [EXACT] | mammotropic cell [EXACT]
ZFA:0009205	melanocyte stimulating hormone secreting cell	cell	4	ZFA:0009100	ZFA:0001197	ZFS:0000027	ZFS:0000044	melanotrope [EXACT] | melanotroph [EXACT]
ZFA:0009206	calcitonin secreting cell	cell	5	ZFA:0009100		ZFS:0000000	ZFS:0000044	calcitonin secreting cells [EXACT]
ZFA:0009207	parathyroid hormone secreting cell	cell	5	ZFA:0009100		ZFS:0000000	ZFS:0000044	chief cell [EXACT]
ZFA:0009209	dendritic cell	cell	6	ZFA:0009088		ZFS:0000000	ZFS:0000044	interdigitating cell [RELATED] | veiled cell [RELATED]
ZFA:0009210	thyroid hormone secreting cell	cell	4	ZFA:0009096		ZFS:0000000	ZFS:0000044	thyroid hormone secreting cells [EXACT]
ZFA:0009211	epinephrin secreting cell	cell	5	ZFA:0009212		ZFS:0000000	ZFS:0000044	epinephrin secreting cells [EXACT]
ZFA:0009212	biogenic amine secreting cell	cell	4	ZFA:0009096		ZFS:0000000	ZFS:0000044	biogenic amine secreting cells [EXACT]
ZFA:0009213	serotonin secreting cell	cell	5	ZFA:0009212		ZFS:0000000	ZFS:0000044	serotin secreting cells [EXACT]
ZFA:0009214	norepinephrine secreting cell	cell	5	ZFA:0009212		ZFS:0000000	ZFS:0000044	 noradrenergic cell [EXACT] | norepinephrin secreting cells [EXACT]
ZFA:0009215	glucocorticoid secreting cell	cell	5	ZFA:0009106		ZFS:0000000	ZFS:0000044	glucocorticoid secreting cells [EXACT]
ZFA:0009216	adrenocorticotropic hormone secreting cell	cell	4	ZFA:0009100	ZFA:0005580	ZFS:0000035	ZFS:0000044	adrenocorticotrophic hormone secreting cell [RELATED] | corticotrope [EXACT] | corticotroph [EXACT] | corticotrophin hormone secreting cell [RELATED] | corticotropin hormone secreting cell [EXACT]
ZFA:0009217	digestive enzyme secreting cell	cell	3	ZFA:0009000	ZFA:0000339	ZFS:0000025	ZFS:0000044	digestive enzyme secreting cells [EXACT]
ZFA:0009218	thyroid stimulating hormone secreting cell	cell	4	ZFA:0009100	ZFA:0005581	ZFS:0000033	ZFS:0000044	beta-basophil [EXACT] | thyrotrope [EXACT] | thyrotroph [EXACT]
ZFA:0009219	visible light photoreceptor cell	cell	8	ZFA:0009127		ZFS:0000000	ZFS:0000044	visible light photoreceptor cells [EXACT]
ZFA:0009220	photopic photoreceptor cell	cell	9	ZFA:0009219		ZFS:0000000	ZFS:0000044	photopic photoreceptor cells [EXACT]
ZFA:0009221	UV sensitive photoreceptor cell	cell	8	ZFA:0009127		ZFS:0000000	ZFS:0000044	UV sensitive photoreceptor cells [EXACT]
ZFA:0009222	blue sensitive photoreceptor cell	cell	10	ZFA:0009220		ZFS:0000000	ZFS:0000044	blue sensitive photoreceptor cells [EXACT]
ZFA:0009223	green sensitive photoreceptor cell	cell	10	ZFA:0009220		ZFS:0000000	ZFS:0000044	green sensitive photoreceptor cells [EXACT]
ZFA:0009224	red sensitive photoreceptor cell	cell	10	ZFA:0009220		ZFS:0000000	ZFS:0000044	red sensitive photoreceptor cells [EXACT]
ZFA:0009225	inhibitory interneuron	cell	7	ZFA:0009051		ZFS:0000000	ZFS:0000044	inhibitory interneurons [EXACT]
ZFA:0009226	stromal cell	cell	3	ZFA:0009000		ZFS:0000000	ZFS:0000044	stromal cells [EXACT]
ZFA:0009227	granulosa cell	cell	5	ZFA:0009106		ZFS:0000000	ZFS:0000044	granulosa cells [EXACT]
ZFA:0009228	D cell	cell	5	ZFA:0009097;ZFA:0009105	ZFA:0000339	ZFS:0000025	ZFS:0000044	D cells [EXACT]
ZFA:0009229	theca cell	cell	4	ZFA:0009226;ZFA:0009271		ZFS:0000000	ZFS:0000044	theca cells [EXACT]
ZFA:0009230	substance P secreting cell	cell	5	ZFA:0009100		ZFS:0000000	ZFS:0000044	substance P secreting cells [EXACT]
ZFA:0009231	enkephalin secreting cell	cell	6	ZFA:0009232		ZFS:0000000	ZFS:0000044	enkephalin secreting cells [EXACT]
ZFA:0009232	endorphin secreting cell	cell	5	ZFA:0009100		ZFS:0000000	ZFS:0000044	endorphin secreting cells [EXACT]
ZFA:0009233	paracrine cell	cell	3	ZFA:0009000		ZFS:0000000	ZFS:0000044	paracrine cells [EXACT]
ZFA:0009234	cardiac muscle myoblast	cell	4	ZFA:0009025		ZFS:0000000	ZFS:0000044	cardioblast [RELATED]
ZFA:0009235	smooth muscle myoblast	cell	4	ZFA:0009025		ZFS:0000000	ZFS:0000044	satellite cell [RELATED]
ZFA:0009236	skeletal muscle myoblast	cell	4	ZFA:0009025		ZFS:0000000	ZFS:0000044	skeletal muscle myoblasts [EXACT]
ZFA:0009237	perineuronal satellite cell	cell	5	ZFA:0009147		ZFS:0000000	ZFS:0000044	perineural satellite cell [EXACT]
ZFA:0009238	afferent neuron	cell	4	ZFA:0009009;ZFA:0009248		ZFS:0000000	ZFS:0000044	input neuron [EXACT]
ZFA:0009239	efferent neuron	cell	4	ZFA:0009009;ZFA:0009248		ZFS:0000000	ZFS:0000044	output neuron [EXACT]
ZFA:0009240	nitrergic neuron	cell	6	ZFA:0009248		ZFS:0000000	ZFS:0000044	nitrergic neurons [EXACT]
ZFA:0009241	pigmented epithelial cell	cell	5	ZFA:0009038		ZFS:0000000	ZFS:0000044	pigmented epithelial cells [EXACT]
ZFA:0009242	primary neuron	cell	4	ZFA:0009248	ZFA:0001120	ZFS:0000023	ZFS:0000038	
ZFA:0009243	CaP motoneuron	cell	6	ZFA:0009244		ZFS:0000000	ZFS:0000044	CAP motoneurons [EXACT] | caudal primary motoneuron [EXACT]
ZFA:0009244	primary motor neuron	cell	5	ZFA:0009052;ZFA:0009242		ZFS:0000023	ZFS:0000000	primary motoneuron [EXACT]
ZFA:0009245	primary interneuron	cell	5	ZFA:0009051;ZFA:0009242		ZFS:0000025	ZFS:0000029	
ZFA:0009246	secondary neuron	cell	6	ZFA:0009248		ZFS:0000000	ZFS:0000044	secondary neurons [EXACT]
ZFA:0009247	secondary motor neuron	cell	6	ZFA:0009052;ZFA:0009246		ZFS:0000028	ZFS:0000043	secondary motoneuron [EXACT]
ZFA:0009248	neuron	cell	5	ZFA:0009190;ZFA:0009193	ZFA:0000396	ZFS:0000023	ZFS:0000044	
ZFA:0009249	melanoblast	cell	3	ZFA:0009000		ZFS:0000025	ZFS:0000000	melanoblasts [EXACT]
ZFA:0009250	lymphocyte	cell	6	ZFA:0009357		ZFS:0000000	ZFS:0000044	lymphocytes [EXACT]
ZFA:0009251	granulocyte monocyte progenitor cell	cell	4	ZFA:0005830		ZFS:0000000	ZFS:0000044	CFU-C , Colony forming unit in culture [RELATED] | colony forming unit granulocyte macrophage [EXACT] | GMP [EXACT] | granulocyte-macrophage progenitor [EXACT]
ZFA:0009252	reticulocyte	cell	4	ZFA:0009044;ZFA:0009325		ZFS:0000000	ZFS:0000044	reticulocytes [EXACT]
ZFA:0009253	promonocyte	cell	5	ZFA:0009356		ZFS:0000000	ZFS:0000044	promonocytes [EXACT]
ZFA:0009254	band form neutrophil	cell	9	ZFA:0009328		ZFS:0000000	ZFS:0000044	band [RELATED] | band cell [EXACT] | band form [EXACT] | rod neutrophil [EXACT] | stab cell [EXACT]
ZFA:0009255	amacrine cell	cell	4	ZFA:0009051	ZFA:0000119	ZFS:0000000	ZFS:0000044	amacrine neuron [EXACT]
ZFA:0009256	nucleate erythrocyte	cell	4	ZFA:0009044		ZFS:0000000	ZFS:0000044	RBC [EXACT] | red blood cell [EXACT]
ZFA:0009257	neutrophilic promyelocyte	cell	3	ZFA:0009000		ZFS:0000000	ZFS:0000044	neutrophilic premyelocyte [EXACT] | neutrophilic progranulocyte [EXACT] | promyelocyte [EXACT]
ZFA:0009258	angioblastic mesenchymal cell	cell	6	ZFA:0009020		ZFS:0000000	ZFS:0000044	angioblast [EXACT]
ZFA:0009259	cardiac mesenchymal cell	cell	3	ZFA:0009000		ZFS:0000000	ZFS:0000044	cardiac mesenchymal cells [EXACT]
ZFA:0009260	parafollicular cell	cell	3	ZFA:0009000		ZFS:0000000	ZFS:0000044	C cell [EXACT]
ZFA:0009261	leucophore	cell	4	ZFA:0009090	ZFA:0000368	ZFS:0000000	ZFS:0000044	guaninophores [RELATED] | guanophore [RELATED]
ZFA:0009262	retinal cone cell	cell	5	ZFA:0009154		ZFS:0000000	ZFS:0000044	retinal cone cells [EXACT]
ZFA:0009263	erythrophore	cell	4	ZFA:0009090	ZFA:0000368	ZFS:0000000	ZFS:0000044	erythrophores [EXACT]
ZFA:0009264	corneal epithelial cell	cell	5	ZFA:0009039		ZFS:0000000	ZFS:0000044	corneal epithelial cells [EXACT]
ZFA:0009265	monocyte	cell	6	ZFA:0009064;ZFA:0009088		ZFS:0000000	ZFS:0000044	monocytes [EXACT]
ZFA:0009266	neutrophilic myelocyte	cell	9	ZFA:0009328		ZFS:0000000	ZFS:0000044	neutrophilic myelocytes [EXACT]
ZFA:0009267	peritoneal macrophage	cell	6	ZFA:0009141		ZFS:0000000	ZFS:0000044	peritoneal macrophages [EXACT]
ZFA:0009268	neutrophilic metamyelocyte	cell	9	ZFA:0009328		ZFS:0000000	ZFS:0000044	juvenile neutrophil [EXACT]
ZFA:0009269	enterocyte	cell	5	ZFA:0009143	ZFA:0005124	ZFS:0000000	ZFS:0000044	enterocytes [EXACT]
ZFA:0009270	odontoclast	cell	4	ZFA:0009047		ZFS:0000000	ZFS:0000044	odontoclasts [EXACT]
ZFA:0009271	androgen secreting cell	cell	5	ZFA:0009106		ZFS:0000000	ZFS:0000044	androgen secreting cells [EXACT]
ZFA:0009272	skeletal muscle satellite cell	cell	5	ZFA:0009236		ZFS:0000000	ZFS:0000044	skeletal muscle satellite cells [EXACT]
ZFA:0009273	pyramidal cell	cell	7	ZFA:0009067		ZFS:0000000	ZFS:0000044	pyramidal cells [EXACT]
ZFA:0009274	pressoreceptor cell	cell	8	ZFA:0009370		ZFS:0000000	ZFS:0000044	pressoreceptor cells [EXACT]
ZFA:0009275	retinal rod cell	cell	5	ZFA:0009154		ZFS:0000000	ZFS:0000044	retinal rod cells [EXACT]
ZFA:0009276	GABAergic neuron	cell	6	ZFA:0009248		ZFS:0000000	ZFS:0000044	GABAergic neurons [EXACT]
ZFA:0009277	acinar cell	cell	3	ZFA:0009000		ZFS:0000000	ZFS:0000044	acinar cells [EXACT]
ZFA:0009278	natural killer cell	cell	7	ZFA:0009250		ZFS:0000000	ZFS:0000044	large granular lymphocyte [RELATED] | NK cell [EXACT] | null cell [RELATED]
ZFA:0009279	ito cell	cell	5	ZFA:0009162		ZFS:0000000	ZFS:0000044	hepatic stellate cell [EXACT] | perisinusoidal cell [EXACT]
ZFA:0009280	Muller cell	cell	4	ZFA:0009075	ZFA:0000119	ZFS:0000000	ZFS:0000044	Mueller cell [EXACT] | Muller cells [EXACT]
ZFA:0009281	folliculostellate cell	cell	4	ZFA:0009096	ZFA:0000118	ZFS:0000027	ZFS:0000044	folliculostellate cells [EXACT]
ZFA:0009282	Bergmann glial cell	cell	7	ZFA:0009075		ZFS:0000000	ZFS:0000044	Bergmann glial cells [EXACT]
ZFA:0009283	mesangial cell	cell	3	ZFA:0009000		ZFS:0000000	ZFS:0000044	mesangial cells [EXACT]
ZFA:0009284	pinealocyte	cell	4	ZFA:0009096	ZFA:0000019	ZFS:0000025	ZFS:0000044	pinealocytes [EXACT]
ZFA:0009285	podocyte	cell	4	ZFA:0009034	ZFA:0000163	ZFS:0000025	ZFS:0000044	podocytes [EXACT]
ZFA:0009286	fenestrated cell	cell	4	ZFA:0009034		ZFS:0000000	ZFS:0000044	window cell [EXACT]
ZFA:0009287	collagen secreting cell	cell	5	ZFA:0009162		ZFS:0000000	ZFS:0000044	collagen secreting cells [EXACT]
ZFA:0009288	primordial germ cell	cell	4	ZFA:0009016;ZFA:0009136	ZFA:0000632	ZFS:0000014	ZFS:0000000	PGC [EXACT]
ZFA:0009289	gut absorptive cell	cell	4	ZFA:0009129	ZFA:0000112	ZFS:0000025	ZFS:0000044	gut absorptive cells [EXACT]
ZFA:0009290	glutamatergic neuron	cell	6	ZFA:0009248		ZFS:0000000	ZFS:0000044	glutamatergic neurons [EXACT]
ZFA:0009291	muscle precursor cell	cell	3	ZFA:0009000		ZFS:0000020	ZFS:0000000	muscle precursor cells [EXACT]
ZFA:0009292	radial glial cell	cell	9	ZFA:0009168		ZFS:0000029	ZFS:0000000	radial glial cells [EXACT]
ZFA:0009293	M cell	cell	4	ZFA:0009034		ZFS:0000000	ZFS:0000044	M cells [EXACT]
ZFA:0009294	ependymoglial cell	cell	7	ZFA:0009075		ZFS:0000000	ZFS:0000044	ependymoglial cells [EXACT]
ZFA:0009295	cerebrospinal fluid secreting cell	cell	5	ZFA:0009038		ZFS:0000000	ZFS:0000044	cerebrospinal fluid secreting cells [EXACT]
ZFA:0009296	perijunctional fibroblast	cell	4	ZFA:0009026		ZFS:0000000	ZFS:0000044	perijunctional fibroblasts [EXACT]
ZFA:0009297	stellate interneuron	cell	7	ZFA:0009051		ZFS:0000000	ZFS:0000044	stellate interneurons [EXACT]
ZFA:0009298	terminal Schwann cell	cell	3	ZFA:0009000	ZFA:0000142	ZFS:0000000	ZFS:0000044	terminal Schwann cells [EXACT]
ZFA:0009299	neuroglioform cell	cell	8	ZFA:0009297		ZFS:0000000	ZFS:0000044	spiderweb cell [EXACT]
ZFA:0009300	Cajal-Retzius cell	cell	7	ZFA:0009067		ZFS:0000000	ZFS:0000044	Cajal-Retzius cells [EXACT]
ZFA:0009301	dopaminergic neuron	cell	6	ZFA:0009248		ZFS:0000000	ZFS:0000044	dopaminergic neurons [EXACT]
ZFA:0009302	sustentacular cell	cell	3	ZFA:0009000		ZFS:0000000	ZFS:0000044	sustentacular cells [EXACT]
ZFA:0009303	endothelial tip cell	cell	6	ZFA:0009036		ZFS:0000000	ZFS:0000044	endothelial tip cells [EXACT]
ZFA:0009304	choroid plexus epithelial cell	cell	6	ZFA:0009033	ZFA:0001443	ZFS:0000000	ZFS:0000044	choroid plexus epithelial cells [EXACT]
ZFA:0009305	leptomeningeal cell	cell	5	ZFA:0009162		ZFS:0000000	ZFS:0000044	leptomemingeal cell [RELATED] | leptomeningeal cells [EXACT]
ZFA:0009306	neuroepithelial cell	cell	3	ZFA:0009000		ZFS:0000000	ZFS:0000044	neuroepithelial cells [EXACT]
ZFA:0009307	somatic stem cell	cell	4	ZFA:0005957		ZFS:0000000	ZFS:0000044	somatic stem cells [EXACT]
ZFA:0009308	urothelial cell	cell	4	ZFA:0009034		ZFS:0000000	ZFS:0000044	urothelial cells [EXACT]
ZFA:0009309	leukocyte	cell	4	ZFA:0005830;ZFA:0009136	ZFA:0001159	ZFS:0000000	ZFS:0000044	immune cell [EXACT] | leucocyte [EXACT] | white blood cell [EXACT]
ZFA:0009310	retinal ganglion cell	cell	4	ZFA:0009067	ZFA:0000024	ZFS:0000000	ZFS:0000044	gangliocyte [EXACT] | RGC [EXACT]
ZFA:0009311	spinal accessory motor neuron	cell	6	ZFA:0009052		ZFS:0000000	ZFS:0000044	SACMN [EXACT]
ZFA:0009312	periarticular chondrocyte	cell	6	ZFA:0009084		ZFS:0000000	ZFS:0000044	periarticular chondrocytes [EXACT]
ZFA:0009313	hypertrophic chondrocyte	cell	6	ZFA:0009084		ZFS:0000000	ZFS:0000044	hypertrophic chondrocytes [EXACT]
ZFA:0009314	columnar chondrocyte	cell	6	ZFA:0009084		ZFS:0000000	ZFS:0000044	columnar chondrocytes [EXACT]
ZFA:0009315	horizontal cell	cell	4	ZFA:0009051	ZFA:0000119	ZFS:0000000	ZFS:0000044	horizontal cells [EXACT]
ZFA:0009316	cardiac muscle cell	cell	5	ZFA:0005784	ZFA:0001319;ZFA:0005280	ZFS:0000000	ZFS:0000044	cardiac muscle cells [EXACT] | cardiac myocyte [EXACT] | cardiomyocyte [EXACT]
ZFA:0009317	cyanophore	cell	4	ZFA:0009090	ZFA:0000368	ZFS:0000000	ZFS:0000044	blue chromatophore [EXACT]
ZFA:0009318	retinal bipolar neuron	cell	5	ZFA:0009055		ZFS:0000000	ZFS:0000044	
ZFA:0009319	ON-bipolar cell	cell	6	ZFA:0009318		ZFS:0000000	ZFS:0000044	ON-bipolar cells [EXACT]
ZFA:0009320	OFF-bipolar cell	cell	6	ZFA:0009318		ZFS:0000000	ZFS:0000044	OFF-bipolar cells [EXACT]
ZFA:0009321	rod bipolar cell	cell	7	ZFA:0009319		ZFS:0000000	ZFS:0000044	rod bipolar cells [EXACT]
ZFA:0009322	cone retinal bipolar cell	cell	6	ZFA:0009318		ZFS:0000000	ZFS:0000044	cone retinal bipolar cells [EXACT]
ZFA:0009323	thrombocyte	cell	4	ZFA:0009044;ZFA:0009324		ZFS:0000000	ZFS:0000044	thrombocytes [EXACT]
ZFA:0009324	myeloid cell	cell	4	ZFA:0005830		ZFS:0000000	ZFS:0000044	myeloid cells [EXACT]
ZFA:0009325	erythroid lineage cell	cell	5	ZFA:0009324		ZFS:0000000	ZFS:0000044	erythroid lineage cells [EXACT]
ZFA:0009326	myeloid leukocyte	cell	5	ZFA:0009309;ZFA:0009324		ZFS:0000000	ZFS:0000044	myeloid leukocytes [EXACT]
ZFA:0009327	neutrophil	cell	7	ZFA:0009048		ZFS:0000000	ZFS:0000044	neutrocyte [EXACT] | neutrophil leucocyte [EXACT] | neutrophil leukocyte [EXACT] | neutrophilic leucocyte [EXACT] | neutrophilic leukocyte [EXACT] | PMN [RELATED] | polymorphonuclear leucocyte [RELATED] | polymorphonuclear leukocyte [RELATED] | polymorphonuclear neutrophil [RELATED] | polynuclear neutrophilic leucocyte [RELATED] | polynuclear neutrophilic leukocyte [RELATED]
ZFA:0009328	immature neutrophil	cell	8	ZFA:0009327		ZFS:0000000	ZFS:0000044	immature neutrocyte [EXACT] | immature neutrophil leucocyte [EXACT] | immature neutrophil leukocyte [EXACT] | immature neutrophilic leucocyte [EXACT]
ZFA:0009329	mononuclear osteoclast	cell	4	ZFA:0009047;ZFA:0009064		ZFS:0000000	ZFS:0000044	mononuclear osteoclasts [EXACT]
ZFA:0009330	mononuclear odontoclast	cell	5	ZFA:0009270;ZFA:0009329		ZFS:0000000	ZFS:0000044	mononuclear odontoclasts [EXACT]
ZFA:0009331	mature B cell	cell	6	ZFA:0009088;ZFA:0009142		ZFS:0000000	ZFS:0000044	mature B lymphocyte [EXACT] | mature B-cell [EXACT] | mature B-lymphocyte [EXACT]
ZFA:0009332	plasma cell	cell	7	ZFA:0009250		ZFS:0000000	ZFS:0000044	plasmacyte [EXACT]
ZFA:0009333	memory B cell	cell	7	ZFA:0009331		ZFS:0000000	ZFS:0000044	memory B lymphocyte [EXACT] | memory B-cell [EXACT] | memory B-lymphocyte [EXACT]
ZFA:0009334	naive B cell	cell	7	ZFA:0009331		ZFS:0000000	ZFS:0000044	naive B lymphocyte [EXACT] | naive B-cell [EXACT] | naive B-lymphocyte [EXACT]
ZFA:0009335	alpha-beta T cell	cell	8	ZFA:0009046		ZFS:0000000	ZFS:0000044	alpha-beta T lymphocyte [EXACT] | alpha-beta T-cell [EXACT] | alpha-beta T-lymphocyte [EXACT]
ZFA:0009336	gamma-delta T cell	cell	8	ZFA:0009046		ZFS:0000000	ZFS:0000044	gamma-delta T lymphocyte [EXACT] | gamma-delta T-cell [EXACT] | gamma-delta T-lymphocyte [EXACT]
ZFA:0009337	immature gamma-delta T cell	cell	9	ZFA:0009336		ZFS:0000000	ZFS:0000044	immature gamma-delta T lymphocyte [EXACT] | immature gamma-delta T-cell [EXACT] | immature gamma-delta T-lymphocyte [EXACT]
ZFA:0009338	mature gamma-delta T cell	cell	9	ZFA:0009336		ZFS:0000000	ZFS:0000044	mature gamma-delta T lymphocyte [EXACT] | mature gamma-delta T-cell [EXACT] | mature gamma-delta T-lymphocyte [EXACT]
ZFA:0009339	gamma-delta intraepithelial T cell	cell	10	ZFA:0009338		ZFS:0000000	ZFS:0000044	gamma-delta intraepithelial T lymphocyte [EXACT] | gamma-delta intraepithelial T-cell [EXACT] | gamma-delta intraepithelial T-lymphocyte [EXACT] | IEL [RELATED] | intraepithelial lymphocyte [RELATED]
ZFA:0009342	memory T cell	cell	8	ZFA:0009046		ZFS:0000000	ZFS:0000044	memory T lymphocyte [EXACT] | memory T-cell [EXACT] | memory T-lymphocyte [EXACT]
ZFA:0009343	immature B cell	cell	9	ZFA:0009344		ZFS:0000000	ZFS:0000044	immature B lymphocyte [EXACT] | immature B-cell [EXACT] | immature B-lymphocyte [EXACT] | newly formed B Cell [EXACT]
ZFA:0009344	precursor B cell	cell	8	ZFA:0009142		ZFS:0000000	ZFS:0000044	pre-B lymphocyte [EXACT]
ZFA:0009345	transitional stage B cell	cell	8	ZFA:0009142		ZFS:0000000	ZFS:0000044	T1 B cell [RELATED] | T2 B cell [RELATED] | T3 B cell [RELATED] | transitional stage B lymphocyte [EXACT] | transitional stage B-cell [EXACT] | transitional stage B-lymphocyte [EXACT]
ZFA:0009346	immature natural killer cell	cell	8	ZFA:0009278		ZFS:0000000	ZFS:0000044	immature NK cell  [EXACT] | p-NK [RELATED]
ZFA:0009347	mature natural killer cell	cell	8	ZFA:0009278		ZFS:0000000	ZFS:0000044	LAK cell [RELATED] | lymphokine activated killer cell [RELATED] | mature NK cell [EXACT]
ZFA:0009348	pro-NK cell	cell	5	ZFA:0009355		ZFS:0000000	ZFS:0000044	natural killer cell progenitor [EXACT] | NKP [EXACT] | null cell [RELATED] | preNK cell [RELATED] | pro-natural killer cell [EXACT]
ZFA:0009349	pro-B cell	cell	5	ZFA:0009355		ZFS:0000000	ZFS:0000044	pro-B lymphocyte [EXACT] | pro-B-cell [EXACT] | pro-B-lymphocyte [EXACT] | progenitor B cell [EXACT]
ZFA:0009350	pro-T cell	cell	4	ZFA:0009355	ZFA:0001078	ZFS:0000035	ZFS:0000044	DN1 cell [RELATED] | DN1 thymocyte [RELATED] | pro-T lymphocyte [EXACT] | TN1 cell [RELATED]
ZFA:0009351	thromboblast	cell	5	ZFA:0009356		ZFS:0000000	ZFS:0000044	thromboblasts [EXACT]
ZFA:0009352	neutrophil progenitor cell	cell	5	ZFA:0009356		ZFS:0000000	ZFS:0000044	neutrophil stem cell [RELATED]
ZFA:0009353	myeloblast	cell	5	ZFA:0009356		ZFS:0000000	ZFS:0000044	myeloblasts [EXACT]
ZFA:0009354	hematopoietic multipotent progenitor cell	cell	4	ZFA:0005830		ZFS:0000000	ZFS:0000044	hematopoietic progenitor cell [EXACT] | hemopoietic progenitor cell [EXACT]
ZFA:0009355	lymphoid progenitor cell	cell	4	ZFA:0005830		ZFS:0000000	ZFS:0000044	lymphoid progenitor cells [EXACT]
ZFA:0009356	myeloid lineage restricted progenitor cell	cell	4	ZFA:0005830		ZFS:0000000	ZFS:0000044	myeloid progenitor cell [RELATED] | myeloid progenitor cells [EXACT]
ZFA:0009357	mononuclear cell	cell	5	ZFA:0009309		ZFS:0000000	ZFS:0000044	mononuclear cells [EXACT]
ZFA:0009358	ciliated olfactory receptor neuron	cell	7	ZFA:0009125		ZFS:0000000	ZFS:0000044	ciliated olfactory sensory neuron [EXACT] | ciliated sensory neuron [EXACT]
ZFA:0009359	microvillous olfactory receptor neuron	cell	7	ZFA:0009125		ZFS:0000000	ZFS:0000044	microvillous olfactory sensory neuron [EXACT] | microvillous sensory neuron [RELATED]
ZFA:0009360	crypt olfactory receptor neuron	cell	7	ZFA:0009125		ZFS:0000000	ZFS:0000044	crypt cell [EXACT] | crypt olfactory sensory neuron [EXACT] | crypt sensory neuron [EXACT]
ZFA:0009361	serotonergic neuron	cell	6	ZFA:0009248		ZFS:0000000	ZFS:0000044	5-HT neuron [EXACT] | 5-hydroxytryptamine neuron [EXACT] | serotinergic neuron [RELATED] | serotinergic neurons [RELATED]
ZFA:0009362	neuromast mantle cell	cell	3	ZFA:0009000	ZFA:0000243	ZFS:0000029	ZFS:0000044	neuromast mantle cells [EXACT]
ZFA:0009363	neuromast support cell	cell	3	ZFA:0009000	ZFA:0000243	ZFS:0000029	ZFS:0000044	neuromast support cells [EXACT]
ZFA:0009364	olfactory epithelial support cell	cell	3	ZFA:0009000		ZFS:0000000	ZFS:0000044	olfactory sustentacular cell [EXACT]
ZFA:0009365	interneuromast cell	cell	4	ZFA:0009080	ZFA:0000034	ZFS:0000029	ZFS:0000000	interneuromast cells [EXACT]
ZFA:0009366	hair cell	cell	8	ZFA:0009120		ZFS:0000000	ZFS:0000044	hair cells [EXACT]
ZFA:0009367	neuromast hair cell	cell	5	ZFA:0009366	ZFA:0000243	ZFS:0000000	ZFS:0000044	neuromast hair cells [EXACT]
ZFA:0009368	slow muscle myoblast	cell	5	ZFA:0009236		ZFS:0000000	ZFS:0000044	slow muscle myoblasts [EXACT]
ZFA:0009369	fast muscle myoblast	cell	5	ZFA:0009236		ZFS:0000000	ZFS:0000044	fast muscle myoblasts [EXACT]
ZFA:0009370	stretch receptor cell	cell	7	ZFA:0009001		ZFS:0000000	ZFS:0000044	stretch receptor cells [EXACT]
ZFA:0009371	stratified keratinized epithelial stem cell	cell	4	ZFA:0009180		ZFS:0000000	ZFS:0000044	stratified keratinized epithelial stem cells [EXACT]
ZFA:0009372	duct epithelial cell	cell	4	ZFA:0009034	ZFA:0005171	ZFS:0000000	ZFS:0000044	
ZFA:0009374	kidney epithelial cell	cell	4	ZFA:0009034;ZFA:0009389		ZFS:0000000	ZFS:0000044	
ZFA:0009375	renal intercalated cell	cell	5	ZFA:0009038;ZFA:0009374;ZFA:0009388		ZFS:0000000	ZFS:0000044	intercalated cell [EXACT]
ZFA:0009376	renal alpha-intercalated cell	cell	6	ZFA:0009375		ZFS:0000000	ZFS:0000044	
ZFA:0009379	intrahepatic bile duct epithelial cell	cell	5	ZFA:0009372	ZFA:0005169	ZFS:0000035	ZFS:0000044	
ZFA:0009380	pancreatic ductal cell	cell	5	ZFA:0009372	ZFA:0001372	ZFS:0000032	ZFS:0000044	
ZFA:0009383	endo-epithelial cell	cell	4	ZFA:0009034		ZFS:0000000	ZFS:0000044	
ZFA:0009384	neurecto-epithelial cell	cell	5	ZFA:0009038;ZFA:0009385		ZFS:0000000	ZFS:0000044	neuroepithelial cell [BROAD]
ZFA:0009385	ecto-epithelial cell	cell	4	ZFA:0009034;ZFA:0009386		ZFS:0000000	ZFS:0000044	
ZFA:0009386	somatic cell	cell	3	ZFA:0009000		ZFS:0000000	ZFS:0000044	
ZFA:0009387	supportive cell	cell	3	ZFA:0009000		ZFS:0000000	ZFS:0000044	
ZFA:0009388	meso-epithelial cell	cell	4	ZFA:0009034;ZFA:0009386		ZFS:0000000	ZFS:0000044	epithelial mesenchymal cell [EXACT]
ZFA:0009389	kidney cell	cell	4	ZFA:0009386	ZFA:0000529	ZFS:0000037	ZFS:0000044	
ZFA:0009390	kidney interstitial cell	cell	5	ZFA:0009389;ZFA:0009392		ZFS:0000000	ZFS:0000044	
ZFA:0009391	kidney medulla cell	cell	5	ZFA:0009389		ZFS:0000000	ZFS:0000044	
ZFA:0009392	connective tissue cell	cell	4	ZFA:0009386		ZFS:0000000	ZFS:0000044	
ZFA:0009393	lymphangioblast	cell	6	ZFA:0009020		ZFS:0000000	ZFS:0000044	
ZFA:0009394	mesenchymal lymphangioblast	cell	4	ZFA:0009081;ZFA:0009393		ZFS:0000000	ZFS:0000044	
ZFA:0009395	vascular lymphangioblast	cell	7	ZFA:0009393		ZFS:0000000	ZFS:0000044	parachordal lymphangioblast [NARROW]
ZFA:0009396	glycinergic neuron	cell	6	ZFA:0009248		ZFS:0000000	ZFS:0000044	
ZFA:0009397	cholangiocyte	cell	5	ZFA:0009372		ZFS:0000000	ZFS:0000044	bile duct cells [RELATED] | epithelial cell of bile duct [EXACT]
ZFA:0009398	hepatoblast	cell	6	ZFA:0009020		ZFS:0000029	ZFS:0000000	
ZFA:0009399	intestinal epithelial cell	cell	5	ZFA:0009383	ZFA:0001338	ZFS:0000030	ZFS:0000044	
ZFA:0009400	epithelial cell of esophagus	cell	4	ZFA:0009383	ZFA:0000204	ZFS:0000030	ZFS:0000044	
ZFA:0009401	lens fiber cell	cell	3	ZFA:0009000	ZFA:0000035	ZFS:0000000	ZFS:0000044	
ZFA:0009402	heart valve cell	cell	3	ZFA:0009000	ZFA:0005065	ZFS:0000000	ZFS:0000044	
ZFA:0009403	heart valve interstitial cell	cell	4	ZFA:0009402		ZFS:0000000	ZFS:0000044	VIC [RELATED]
ZFA:0009404	heart valve endothelial cell	cell	4	ZFA:0009402		ZFS:0000000	ZFS:0000044	heart valve endocardial cell [EXACT] | VEC [RELATED]
ZFA:0100000	zebrafish anatomical entity	structure	0					
